variable;code;vintage
;Macro-Meuro2015-ConsumptionExpenditure;
;Macro-number-Population;
;NUM-number-Res-HH;
Stock|Residential;SurfaceArea-ksqm-Res-HH;
;NUM-number-Res-HHnew;
;SurfaceArea-ksqm-Res-HHnew;
;HDD-Celsius-Actual;
;HDD-Celsius-Mean;
;HDD-ratio-Relative;
FE|Residential;FEC-ktoe-ES-Res;
FE|Residential|Coal;FEC-ktoe-ES-Res-Solids;
FE|Residential|Liquids;FEC-ktoe-ES-Res-LPG;
FE|Residential|Liquids;FEC-ktoe-ES-Res-Oil;
FE|Residential|Gases;FEC-ktoe-ES-Res-NG;
FE|Residential|Biomass;FEC-ktoe-ES-Res-Biomass_Waste;
FE|Residential|Gases;FEC-ktoe-ES-Res-Biogas;
FE|Residential|Liquids;FEC-ktoe-ES-Res-LiqBio;
;FEC-ktoe-ES-Res-Solar;
;FEC-ktoe-ES-Res-Geo;
FE|Residential|Ambient heat;FEC-ktoe-ES-Res-Ambient;
FE|Residential|Heat;FEC-ktoe-ES-Res-Steam_Distr;
FE|Residential|Electricity;FEC-ktoe-ES-Res-Elec;
;FEC-ktoe-Res-HH;
;FEC-ktoe-Res-HH-Thermal;
FE|Residential|Space heating;FEC-ktoe-Res-HH-Thermal-SH;
FE|Residential|Space cooling;FEC-ktoe-Res-HH-Thermal-SC;
FE|Residential|Water heating;FEC-ktoe-Res-HH-Thermal-WH;
FE|Residential|Cooking;FEC-ktoe-Res-HH-Thermal-CO;
FE|Residential|Appliances and lighting;FEC-ktoe-Res-HH-Appl;
Emi|CO2|Residential;EMI-ktCO2-ES-Res;
Emi|CO2|Residential|Coal;EMI-ktCO2-ES-Res-Solids;
Emi|CO2|Residential|Liquids;EMI-ktCO2-ES-Res-LPG;
;EMI-ktCO2-ES-Res-Oil;
Emi|CO2|Residential|Gases;EMI-ktCO2-ES-Res-NG;
Emi|CO2|Residential|Biomass;EMI-ktCO2-ES-Res-Biomass_Waste;
Emi|CO2|Residential|Gases;EMI-ktCO2-ES-Res-Biogas;
Emi|CO2|Residential|Liquids;EMI-ktCO2-ES-Res-LiqBio;
;EMI-ktCO2-ES-Res-Solar;
;EMI-ktCO2-ES-Res-Geo;
Emi|CO2|Residential|Ambient heat;EMI-ktCO2-ES-Res-Ambient;
Emi|CO2|Residential|Heat;EMI-ktCO2-ES-Res-Steam_Distr;
Emi|CO2|Residential|Electricity;EMI-ktCO2-ES-Res-Elec;
;EMI-ktCO2-Res-HH;
;EMI-ktCO2-Res-HH-Thermal;
Emi|CO2|Residential|Space heating;EMI-ktCO2-Res-HH-Thermal-SH;
Emi|CO2|Residential|Space cooling;EMI-ktCO2-Res-HH-Thermal-SC;
Emi|CO2|Residential|Water heating;EMI-ktCO2-Res-HH-Thermal-WH;
Emi|CO2|Residential|Cooking;EMI-ktCO2-Res-HH-Thermal-CO;
Emi|CO2|Residential|Appliances and lighting;EMI-ktCO2-Res-HH-Appl;
;FEC_per_household-kWh-Res-HH;
;FEC_per_household-kWh-Res-HH-Thermal;
;FEC_per_household-kWh-Res-HH-Thermal-SH;
;FEC_per_household-kWh-Res-HH-Thermal-SC;
;FEC_per_household-kWh-Res-HH-Thermal-WH;
;FEC_per_household-kWh-Res-HH-Thermal-CO;
;FEC_per_household-kWh-Res-HH-Appl;
;TES_per_household-kWh-Res-HH-Thermal;
;TES_per_household-kWh-Res-HH-Thermal-SH;
;TES_per_household-kWh-Res-HH-Thermal-SC;
;TES_per_household-kWh-Res-HH-Thermal-WH;
;TES_per_household-kWh-Res-HH-Thermal-CO;
;EMI_per_household-kgCO2-Res-HH;
;EMI_per_household-kgCO2-Res-HH-Thermal;
;EMI_per_household-kgCO2-Res-HH-Thermal-SH;
;EMI_per_household-kgCO2-Res-HH-Thermal-SC;
;EMI_per_household-kgCO2-Res-HH-Thermal-WH;
;EMI_per_household-kgCO2-Res-HH-Thermal-CO;
;EMI_per_household-kgCO2-Res-HH-Appl;
;Eff-ratio-Res-HH-Thermal;
;Eff-ratio-Res-HH-Thermal-SH;
;Eff-ratio-Res-HH-Thermal-SC;
;Eff-ratio-Res-HH-Thermal-WH;
;Eff-ratio-Res-HH-Thermal-CO;
;FEC_per_sqm-kWh-Res-HH;
;FEC_per_sqm-kWh-Res-HH-Thermal;
;FEC_per_sqm-kWh-Res-HH-Thermal-SH;
;FEC_per_sqm-kWh-Res-HH-Thermal-SC;
;FEC_per_sqm-kWh-Res-HH-Thermal-WH;
;FEC_per_sqm-kWh-Res-HH-Thermal-CO;
;FEC_per_sqm-kWh-Res-HH-Appl;
;TES_per_sqm-kWh-Res-HH-Thermal;
;TES_per_sqm-kWh-Res-HH-Thermal-SH;
;TES_per_sqm-kWh-Res-HH-Thermal-SC;
;TES_per_sqm-kWh-Res-HH-Thermal-WH;
;TES_per_sqm-kWh-Res-HH-Thermal-CO;
;EMI_per_sqm-kgCO2-Res-HH;
;EMI_per_sqm-kgCO2-Res-HH-Thermal;
;EMI_per_sqm-kgCO2-Res-HH-Thermal-SH;
;EMI_per_sqm-kgCO2-Res-HH-Thermal-SC;
;EMI_per_sqm-kgCO2-Res-HH-Thermal-WH;
;EMI_per_sqm-kgCO2-Res-HH-Thermal-CO;
;EMI_per_sqm-kgCO2-Res-HH-Appl;
;FEC_per_capita-kWh-Res-HH;
;FEC_per_capita-kWh-Res-HH-Thermal;
;FEC_per_capita-kWh-Res-HH-Thermal-SH;
;FEC_per_capita-kWh-Res-HH-Thermal-SC;
;FEC_per_capita-kWh-Res-HH-Thermal-WH;
;FEC_per_capita-kWh-Res-HH-Thermal-CO;
;FEC_per_capita-kWh-Res-HH-Appl;
;TES_per_capita-kWh-Res-HH-Thermal;
;TES_per_capita-kWh-Res-HH-Thermal-SH;
;TES_per_capita-kWh-Res-HH-Thermal-SC;
;TES_per_capita-kWh-Res-HH-Thermal-WH;
;TES_per_capita-kWh-Res-HH-Thermal-CO;
;EMI_per_capita-kgCO2-Res-HH;
;EMI_per_capita-kgCO2-Res-HH-Thermal;
;EMI_per_capita-kgCO2-Res-HH-Thermal-SH;
;EMI_per_capita-kgCO2-Res-HH-Thermal-SC;
;EMI_per_capita-kgCO2-Res-HH-Thermal-WH;
;EMI_per_capita-kgCO2-Res-HH-Thermal-CO;
;EMI_per_capita-kgCO2-Res-HH-Appl;
;NUM-number-Res-HH-Thermal;
;NUM-number-Res-HH-Thermal-SH;
;NUM-number-Res-HH-Thermal-SH-Solids;
;NUM-number-Res-HH-Thermal-SH-LPG;
;NUM-number-Res-HH-Thermal-SH-Oil;
;NUM-number-Res-HH-Thermal-SH-Gas;
;NUM-number-Res-HH-Thermal-SH-Biomass;
;NUM-number-Res-HH-Thermal-SH-Geo;
;NUM-number-Res-HH-Thermal-SH-DistrHeat;
;NUM-number-Res-HH-Thermal-SH-AdvElc;
;NUM-number-Res-HH-Thermal-SH-ConvElc;
;NUM-number-Res-HH-Thermal-SC;
;NUM-number-Res-HH-Thermal-SC-AC;
;NUM-number-Res-HH-Thermal-WH;
;NUM-number-Res-HH-Thermal-WH-Solids;
;NUM-number-Res-HH-Thermal-WH-LPG;
;NUM-number-Res-HH-Thermal-WH-Oil;
;NUM-number-Res-HH-Thermal-WH-Gas;
;NUM-number-Res-HH-Thermal-WH-Biomass;
;NUM-number-Res-HH-Thermal-WH-Geo;
;NUM-number-Res-HH-Thermal-WH-DistrHeat;
;NUM-number-Res-HH-Thermal-WH-Elc;
;NUM-number-Res-HH-Thermal-WH-Solar;
;NUM-number-Res-HH-Thermal-CO;
;NUM-number-Res-HH-Thermal-CO-Solids;
;NUM-number-Res-HH-Thermal-CO-LPG;
;NUM-number-Res-HH-Thermal-CO-Gas;
;NUM-number-Res-HH-Thermal-CO-Biomass;
;NUM-number-Res-HH-Thermal-CO-Elc;
FE|Residential|Space heating|Coal;FEC-ktoe-Res-HH-Thermal-SH-Solids-Solids;
FE|Residential|Space heating|Liquids;FEC-ktoe-Res-HH-Thermal-SH-LPG-LPG;
FE|Residential|Space heating|Liquids;FEC-ktoe-Res-HH-Thermal-SH-Oil-Oil_LiqBio;
FE|Residential|Space heating|Gases;FEC-ktoe-Res-HH-Thermal-SH-Gas-NG_Biogas;
FE|Residential|Space heating|Biomass;FEC-ktoe-Res-HH-Thermal-SH-Biomass-Biomass_Waste;
;FEC-ktoe-Res-HH-Thermal-SH-Geo-Geo;
FE|Residential|Space heating|Heat;FEC-ktoe-Res-HH-Thermal-SH-DistrHeat-Steam_Distr;
FE|Residential|Space heating|Electricity|Heat pump;FEC-ktoe-Res-HH-Thermal-SH-AdvElc-Elec;
FE|Residential|Space heating|Electricity|Resistive electric;FEC-ktoe-Res-HH-Thermal-SH-ConvElc-Elec;
;FEC-ktoe-Res-HH-Thermal-SH-TotalCirculation-Elec;
FE|Residential|Space cooling|Electricity;FEC-ktoe-Res-HH-Thermal-SC-AC-Elec;
FE|Residential|Water heating|Coal;FEC-ktoe-Res-HH-Thermal-WH-Solids-Solids;
FE|Residential|Water heating|Liquids;FEC-ktoe-Res-HH-Thermal-WH-LPG-LPG;
FE|Residential|Water heating|Liquids;FEC-ktoe-Res-HH-Thermal-WH-Oil-Oil_LiqBio;
FE|Residential|Water heating|Gases;FEC-ktoe-Res-HH-Thermal-WH-Gas-NG_Biogas;
FE|Residential|Water heating|Biomass;FEC-ktoe-Res-HH-Thermal-WH-Biomass-Biomass_Waste;
;FEC-ktoe-Res-HH-Thermal-WH-Geo-Geo;
FE|Residential|Water heating|Heat;FEC-ktoe-Res-HH-Thermal-WH-DistrHeat-Steam_Distr;
FE|Residential|Water heating|Electricity;FEC-ktoe-Res-HH-Thermal-WH-Elc-Elec;
;FEC-ktoe-Res-HH-Thermal-WH-TotalSolar-Solar;
FE|Residential|Cooking|Coal;FEC-ktoe-Res-HH-Thermal-CO-Solids-Solids;
FE|Residential|Cooking|Liquids;FEC-ktoe-Res-HH-Thermal-CO-LPG-LPG;
FE|Residential|Cooking|Gases;FEC-ktoe-Res-HH-Thermal-CO-Gas-NG_Biogas;
FE|Residential|Cooking|Biomass;FEC-ktoe-Res-HH-Thermal-CO-Biomass-Biomass_Waste;
FE|Residential|Cooking|Electricity;FEC-ktoe-Res-HH-Thermal-CO-Elc-Elec;
;TES-ktoe-Res-HH-Thermal;
UE|Residential|Space heating;TES-ktoe-Res-HH-Thermal-SH;
UE|Residential|Space heating|Coal;TES-ktoe-Res-HH-Thermal-SH-Solids-Solids;
UE|Residential|Space heating|Liquids;TES-ktoe-Res-HH-Thermal-SH-LPG-LPG;
UE|Residential|Space heating|Liquids;TES-ktoe-Res-HH-Thermal-SH-Oil-Oil_LiqBio;
UE|Residential|Space heating|Gases;TES-ktoe-Res-HH-Thermal-SH-Gas-NG_Biogas;
UE|Residential|Space heating|Biomass;TES-ktoe-Res-HH-Thermal-SH-Biomass-Biomass_Waste;
;TES-ktoe-Res-HH-Thermal-SH-Geo-Geo;
UE|Residential|Space heating|Heat;TES-ktoe-Res-HH-Thermal-SH-DistrHeat-Steam_Distr;
UE|Residential|Space heating|Electricity|Heat pump;TES-ktoe-Res-HH-Thermal-SH-AdvElc-Elec;
UE|Residential|Space heating|Electricity|Resistive electric;TES-ktoe-Res-HH-Thermal-SH-ConvElc-Elec;
;TES-ktoe-Res-HH-Thermal-SH-TotalCirculation-Elec;
UE|Residential|Space cooling;TES-ktoe-Res-HH-Thermal-SC;
UE|Residential|Space cooling|Electricity;TES-ktoe-Res-HH-Thermal-SC-AC-Elec;
UE|Residential|Water heating;TES-ktoe-Res-HH-Thermal-WH;
UE|Residential|Water heating|Coal;TES-ktoe-Res-HH-Thermal-WH-Solids-Solids;
UE|Residential|Water heating|Liquids;TES-ktoe-Res-HH-Thermal-WH-LPG-LPG;
UE|Residential|Water heating|Liquids;TES-ktoe-Res-HH-Thermal-WH-Oil-Oil_LiqBio;
UE|Residential|Water heating|Gases;TES-ktoe-Res-HH-Thermal-WH-Gas-NG_Biogas;
UE|Residential|Water heating|Biomass;TES-ktoe-Res-HH-Thermal-WH-Biomass-Biomass_Waste;
;TES-ktoe-Res-HH-Thermal-WH-Geo-Geo;
UE|Residential|Water heating|Heat;TES-ktoe-Res-HH-Thermal-WH-DistrHeat-Steam_Distr;
UE|Residential|Water heating|Electricity;TES-ktoe-Res-HH-Thermal-WH-Elc-Elec;
;TES-ktoe-Res-HH-Thermal-WH-TotalSolar-Solar;
UE|Residential|Cooking;TES-ktoe-Res-HH-Thermal-CO;
UE|Residential|Cooking|Coal;TES-ktoe-Res-HH-Thermal-CO-Solids-Solids;
UE|Residential|Cooking|Liquids;TES-ktoe-Res-HH-Thermal-CO-LPG-LPG;
UE|Residential|Cooking|Gases;TES-ktoe-Res-HH-Thermal-CO-Gas-NG_Biogas;
UE|Residential|Cooking|Biomass;TES-ktoe-Res-HH-Thermal-CO-Biomass-Biomass_Waste;
UE|Residential|Cooking|Electricity;TES-ktoe-Res-HH-Thermal-CO-Elc-Elec;
;Eff-ratio-Res-HH-Thermal-SH-Solids-Solids;
;Eff-ratio-Res-HH-Thermal-SH-LPG-LPG;
;Eff-ratio-Res-HH-Thermal-SH-Oil-Oil_LiqBio;
;Eff-ratio-Res-HH-Thermal-SH-Gas-NG_Biogas;
;Eff-ratio-Res-HH-Thermal-SH-Biomass-Biomass_Waste;
;Eff-ratio-Res-HH-Thermal-SH-Geo-Geo;
;Eff-ratio-Res-HH-Thermal-SH-DistrHeat-Steam_Distr;
;Eff-ratio-Res-HH-Thermal-SH-AdvElc-Elec;
;Eff-ratio-Res-HH-Thermal-SH-ConvElc-Elec;
;Eff-ratio-Res-HH-Thermal-SH-TotalCirculation-Elec;
;Eff-ratio-Res-HH-Thermal-SC-AC-Elec;
;Eff-ratio-Res-HH-Thermal-WH-Solids-Solids;
;Eff-ratio-Res-HH-Thermal-WH-LPG-LPG;
;Eff-ratio-Res-HH-Thermal-WH-Oil-Oil_LiqBio;
;Eff-ratio-Res-HH-Thermal-WH-Gas-NG_Biogas;
;Eff-ratio-Res-HH-Thermal-WH-Biomass-Biomass_Waste;
;Eff-ratio-Res-HH-Thermal-WH-Geo-Geo;
;Eff-ratio-Res-HH-Thermal-WH-DistrHeat-Steam_Distr;
;Eff-ratio-Res-HH-Thermal-WH-Elc-Elec;
;Eff-ratio-Res-HH-Thermal-WH-TotalSolar-Solar;
;Eff-ratio-Res-HH-Thermal-CO-Solids-Solids;
;Eff-ratio-Res-HH-Thermal-CO-LPG-LPG;
;Eff-ratio-Res-HH-Thermal-CO-Gas-NG_Biogas;
;Eff-ratio-Res-HH-Thermal-CO-Biomass-Biomass_Waste;
;Eff-ratio-Res-HH-Thermal-CO-Elc-Elec;
Emi|CO2|Residential|Space heating|Coal;EMI-ktCO2-Res-HH-Thermal-SH-Solids-Solids;
Emi|CO2|Residential|Space heating|Liquids;EMI-ktCO2-Res-HH-Thermal-SH-LPG-LPG;
Emi|CO2|Residential|Space heating|Liquids;EMI-ktCO2-Res-HH-Thermal-SH-Oil-Oil_LiqBio;
Emi|CO2|Residential|Space heating|Gases;EMI-ktCO2-Res-HH-Thermal-SH-Gas-NG_Biogas;
Emi|CO2|Residential|Space heating|Biomass;EMI-ktCO2-Res-HH-Thermal-SH-Biomass-Biomass_Waste;
;EMI-ktCO2-Res-HH-Thermal-SH-Geo-Geo;
Emi|CO2|Residential|Space heating|Heat;EMI-ktCO2-Res-HH-Thermal-SH-DistrHeat-Steam_Distr;
Emi|CO2|Residential|Space heating|Electricity|Heat pump;EMI-ktCO2-Res-HH-Thermal-SH-AdvElc-Elec;
Emi|CO2|Residential|Space heating|Electricity|Resistive electric;EMI-ktCO2-Res-HH-Thermal-SH-ConvElc-Elec;
;EMI-ktCO2-Res-HH-Thermal-SH-TotalCirculation-Elec;
Emi|CO2|Residential|Space cooling|Electricity;EMI-ktCO2-Res-HH-Thermal-SC-AC-Elec;
Emi|CO2|Residential|Water heating|Coal;EMI-ktCO2-Res-HH-Thermal-WH-Solids-Solids;
Emi|CO2|Residential|Water heating|Liquids;EMI-ktCO2-Res-HH-Thermal-WH-LPG-LPG;
Emi|CO2|Residential|Water heating|Liquids;EMI-ktCO2-Res-HH-Thermal-WH-Oil-Oil_LiqBio;
Emi|CO2|Residential|Water heating|Gases;EMI-ktCO2-Res-HH-Thermal-WH-Gas-NG_Biogas;
Emi|CO2|Residential|Water heating|Biomass;EMI-ktCO2-Res-HH-Thermal-WH-Biomass-Biomass_Waste;
;EMI-ktCO2-Res-HH-Thermal-WH-Geo-Geo;
Emi|CO2|Residential|Water heating|Heat;EMI-ktCO2-Res-HH-Thermal-WH-DistrHeat-Steam_Distr;
Emi|CO2|Residential|Water heating|Electricity;EMI-ktCO2-Res-HH-Thermal-WH-Elc-Elec;
;EMI-ktCO2-Res-HH-Thermal-WH-TotalSolar-Solar;
Emi|CO2|Residential|Cooking|Coal;EMI-ktCO2-Res-HH-Thermal-CO-Solids-Solids;
Emi|CO2|Residential|Cooking|Liquids;EMI-ktCO2-Res-HH-Thermal-CO-LPG-LPG;
Emi|CO2|Residential|Cooking|Gases;EMI-ktCO2-Res-HH-Thermal-CO-Gas-NG_Biogas;
Emi|CO2|Residential|Cooking|Biomass;EMI-ktCO2-Res-HH-Thermal-CO-Biomass-Biomass_Waste;
Emi|CO2|Residential|Cooking|Electricity;EMI-ktCO2-Res-HH-Thermal-CO-Elc-Elec;
;FEC_per_household-kWh-Res-HH-Thermal-SH-Solids-Solids;
;FEC_per_household-kWh-Res-HH-Thermal-SH-LPG-LPG;
;FEC_per_household-kWh-Res-HH-Thermal-SH-Oil-Oil_LiqBio;
;FEC_per_household-kWh-Res-HH-Thermal-SH-Gas-NG_Biogas;
;FEC_per_household-kWh-Res-HH-Thermal-SH-Biomass-Biomass_Waste;
;FEC_per_household-kWh-Res-HH-Thermal-SH-Geo-Geo;
;FEC_per_household-kWh-Res-HH-Thermal-SH-DistrHeat-Steam_Distr;
;FEC_per_household-kWh-Res-HH-Thermal-SH-AdvElc-Elec;
;FEC_per_household-kWh-Res-HH-Thermal-SH-ConvElc-Elec;
;FEC_per_household-kWh-Res-HH-Thermal-SH-TotalCirculation-Elec;
;FEC_per_household-kWh-Res-HH-Thermal-SC-AC-Elec;
;FEC_per_household-kWh-Res-HH-Thermal-WH-Solids-Solids;
;FEC_per_household-kWh-Res-HH-Thermal-WH-LPG-LPG;
;FEC_per_household-kWh-Res-HH-Thermal-WH-Oil-Oil_LiqBio;
;FEC_per_household-kWh-Res-HH-Thermal-WH-Gas-NG_Biogas;
;FEC_per_household-kWh-Res-HH-Thermal-WH-Biomass-Biomass_Waste;
;FEC_per_household-kWh-Res-HH-Thermal-WH-Geo-Geo;
;FEC_per_household-kWh-Res-HH-Thermal-WH-DistrHeat-Steam_Distr;
;FEC_per_household-kWh-Res-HH-Thermal-WH-Elc-Elec;
;FEC_per_household-kWh-Res-HH-Thermal-WH-TotalSolar-Solar;
;FEC_per_household-kWh-Res-HH-Thermal-CO-Solids-Solids;
;FEC_per_household-kWh-Res-HH-Thermal-CO-LPG-LPG;
;FEC_per_household-kWh-Res-HH-Thermal-CO-Gas-NG_Biogas;
;FEC_per_household-kWh-Res-HH-Thermal-CO-Biomass-Biomass_Waste;
;FEC_per_household-kWh-Res-HH-Thermal-CO-Elc-Elec;
;TES_per_household-kWh-Res-HH-Thermal-SH-Solids-Solids;
;TES_per_household-kWh-Res-HH-Thermal-SH-LPG-LPG;
;TES_per_household-kWh-Res-HH-Thermal-SH-Oil-Oil_LiqBio;
;TES_per_household-kWh-Res-HH-Thermal-SH-Gas-NG_Biogas;
;TES_per_household-kWh-Res-HH-Thermal-SH-Biomass-Biomass_Waste;
;TES_per_household-kWh-Res-HH-Thermal-SH-Geo-Geo;
;TES_per_household-kWh-Res-HH-Thermal-SH-DistrHeat-Steam_Distr;
;TES_per_household-kWh-Res-HH-Thermal-SH-AdvElc-Elec;
;TES_per_household-kWh-Res-HH-Thermal-SH-ConvElc-Elec;
;TES_per_household-kWh-Res-HH-Thermal-SH-TotalCirculation-Elec;
;TES_per_household-kWh-Res-HH-Thermal-SC-AC-Elec;
;TES_per_household-kWh-Res-HH-Thermal-WH-Solids-Solids;
;TES_per_household-kWh-Res-HH-Thermal-WH-LPG-LPG;
;TES_per_household-kWh-Res-HH-Thermal-WH-Oil-Oil_LiqBio;
;TES_per_household-kWh-Res-HH-Thermal-WH-Gas-NG_Biogas;
;TES_per_household-kWh-Res-HH-Thermal-WH-Biomass-Biomass_Waste;
;TES_per_household-kWh-Res-HH-Thermal-WH-Geo-Geo;
;TES_per_household-kWh-Res-HH-Thermal-WH-DistrHeat-Steam_Distr;
;TES_per_household-kWh-Res-HH-Thermal-WH-Elc-Elec;
;TES_per_household-kWh-Res-HH-Thermal-WH-TotalSolar-Solar;
;TES_per_household-kWh-Res-HH-Thermal-CO-Solids-Solids;
;TES_per_household-kWh-Res-HH-Thermal-CO-LPG-LPG;
;TES_per_household-kWh-Res-HH-Thermal-CO-Gas-NG_Biogas;
;TES_per_household-kWh-Res-HH-Thermal-CO-Biomass-Biomass_Waste;
;TES_per_household-kWh-Res-HH-Thermal-CO-Elc-Elec;
;EMI_per_household-kgCO2-Res-HH-Thermal-SH-Solids-Solids;
;EMI_per_household-kgCO2-Res-HH-Thermal-SH-LPG-LPG;
;EMI_per_household-kgCO2-Res-HH-Thermal-SH-Oil-Oil_LiqBio;
;EMI_per_household-kgCO2-Res-HH-Thermal-SH-Gas-NG_Biogas;
;EMI_per_household-kgCO2-Res-HH-Thermal-SH-Biomass-Biomass_Waste;
;EMI_per_household-kgCO2-Res-HH-Thermal-SH-Geo-Geo;
;EMI_per_household-kgCO2-Res-HH-Thermal-SH-DistrHeat-Steam_Distr;
;EMI_per_household-kgCO2-Res-HH-Thermal-SH-AdvElc-Elec;
;EMI_per_household-kgCO2-Res-HH-Thermal-SH-ConvElc-Elec;
;EMI_per_household-kgCO2-Res-HH-Thermal-SH-TotalCirculation-Elec;
;EMI_per_household-kgCO2-Res-HH-Thermal-SC-AC-Elec;
;EMI_per_household-kgCO2-Res-HH-Thermal-WH-Solids-Solids;
;EMI_per_household-kgCO2-Res-HH-Thermal-WH-LPG-LPG;
;EMI_per_household-kgCO2-Res-HH-Thermal-WH-Oil-Oil_LiqBio;
;EMI_per_household-kgCO2-Res-HH-Thermal-WH-Gas-NG_Biogas;
;EMI_per_household-kgCO2-Res-HH-Thermal-WH-Biomass-Biomass_Waste;
;EMI_per_household-kgCO2-Res-HH-Thermal-WH-Geo-Geo;
;EMI_per_household-kgCO2-Res-HH-Thermal-WH-DistrHeat-Steam_Distr;
;EMI_per_household-kgCO2-Res-HH-Thermal-WH-Elc-Elec;
;EMI_per_household-kgCO2-Res-HH-Thermal-WH-TotalSolar-Solar;
;EMI_per_household-kgCO2-Res-HH-Thermal-CO-Solids-Solids;
;EMI_per_household-kgCO2-Res-HH-Thermal-CO-LPG-LPG;
;EMI_per_household-kgCO2-Res-HH-Thermal-CO-Gas-NG_Biogas;
;EMI_per_household-kgCO2-Res-HH-Thermal-CO-Biomass-Biomass_Waste;
;EMI_per_household-kgCO2-Res-HH-Thermal-CO-Elc-Elec;
;FEC_per_sqm-kWh-Res-HH-Thermal-SH-Solids-Solids;
;FEC_per_sqm-kWh-Res-HH-Thermal-SH-LPG-LPG;
;FEC_per_sqm-kWh-Res-HH-Thermal-SH-Oil-Oil_LiqBio;
;FEC_per_sqm-kWh-Res-HH-Thermal-SH-Gas-NG_Biogas;
;FEC_per_sqm-kWh-Res-HH-Thermal-SH-Biomass-Biomass_Waste;
;FEC_per_sqm-kWh-Res-HH-Thermal-SH-Geo-Geo;
;FEC_per_sqm-kWh-Res-HH-Thermal-SH-DistrHeat-Steam_Distr;
;FEC_per_sqm-kWh-Res-HH-Thermal-SH-AdvElc-Elec;
;FEC_per_sqm-kWh-Res-HH-Thermal-SH-ConvElc-Elec;
;FEC_per_sqm-kWh-Res-HH-Thermal-SH-TotalCirculation-Elec;
;FEC_per_sqm-kWh-Res-HH-Thermal-SC-AC-Elec;
;FEC_per_sqm-kWh-Res-HH-Thermal-WH-Solids-Solids;
;FEC_per_sqm-kWh-Res-HH-Thermal-WH-LPG-LPG;
;FEC_per_sqm-kWh-Res-HH-Thermal-WH-Oil-Oil_LiqBio;
;FEC_per_sqm-kWh-Res-HH-Thermal-WH-Gas-NG_Biogas;
;FEC_per_sqm-kWh-Res-HH-Thermal-WH-Biomass-Biomass_Waste;
;FEC_per_sqm-kWh-Res-HH-Thermal-WH-Geo-Geo;
;FEC_per_sqm-kWh-Res-HH-Thermal-WH-DistrHeat-Steam_Distr;
;FEC_per_sqm-kWh-Res-HH-Thermal-WH-Elc-Elec;
;FEC_per_sqm-kWh-Res-HH-Thermal-WH-TotalSolar-Solar;
;FEC_per_sqm-kWh-Res-HH-Thermal-CO-Solids-Solids;
;FEC_per_sqm-kWh-Res-HH-Thermal-CO-LPG-LPG;
;FEC_per_sqm-kWh-Res-HH-Thermal-CO-Gas-NG_Biogas;
;FEC_per_sqm-kWh-Res-HH-Thermal-CO-Biomass-Biomass_Waste;
;FEC_per_sqm-kWh-Res-HH-Thermal-CO-Elc-Elec;
UEperSqm|Residential|Space heating|Coal;TES_per_sqm-kWh-Res-HH-Thermal-SH-Solids-Solids;
UEperSqm|Residential|Space heating|Liquids;TES_per_sqm-kWh-Res-HH-Thermal-SH-LPG-LPG;
UEperSqm|Residential|Space heating|Liquids;TES_per_sqm-kWh-Res-HH-Thermal-SH-Oil-Oil_LiqBio;
UEperSqm|Residential|Space heating|Gases;TES_per_sqm-kWh-Res-HH-Thermal-SH-Gas-NG_Biogas;
UEperSqm|Residential|Space heating|Biomass;TES_per_sqm-kWh-Res-HH-Thermal-SH-Biomass-Biomass_Waste;
;TES_per_sqm-kWh-Res-HH-Thermal-SH-Geo-Geo;
UEperSqm|Residential|Space heating|Heat;TES_per_sqm-kWh-Res-HH-Thermal-SH-DistrHeat-Steam_Distr;
UEperSqm|Residential|Space heating|Electricity|Heat pump;TES_per_sqm-kWh-Res-HH-Thermal-SH-AdvElc-Elec;
UEperSqm|Residential|Space heating|Electricity|Resistive electric;TES_per_sqm-kWh-Res-HH-Thermal-SH-ConvElc-Elec;
;TES_per_sqm-kWh-Res-HH-Thermal-SH-TotalCirculation-Elec;
;TES_per_sqm-kWh-Res-HH-Thermal-SC-AC-Elec;
;TES_per_sqm-kWh-Res-HH-Thermal-WH-Solids-Solids;
;TES_per_sqm-kWh-Res-HH-Thermal-WH-LPG-LPG;
;TES_per_sqm-kWh-Res-HH-Thermal-WH-Oil-Oil_LiqBio;
;TES_per_sqm-kWh-Res-HH-Thermal-WH-Gas-NG_Biogas;
;TES_per_sqm-kWh-Res-HH-Thermal-WH-Biomass-Biomass_Waste;
;TES_per_sqm-kWh-Res-HH-Thermal-WH-Geo-Geo;
;TES_per_sqm-kWh-Res-HH-Thermal-WH-DistrHeat-Steam_Distr;
;TES_per_sqm-kWh-Res-HH-Thermal-WH-Elc-Elec;
;TES_per_sqm-kWh-Res-HH-Thermal-WH-TotalSolar-Solar;
;TES_per_sqm-kWh-Res-HH-Thermal-CO-Solids-Solids;
;TES_per_sqm-kWh-Res-HH-Thermal-CO-LPG-LPG;
;TES_per_sqm-kWh-Res-HH-Thermal-CO-Gas-NG_Biogas;
;TES_per_sqm-kWh-Res-HH-Thermal-CO-Biomass-Biomass_Waste;
;TES_per_sqm-kWh-Res-HH-Thermal-CO-Elc-Elec;
;EMI_per_sqm-kgCO2-Res-HH-Thermal-SH-Solids-Solids;
;EMI_per_sqm-kgCO2-Res-HH-Thermal-SH-LPG-LPG;
;EMI_per_sqm-kgCO2-Res-HH-Thermal-SH-Oil-Oil_LiqBio;
;EMI_per_sqm-kgCO2-Res-HH-Thermal-SH-Gas-NG_Biogas;
;EMI_per_sqm-kgCO2-Res-HH-Thermal-SH-Biomass-Biomass_Waste;
;EMI_per_sqm-kgCO2-Res-HH-Thermal-SH-Geo-Geo;
;EMI_per_sqm-kgCO2-Res-HH-Thermal-SH-DistrHeat-Steam_Distr;
;EMI_per_sqm-kgCO2-Res-HH-Thermal-SH-AdvElc-Elec;
;EMI_per_sqm-kgCO2-Res-HH-Thermal-SH-ConvElc-Elec;
;EMI_per_sqm-kgCO2-Res-HH-Thermal-SH-TotalCirculation-Elec;
;EMI_per_sqm-kgCO2-Res-HH-Thermal-SC-AC-Elec;
;EMI_per_sqm-kgCO2-Res-HH-Thermal-WH-Solids-Solids;
;EMI_per_sqm-kgCO2-Res-HH-Thermal-WH-LPG-LPG;
;EMI_per_sqm-kgCO2-Res-HH-Thermal-WH-Oil-Oil_LiqBio;
;EMI_per_sqm-kgCO2-Res-HH-Thermal-WH-Gas-NG_Biogas;
;EMI_per_sqm-kgCO2-Res-HH-Thermal-WH-Biomass-Biomass_Waste;
;EMI_per_sqm-kgCO2-Res-HH-Thermal-WH-Geo-Geo;
;EMI_per_sqm-kgCO2-Res-HH-Thermal-WH-DistrHeat-Steam_Distr;
;EMI_per_sqm-kgCO2-Res-HH-Thermal-WH-Elc-Elec;
;EMI_per_sqm-kgCO2-Res-HH-Thermal-WH-TotalSolar-Solar;
;EMI_per_sqm-kgCO2-Res-HH-Thermal-CO-Solids-Solids;
;EMI_per_sqm-kgCO2-Res-HH-Thermal-CO-LPG-LPG;
;EMI_per_sqm-kgCO2-Res-HH-Thermal-CO-Gas-NG_Biogas;
;EMI_per_sqm-kgCO2-Res-HH-Thermal-CO-Biomass-Biomass_Waste;
;EMI_per_sqm-kgCO2-Res-HH-Thermal-CO-Elc-Elec;
;NUM-number-Res-HHnew-Thermal;
;NUM-number-Res-HHnew-Thermal-SH;
;NUM-number-Res-HHnew-Thermal-SH-Solids;
;NUM-number-Res-HHnew-Thermal-SH-LPG;
;NUM-number-Res-HHnew-Thermal-SH-Oil;
;NUM-number-Res-HHnew-Thermal-SH-Gas;
;NUM-number-Res-HHnew-Thermal-SH-Biomass;
;NUM-number-Res-HHnew-Thermal-SH-Geo;
;NUM-number-Res-HHnew-Thermal-SH-DistrHeat;
;NUM-number-Res-HHnew-Thermal-SH-AdvElc;
;NUM-number-Res-HHnew-Thermal-SH-ConvElc;
;NUM-number-Res-HHnew-Thermal-SC;
;NUM-number-Res-HHnew-Thermal-SC-AC;
;NUM-number-Res-HHnew-Thermal-WH;
;NUM-number-Res-HHnew-Thermal-WH-Solids;
;NUM-number-Res-HHnew-Thermal-WH-LPG;
;NUM-number-Res-HHnew-Thermal-WH-Oil;
;NUM-number-Res-HHnew-Thermal-WH-Gas;
;NUM-number-Res-HHnew-Thermal-WH-Biomass;
;NUM-number-Res-HHnew-Thermal-WH-Geo;
;NUM-number-Res-HHnew-Thermal-WH-DistrHeat;
;NUM-number-Res-HHnew-Thermal-WH-Elc;
;NUM-number-Res-HHnew-Thermal-WH-Solar;
;NUM-number-Res-HHnew-Thermal-CO;
;NUM-number-Res-HHnew-Thermal-CO-Solids;
;NUM-number-Res-HHnew-Thermal-CO-LPG;
;NUM-number-Res-HHnew-Thermal-CO-Gas;
;NUM-number-Res-HHnew-Thermal-CO-Biomass;
;NUM-number-Res-HHnew-Thermal-CO-Elc;
;FEC-ktoe-Res-HHnew-Thermal;
;FEC-ktoe-Res-HHnew-Thermal-SH;
;FEC-ktoe-Res-HHnew-Thermal-SH-Solids-Solids;
;FEC-ktoe-Res-HHnew-Thermal-SH-LPG-LPG;
;FEC-ktoe-Res-HHnew-Thermal-SH-Oil-Oil_LiqBio;
;FEC-ktoe-Res-HHnew-Thermal-SH-Gas-NG_Biogas;
;FEC-ktoe-Res-HHnew-Thermal-SH-Biomass-Biomass_Waste;
;FEC-ktoe-Res-HHnew-Thermal-SH-Geo-Geo;
;FEC-ktoe-Res-HHnew-Thermal-SH-DistrHeat-Steam_Distr;
;FEC-ktoe-Res-HHnew-Thermal-SH-AdvElc-Elec;
;FEC-ktoe-Res-HHnew-Thermal-SH-ConvElc-Elec;
;FEC-ktoe-Res-HHnew-Thermal-SH-TotalCirculation-Elec;
;FEC-ktoe-Res-HHnew-Thermal-SC;
;FEC-ktoe-Res-HHnew-Thermal-SC-AC-Elec;
;FEC-ktoe-Res-HHnew-Thermal-WH;
;FEC-ktoe-Res-HHnew-Thermal-WH-Solids-Solids;
;FEC-ktoe-Res-HHnew-Thermal-WH-LPG-LPG;
;FEC-ktoe-Res-HHnew-Thermal-WH-Oil-Oil_LiqBio;
;FEC-ktoe-Res-HHnew-Thermal-WH-Gas-NG_Biogas;
;FEC-ktoe-Res-HHnew-Thermal-WH-Biomass-Biomass_Waste;
;FEC-ktoe-Res-HHnew-Thermal-WH-Geo-Geo;
;FEC-ktoe-Res-HHnew-Thermal-WH-DistrHeat-Steam_Distr;
;FEC-ktoe-Res-HHnew-Thermal-WH-Elc-Elec;
;FEC-ktoe-Res-HHnew-Thermal-WH-TotalSolar-Solar;
;FEC-ktoe-Res-HHnew-Thermal-CO;
;FEC-ktoe-Res-HHnew-Thermal-CO-Solids-Solids;
;FEC-ktoe-Res-HHnew-Thermal-CO-LPG-LPG;
;FEC-ktoe-Res-HHnew-Thermal-CO-Gas-NG_Biogas;
;FEC-ktoe-Res-HHnew-Thermal-CO-Biomass-Biomass_Waste;
;FEC-ktoe-Res-HHnew-Thermal-CO-Elc-Elec;
;TES-ktoe-Res-HHnew-Thermal;
;TES-ktoe-Res-HHnew-Thermal-SH;
;TES-ktoe-Res-HHnew-Thermal-SH-Solids-Solids;
;TES-ktoe-Res-HHnew-Thermal-SH-LPG-LPG;
;TES-ktoe-Res-HHnew-Thermal-SH-Oil-Oil_LiqBio;
;TES-ktoe-Res-HHnew-Thermal-SH-Gas-NG_Biogas;
;TES-ktoe-Res-HHnew-Thermal-SH-Biomass-Biomass_Waste;
;TES-ktoe-Res-HHnew-Thermal-SH-Geo-Geo;
;TES-ktoe-Res-HHnew-Thermal-SH-DistrHeat-Steam_Distr;
;TES-ktoe-Res-HHnew-Thermal-SH-AdvElc-Elec;
;TES-ktoe-Res-HHnew-Thermal-SH-ConvElc-Elec;
;TES-ktoe-Res-HHnew-Thermal-SH-TotalCirculation-Elec;
;TES-ktoe-Res-HHnew-Thermal-SC;
;TES-ktoe-Res-HHnew-Thermal-SC-AC-Elec;
;TES-ktoe-Res-HHnew-Thermal-WH;
;TES-ktoe-Res-HHnew-Thermal-WH-Solids-Solids;
;TES-ktoe-Res-HHnew-Thermal-WH-LPG-LPG;
;TES-ktoe-Res-HHnew-Thermal-WH-Oil-Oil_LiqBio;
;TES-ktoe-Res-HHnew-Thermal-WH-Gas-NG_Biogas;
;TES-ktoe-Res-HHnew-Thermal-WH-Biomass-Biomass_Waste;
;TES-ktoe-Res-HHnew-Thermal-WH-Geo-Geo;
;TES-ktoe-Res-HHnew-Thermal-WH-DistrHeat-Steam_Distr;
;TES-ktoe-Res-HHnew-Thermal-WH-Elc-Elec;
;TES-ktoe-Res-HHnew-Thermal-WH-TotalSolar-Solar;
;TES-ktoe-Res-HHnew-Thermal-CO;
;TES-ktoe-Res-HHnew-Thermal-CO-Solids-Solids;
;TES-ktoe-Res-HHnew-Thermal-CO-LPG-LPG;
;TES-ktoe-Res-HHnew-Thermal-CO-Gas-NG_Biogas;
;TES-ktoe-Res-HHnew-Thermal-CO-Biomass-Biomass_Waste;
;TES-ktoe-Res-HHnew-Thermal-CO-Elc-Elec;
;Eff-ratio-Res-HHnew-Thermal;
;Eff-ratio-Res-HHnew-Thermal-SH;
;Eff-ratio-Res-HHnew-Thermal-SH-Solids-Solids;
;Eff-ratio-Res-HHnew-Thermal-SH-LPG-LPG;
;Eff-ratio-Res-HHnew-Thermal-SH-Oil-Oil_LiqBio;
;Eff-ratio-Res-HHnew-Thermal-SH-Gas-NG_Biogas;
;Eff-ratio-Res-HHnew-Thermal-SH-Biomass-Biomass_Waste;
;Eff-ratio-Res-HHnew-Thermal-SH-Geo-Geo;
;Eff-ratio-Res-HHnew-Thermal-SH-DistrHeat-Steam_Distr;
;Eff-ratio-Res-HHnew-Thermal-SH-AdvElc-Elec;
;Eff-ratio-Res-HHnew-Thermal-SH-ConvElc-Elec;
;Eff-ratio-Res-HHnew-Thermal-SH-TotalCirculation-Elec;
;Eff-ratio-Res-HHnew-Thermal-SC;
;Eff-ratio-Res-HHnew-Thermal-SC-AC-Elec;
;Eff-ratio-Res-HHnew-Thermal-WH;
;Eff-ratio-Res-HHnew-Thermal-WH-Solids-Solids;
;Eff-ratio-Res-HHnew-Thermal-WH-LPG-LPG;
;Eff-ratio-Res-HHnew-Thermal-WH-Oil-Oil_LiqBio;
;Eff-ratio-Res-HHnew-Thermal-WH-Gas-NG_Biogas;
;Eff-ratio-Res-HHnew-Thermal-WH-Biomass-Biomass_Waste;
;Eff-ratio-Res-HHnew-Thermal-WH-Geo-Geo;
;Eff-ratio-Res-HHnew-Thermal-WH-DistrHeat-Steam_Distr;
;Eff-ratio-Res-HHnew-Thermal-WH-Elc-Elec;
;Eff-ratio-Res-HHnew-Thermal-WH-TotalSolar-Solar;
;Eff-ratio-Res-HHnew-Thermal-CO;
;Eff-ratio-Res-HHnew-Thermal-CO-Solids-Solids;
;Eff-ratio-Res-HHnew-Thermal-CO-LPG-LPG;
;Eff-ratio-Res-HHnew-Thermal-CO-Gas-NG_Biogas;
;Eff-ratio-Res-HHnew-Thermal-CO-Biomass-Biomass_Waste;
;Eff-ratio-Res-HHnew-Thermal-CO-Elc-Elec;
;EMI-ktCO2-Res-HHnew-Thermal;
;EMI-ktCO2-Res-HHnew-Thermal-SH;
;EMI-ktCO2-Res-HHnew-Thermal-SH-Solids-Solids;
;EMI-ktCO2-Res-HHnew-Thermal-SH-LPG-LPG;
;EMI-ktCO2-Res-HHnew-Thermal-SH-Oil-Oil_LiqBio;
;EMI-ktCO2-Res-HHnew-Thermal-SH-Gas-NG_Biogas;
;EMI-ktCO2-Res-HHnew-Thermal-SH-Biomass-Biomass_Waste;
;EMI-ktCO2-Res-HHnew-Thermal-SH-Geo-Geo;
;EMI-ktCO2-Res-HHnew-Thermal-SH-DistrHeat-Steam_Distr;
;EMI-ktCO2-Res-HHnew-Thermal-SH-AdvElc-Elec;
;EMI-ktCO2-Res-HHnew-Thermal-SH-ConvElc-Elec;
;EMI-ktCO2-Res-HHnew-Thermal-SH-TotalCirculation-Elec;
;EMI-ktCO2-Res-HHnew-Thermal-SC;
;EMI-ktCO2-Res-HHnew-Thermal-SC-AC-Elec;
;EMI-ktCO2-Res-HHnew-Thermal-WH;
;EMI-ktCO2-Res-HHnew-Thermal-WH-Solids-Solids;
;EMI-ktCO2-Res-HHnew-Thermal-WH-LPG-LPG;
;EMI-ktCO2-Res-HHnew-Thermal-WH-Oil-Oil_LiqBio;
;EMI-ktCO2-Res-HHnew-Thermal-WH-Gas-NG_Biogas;
;EMI-ktCO2-Res-HHnew-Thermal-WH-Biomass-Biomass_Waste;
;EMI-ktCO2-Res-HHnew-Thermal-WH-Geo-Geo;
;EMI-ktCO2-Res-HHnew-Thermal-WH-DistrHeat-Steam_Distr;
;EMI-ktCO2-Res-HHnew-Thermal-WH-Elc-Elec;
;EMI-ktCO2-Res-HHnew-Thermal-WH-TotalSolar-Solar;
;EMI-ktCO2-Res-HHnew-Thermal-CO;
;EMI-ktCO2-Res-HHnew-Thermal-CO-Solids-Solids;
;EMI-ktCO2-Res-HHnew-Thermal-CO-LPG-LPG;
;EMI-ktCO2-Res-HHnew-Thermal-CO-Gas-NG_Biogas;
;EMI-ktCO2-Res-HHnew-Thermal-CO-Biomass-Biomass_Waste;
;EMI-ktCO2-Res-HHnew-Thermal-CO-Elc-Elec;
;FEC_per_household-kWh-Res-HHnew-Thermal;
;FEC_per_household-kWh-Res-HHnew-Thermal-SH;
;FEC_per_household-kWh-Res-HHnew-Thermal-SH-Solids-Solids;
;FEC_per_household-kWh-Res-HHnew-Thermal-SH-LPG-LPG;
;FEC_per_household-kWh-Res-HHnew-Thermal-SH-Oil-Oil_LiqBio;
;FEC_per_household-kWh-Res-HHnew-Thermal-SH-Gas-NG_Biogas;
;FEC_per_household-kWh-Res-HHnew-Thermal-SH-Biomass-Biomass_Waste;
;FEC_per_household-kWh-Res-HHnew-Thermal-SH-Geo-Geo;
;FEC_per_household-kWh-Res-HHnew-Thermal-SH-DistrHeat-Steam_Distr;
;FEC_per_household-kWh-Res-HHnew-Thermal-SH-AdvElc-Elec;
;FEC_per_household-kWh-Res-HHnew-Thermal-SH-ConvElc-Elec;
;FEC_per_household-kWh-Res-HHnew-Thermal-SH-TotalCirculation-Elec;
;FEC_per_household-kWh-Res-HHnew-Thermal-SC;
;FEC_per_household-kWh-Res-HHnew-Thermal-SC-AC-Elec;
;FEC_per_household-kWh-Res-HHnew-Thermal-WH;
;FEC_per_household-kWh-Res-HHnew-Thermal-WH-Solids-Solids;
;FEC_per_household-kWh-Res-HHnew-Thermal-WH-LPG-LPG;
;FEC_per_household-kWh-Res-HHnew-Thermal-WH-Oil-Oil_LiqBio;
;FEC_per_household-kWh-Res-HHnew-Thermal-WH-Gas-NG_Biogas;
;FEC_per_household-kWh-Res-HHnew-Thermal-WH-Biomass-Biomass_Waste;
;FEC_per_household-kWh-Res-HHnew-Thermal-WH-Geo-Geo;
;FEC_per_household-kWh-Res-HHnew-Thermal-WH-DistrHeat-Steam_Distr;
;FEC_per_household-kWh-Res-HHnew-Thermal-WH-Elc-Elec;
;FEC_per_household-kWh-Res-HHnew-Thermal-WH-TotalSolar-Solar;
;FEC_per_household-kWh-Res-HHnew-Thermal-CO;
;FEC_per_household-kWh-Res-HHnew-Thermal-CO-Solids-Solids;
;FEC_per_household-kWh-Res-HHnew-Thermal-CO-LPG-LPG;
;FEC_per_household-kWh-Res-HHnew-Thermal-CO-Gas-NG_Biogas;
;FEC_per_household-kWh-Res-HHnew-Thermal-CO-Biomass-Biomass_Waste;
;FEC_per_household-kWh-Res-HHnew-Thermal-CO-Elc-Elec;
;TES_per_household-kWh-Res-HHnew-Thermal;
;TES_per_household-kWh-Res-HHnew-Thermal-SH;
;TES_per_household-kWh-Res-HHnew-Thermal-SH-Solids-Solids;
;TES_per_household-kWh-Res-HHnew-Thermal-SH-LPG-LPG;
;TES_per_household-kWh-Res-HHnew-Thermal-SH-Oil-Oil_LiqBio;
;TES_per_household-kWh-Res-HHnew-Thermal-SH-Gas-NG_Biogas;
;TES_per_household-kWh-Res-HHnew-Thermal-SH-Biomass-Biomass_Waste;
;TES_per_household-kWh-Res-HHnew-Thermal-SH-Geo-Geo;
;TES_per_household-kWh-Res-HHnew-Thermal-SH-DistrHeat-Steam_Distr;
;TES_per_household-kWh-Res-HHnew-Thermal-SH-AdvElc-Elec;
;TES_per_household-kWh-Res-HHnew-Thermal-SH-ConvElc-Elec;
;TES_per_household-kWh-Res-HHnew-Thermal-SH-TotalCirculation-Elec;
;TES_per_household-kWh-Res-HHnew-Thermal-SC;
;TES_per_household-kWh-Res-HHnew-Thermal-SC-AC-Elec;
;TES_per_household-kWh-Res-HHnew-Thermal-WH;
;TES_per_household-kWh-Res-HHnew-Thermal-WH-Solids-Solids;
;TES_per_household-kWh-Res-HHnew-Thermal-WH-LPG-LPG;
;TES_per_household-kWh-Res-HHnew-Thermal-WH-Oil-Oil_LiqBio;
;TES_per_household-kWh-Res-HHnew-Thermal-WH-Gas-NG_Biogas;
;TES_per_household-kWh-Res-HHnew-Thermal-WH-Biomass-Biomass_Waste;
;TES_per_household-kWh-Res-HHnew-Thermal-WH-Geo-Geo;
;TES_per_household-kWh-Res-HHnew-Thermal-WH-DistrHeat-Steam_Distr;
;TES_per_household-kWh-Res-HHnew-Thermal-WH-Elc-Elec;
;TES_per_household-kWh-Res-HHnew-Thermal-WH-TotalSolar-Solar;
;TES_per_household-kWh-Res-HHnew-Thermal-CO;
;TES_per_household-kWh-Res-HHnew-Thermal-CO-Solids-Solids;
;TES_per_household-kWh-Res-HHnew-Thermal-CO-LPG-LPG;
;TES_per_household-kWh-Res-HHnew-Thermal-CO-Gas-NG_Biogas;
;TES_per_household-kWh-Res-HHnew-Thermal-CO-Biomass-Biomass_Waste;
;TES_per_household-kWh-Res-HHnew-Thermal-CO-Elc-Elec;
;EMI_per_household-kgCO2-Res-HHnew-Thermal;
;EMI_per_household-kgCO2-Res-HHnew-Thermal-SH;
;EMI_per_household-kgCO2-Res-HHnew-Thermal-SH-Solids-Solids;
;EMI_per_household-kgCO2-Res-HHnew-Thermal-SH-LPG-LPG;
;EMI_per_household-kgCO2-Res-HHnew-Thermal-SH-Oil-Oil_LiqBio;
;EMI_per_household-kgCO2-Res-HHnew-Thermal-SH-Gas-NG_Biogas;
;EMI_per_household-kgCO2-Res-HHnew-Thermal-SH-Biomass-Biomass_Waste;
;EMI_per_household-kgCO2-Res-HHnew-Thermal-SH-Geo-Geo;
;EMI_per_household-kgCO2-Res-HHnew-Thermal-SH-DistrHeat-Steam_Distr;
;EMI_per_household-kgCO2-Res-HHnew-Thermal-SH-AdvElc-Elec;
;EMI_per_household-kgCO2-Res-HHnew-Thermal-SH-ConvElc-Elec;
;EMI_per_household-kgCO2-Res-HHnew-Thermal-SH-TotalCirculation-Elec;
;EMI_per_household-kgCO2-Res-HHnew-Thermal-SC;
;EMI_per_household-kgCO2-Res-HHnew-Thermal-SC-AC-Elec;
;EMI_per_household-kgCO2-Res-HHnew-Thermal-WH;
;EMI_per_household-kgCO2-Res-HHnew-Thermal-WH-Solids-Solids;
;EMI_per_household-kgCO2-Res-HHnew-Thermal-WH-LPG-LPG;
;EMI_per_household-kgCO2-Res-HHnew-Thermal-WH-Oil-Oil_LiqBio;
;EMI_per_household-kgCO2-Res-HHnew-Thermal-WH-Gas-NG_Biogas;
;EMI_per_household-kgCO2-Res-HHnew-Thermal-WH-Biomass-Biomass_Waste;
;EMI_per_household-kgCO2-Res-HHnew-Thermal-WH-Geo-Geo;
;EMI_per_household-kgCO2-Res-HHnew-Thermal-WH-DistrHeat-Steam_Distr;
;EMI_per_household-kgCO2-Res-HHnew-Thermal-WH-Elc-Elec;
;EMI_per_household-kgCO2-Res-HHnew-Thermal-WH-TotalSolar-Solar;
;EMI_per_household-kgCO2-Res-HHnew-Thermal-CO;
;EMI_per_household-kgCO2-Res-HHnew-Thermal-CO-Solids-Solids;
;EMI_per_household-kgCO2-Res-HHnew-Thermal-CO-LPG-LPG;
;EMI_per_household-kgCO2-Res-HHnew-Thermal-CO-Gas-NG_Biogas;
;EMI_per_household-kgCO2-Res-HHnew-Thermal-CO-Biomass-Biomass_Waste;
;EMI_per_household-kgCO2-Res-HHnew-Thermal-CO-Elc-Elec;
;FEC_per_sqm-kWh-Res-HHnew-Thermal;
;FEC_per_sqm-kWh-Res-HHnew-Thermal-SH;
;FEC_per_sqm-kWh-Res-HHnew-Thermal-SH-Solids-Solids;
;FEC_per_sqm-kWh-Res-HHnew-Thermal-SH-LPG-LPG;
;FEC_per_sqm-kWh-Res-HHnew-Thermal-SH-Oil-Oil_LiqBio;
;FEC_per_sqm-kWh-Res-HHnew-Thermal-SH-Gas-NG_Biogas;
;FEC_per_sqm-kWh-Res-HHnew-Thermal-SH-Biomass-Biomass_Waste;
;FEC_per_sqm-kWh-Res-HHnew-Thermal-SH-Geo-Geo;
;FEC_per_sqm-kWh-Res-HHnew-Thermal-SH-DistrHeat-Steam_Distr;
;FEC_per_sqm-kWh-Res-HHnew-Thermal-SH-AdvElc-Elec;
;FEC_per_sqm-kWh-Res-HHnew-Thermal-SH-ConvElc-Elec;
;FEC_per_sqm-kWh-Res-HHnew-Thermal-SH-TotalCirculation-Elec;
;FEC_per_sqm-kWh-Res-HHnew-Thermal-SC;
;FEC_per_sqm-kWh-Res-HHnew-Thermal-SC-AC-Elec;
;FEC_per_sqm-kWh-Res-HHnew-Thermal-WH;
;FEC_per_sqm-kWh-Res-HHnew-Thermal-WH-Solids-Solids;
;FEC_per_sqm-kWh-Res-HHnew-Thermal-WH-LPG-LPG;
;FEC_per_sqm-kWh-Res-HHnew-Thermal-WH-Oil-Oil_LiqBio;
;FEC_per_sqm-kWh-Res-HHnew-Thermal-WH-Gas-NG_Biogas;
;FEC_per_sqm-kWh-Res-HHnew-Thermal-WH-Biomass-Biomass_Waste;
;FEC_per_sqm-kWh-Res-HHnew-Thermal-WH-Geo-Geo;
;FEC_per_sqm-kWh-Res-HHnew-Thermal-WH-DistrHeat-Steam_Distr;
;FEC_per_sqm-kWh-Res-HHnew-Thermal-WH-Elc-Elec;
;FEC_per_sqm-kWh-Res-HHnew-Thermal-WH-TotalSolar-Solar;
;FEC_per_sqm-kWh-Res-HHnew-Thermal-CO;
;FEC_per_sqm-kWh-Res-HHnew-Thermal-CO-Solids-Solids;
;FEC_per_sqm-kWh-Res-HHnew-Thermal-CO-LPG-LPG;
;FEC_per_sqm-kWh-Res-HHnew-Thermal-CO-Gas-NG_Biogas;
;FEC_per_sqm-kWh-Res-HHnew-Thermal-CO-Biomass-Biomass_Waste;
;FEC_per_sqm-kWh-Res-HHnew-Thermal-CO-Elc-Elec;
;TES_per_sqm-kWh-Res-HHnew-Thermal;
;TES_per_sqm-kWh-Res-HHnew-Thermal-SH;
;TES_per_sqm-kWh-Res-HHnew-Thermal-SH-Solids-Solids;
;TES_per_sqm-kWh-Res-HHnew-Thermal-SH-LPG-LPG;
;TES_per_sqm-kWh-Res-HHnew-Thermal-SH-Oil-Oil_LiqBio;
;TES_per_sqm-kWh-Res-HHnew-Thermal-SH-Gas-NG_Biogas;
;TES_per_sqm-kWh-Res-HHnew-Thermal-SH-Biomass-Biomass_Waste;
;TES_per_sqm-kWh-Res-HHnew-Thermal-SH-Geo-Geo;
;TES_per_sqm-kWh-Res-HHnew-Thermal-SH-DistrHeat-Steam_Distr;
;TES_per_sqm-kWh-Res-HHnew-Thermal-SH-AdvElc-Elec;
;TES_per_sqm-kWh-Res-HHnew-Thermal-SH-ConvElc-Elec;
;TES_per_sqm-kWh-Res-HHnew-Thermal-SH-TotalCirculation-Elec;
;TES_per_sqm-kWh-Res-HHnew-Thermal-SC;
;TES_per_sqm-kWh-Res-HHnew-Thermal-SC-AC-Elec;
;TES_per_sqm-kWh-Res-HHnew-Thermal-WH;
;TES_per_sqm-kWh-Res-HHnew-Thermal-WH-Solids-Solids;
;TES_per_sqm-kWh-Res-HHnew-Thermal-WH-LPG-LPG;
;TES_per_sqm-kWh-Res-HHnew-Thermal-WH-Oil-Oil_LiqBio;
;TES_per_sqm-kWh-Res-HHnew-Thermal-WH-Gas-NG_Biogas;
;TES_per_sqm-kWh-Res-HHnew-Thermal-WH-Biomass-Biomass_Waste;
;TES_per_sqm-kWh-Res-HHnew-Thermal-WH-Geo-Geo;
;TES_per_sqm-kWh-Res-HHnew-Thermal-WH-DistrHeat-Steam_Distr;
;TES_per_sqm-kWh-Res-HHnew-Thermal-WH-Elc-Elec;
;TES_per_sqm-kWh-Res-HHnew-Thermal-WH-TotalSolar-Solar;
;TES_per_sqm-kWh-Res-HHnew-Thermal-CO;
;TES_per_sqm-kWh-Res-HHnew-Thermal-CO-Solids-Solids;
;TES_per_sqm-kWh-Res-HHnew-Thermal-CO-LPG-LPG;
;TES_per_sqm-kWh-Res-HHnew-Thermal-CO-Gas-NG_Biogas;
;TES_per_sqm-kWh-Res-HHnew-Thermal-CO-Biomass-Biomass_Waste;
;TES_per_sqm-kWh-Res-HHnew-Thermal-CO-Elc-Elec;
;EMI_per_sqm-kgCO2-Res-HHnew-Thermal;
;EMI_per_sqm-kgCO2-Res-HHnew-Thermal-SH;
;EMI_per_sqm-kgCO2-Res-HHnew-Thermal-SH-Solids-Solids;
;EMI_per_sqm-kgCO2-Res-HHnew-Thermal-SH-LPG-LPG;
;EMI_per_sqm-kgCO2-Res-HHnew-Thermal-SH-Oil-Oil_LiqBio;
;EMI_per_sqm-kgCO2-Res-HHnew-Thermal-SH-Gas-NG_Biogas;
;EMI_per_sqm-kgCO2-Res-HHnew-Thermal-SH-Biomass-Biomass_Waste;
;EMI_per_sqm-kgCO2-Res-HHnew-Thermal-SH-Geo-Geo;
;EMI_per_sqm-kgCO2-Res-HHnew-Thermal-SH-DistrHeat-Steam_Distr;
;EMI_per_sqm-kgCO2-Res-HHnew-Thermal-SH-AdvElc-Elec;
;EMI_per_sqm-kgCO2-Res-HHnew-Thermal-SH-ConvElc-Elec;
;EMI_per_sqm-kgCO2-Res-HHnew-Thermal-SH-TotalCirculation-Elec;
;EMI_per_sqm-kgCO2-Res-HHnew-Thermal-SC;
;EMI_per_sqm-kgCO2-Res-HHnew-Thermal-SC-AC-Elec;
;EMI_per_sqm-kgCO2-Res-HHnew-Thermal-WH;
;EMI_per_sqm-kgCO2-Res-HHnew-Thermal-WH-Solids-Solids;
;EMI_per_sqm-kgCO2-Res-HHnew-Thermal-WH-LPG-LPG;
;EMI_per_sqm-kgCO2-Res-HHnew-Thermal-WH-Oil-Oil_LiqBio;
;EMI_per_sqm-kgCO2-Res-HHnew-Thermal-WH-Gas-NG_Biogas;
;EMI_per_sqm-kgCO2-Res-HHnew-Thermal-WH-Biomass-Biomass_Waste;
;EMI_per_sqm-kgCO2-Res-HHnew-Thermal-WH-Geo-Geo;
;EMI_per_sqm-kgCO2-Res-HHnew-Thermal-WH-DistrHeat-Steam_Distr;
;EMI_per_sqm-kgCO2-Res-HHnew-Thermal-WH-Elc-Elec;
;EMI_per_sqm-kgCO2-Res-HHnew-Thermal-WH-TotalSolar-Solar;
;EMI_per_sqm-kgCO2-Res-HHnew-Thermal-CO;
;EMI_per_sqm-kgCO2-Res-HHnew-Thermal-CO-Solids-Solids;
;EMI_per_sqm-kgCO2-Res-HHnew-Thermal-CO-LPG-LPG;
;EMI_per_sqm-kgCO2-Res-HHnew-Thermal-CO-Gas-NG_Biogas;
;EMI_per_sqm-kgCO2-Res-HHnew-Thermal-CO-Biomass-Biomass_Waste;
;EMI_per_sqm-kgCO2-Res-HHnew-Thermal-CO-Elc-Elec;
;FEC-ktoe-Res-HH-Appl-RF;
;FEC-ktoe-Res-HH-Appl-WM;
;FEC-ktoe-Res-HH-Appl-DR;
;FEC-ktoe-Res-HH-Appl-DW;
;FEC-ktoe-Res-HH-Appl-TV;
;FEC-ktoe-Res-HH-Appl-IT;
;FEC-ktoe-Res-HH-Appl-LI;
;FEC-ktoe-Res-HH-Appl-OA;
;Size-MW-Res-HH-Appl;
;Size-MW-Res-HH-Appl-RF;
;Size-MW-Res-HH-Appl-WM;
;Size-MW-Res-HH-Appl-DR;
;Size-MW-Res-HH-Appl-DW;
;Size-MW-Res-HH-Appl-TV;
;Size-MW-Res-HH-Appl-IT;
;Size-MW-Res-HH-Appl-LI;
;Size-MW-Res-HH-Appl-OA;
;NUM-number-Res-HH-Appl-RF;
;NUM-number-Res-HH-Appl-WM;
;NUM-number-Res-HH-Appl-DR;
;NUM-number-Res-HH-Appl-DW;
;NUM-number-Res-HH-Appl-TV;
;NUM-number-Res-HH-Appl-IT;
;NUM-number-Res-HH-Appl-LI;
;NUM-number-Res-HH-Appl-OA;
;NUM-number-Res-HH-Applnew-RF;
;NUM-number-Res-HH-Applnew-WM;
;NUM-number-Res-HH-Applnew-DR;
;NUM-number-Res-HH-Applnew-DW;
;NUM-number-Res-HH-Applnew-TV;
;NUM-number-Res-HH-Applnew-IT;
;NUM-number-Res-HH-Applnew-LI;
;NUM-number-Res-HH-Applnew-OA;
;NUM-number-Res-HH-Applrepl-RF;
;NUM-number-Res-HH-Applrepl-WM;
;NUM-number-Res-HH-Applrepl-DR;
;NUM-number-Res-HH-Applrepl-DW;
;NUM-number-Res-HH-Applrepl-TV;
;NUM-number-Res-HH-Applrepl-IT;
;NUM-number-Res-HH-Applrepl-LI;
;NUM-number-Res-HH-Applrepl-OA;
;Op-hours-Res-HH-Appl-RF;
;Op-hours-Res-HH-Appl-WM;
;Op-hours-Res-HH-Appl-DR;
;Op-hours-Res-HH-Appl-DW;
;Op-hours-Res-HH-Appl-TV;
;Op-hours-Res-HH-Appl-IT;
;Op-hours-Res-HH-Appl-LI;
;Op-hours-Res-HH-Appl-OA;
;Size_per_appl-W-Res-HH-Appl-RF;
;Size_per_appl-W-Res-HH-Appl-WM;
;Size_per_appl-W-Res-HH-Appl-DR;
;Size_per_appl-W-Res-HH-Appl-DW;
;Size_per_appl-W-Res-HH-Appl-TV;
;Size_per_appl-W-Res-HH-Appl-IT;
;Size_per_appl-W-Res-HH-Appl-LI;
;Size_per_appl-W-Res-HH-Appl-OA;
;Size_per_appl-W-Res-HH-Applnew-RF;
;Size_per_appl-W-Res-HH-Applnew-WM;
;Size_per_appl-W-Res-HH-Applnew-DR;
;Size_per_appl-W-Res-HH-Applnew-DW;
;Size_per_appl-W-Res-HH-Applnew-TV;
;Size_per_appl-W-Res-HH-Applnew-IT;
;Size_per_appl-W-Res-HH-Applnew-LI;
;Size_per_appl-W-Res-HH-Applnew-OA;
;NUM-number_per_household-Res-HH-Appl-RF;
;NUM-number_per_household-Res-HH-Appl-WM;
;NUM-number_per_household-Res-HH-Appl-DR;
;NUM-number_per_household-Res-HH-Appl-DW;
;NUM-number_per_household-Res-HH-Appl-TV;
;NUM-number_per_household-Res-HH-Appl-IT;
;NUM-number_per_household-Res-HH-Appl-LI;
;NUM-number_per_household-Res-HH-Appl-OA;
;Size_per_household-W-Res-HH-Appl-RF;
;Size_per_household-W-Res-HH-Appl-WM;
;Size_per_household-W-Res-HH-Appl-DR;
;Size_per_household-W-Res-HH-Appl-DW;
;Size_per_household-W-Res-HH-Appl-TV;
;Size_per_household-W-Res-HH-Appl-IT;
;Size_per_household-W-Res-HH-Appl-LI;
;Size_per_household-W-Res-HH-Appl-OA;
;FEC_per_household-kWh-Res-HH-Appl-RF;
;FEC_per_household-kWh-Res-HH-Appl-WM;
;FEC_per_household-kWh-Res-HH-Appl-DR;
;FEC_per_household-kWh-Res-HH-Appl-DW;
;FEC_per_household-kWh-Res-HH-Appl-TV;
;FEC_per_household-kWh-Res-HH-Appl-IT;
;FEC_per_household-kWh-Res-HH-Appl-LI;
;FEC_per_household-kWh-Res-HH-Appl-OA;
;Lumens_per_household-lumen-Res-HH-Appl-LI;
;NUM-number-Res-HH-Thermal-SH-Solids-SH;
;NUM-number-Res-HH-Thermal-SH-Solids-SC-AC;
;NUM-number-Res-HH-Thermal-SH-Solids-WH-Solids-NoSolar;
;NUM-number-Res-HH-Thermal-SH-Solids-WH-LPG-NoSolar;
;NUM-number-Res-HH-Thermal-SH-Solids-WH-LPG-Solar;
;NUM-number-Res-HH-Thermal-SH-Solids-WH-Elc-NoSolar;
;NUM-number-Res-HH-Thermal-SH-Solids-WH-Elc-Solar;
;NUM-number-Res-HH-Thermal-SH-Solids-CO-Solids;
;NUM-number-Res-HH-Thermal-SH-Solids-CO-LPG;
;NUM-number-Res-HH-Thermal-SH-Solids-CO-Elc;
;NUM-number-Res-HH-Thermal-SH-LPG-SH;
;NUM-number-Res-HH-Thermal-SH-LPG-SC-AC;
;NUM-number-Res-HH-Thermal-SH-LPG-WH-LPG-NoSolar;
;NUM-number-Res-HH-Thermal-SH-LPG-WH-LPG-Solar;
;NUM-number-Res-HH-Thermal-SH-LPG-WH-Elc-NoSolar;
;NUM-number-Res-HH-Thermal-SH-LPG-WH-Elc-Solar;
;NUM-number-Res-HH-Thermal-SH-LPG-CO-LPG;
;NUM-number-Res-HH-Thermal-SH-LPG-CO-Elc;
;NUM-number-Res-HH-Thermal-SH-Oil-SH;
;NUM-number-Res-HH-Thermal-SH-Oil-SC-AC;
;NUM-number-Res-HH-Thermal-SH-Oil-WH-Oil-NoSolar;
;NUM-number-Res-HH-Thermal-SH-Oil-WH-Oil-Solar;
;NUM-number-Res-HH-Thermal-SH-Oil-WH-Elc-NoSolar;
;NUM-number-Res-HH-Thermal-SH-Oil-WH-Elc-Solar;
;NUM-number-Res-HH-Thermal-SH-Oil-CO-LPG;
;NUM-number-Res-HH-Thermal-SH-Oil-CO-Elc;
;NUM-number-Res-HH-Thermal-SH-Gas-SH;
;NUM-number-Res-HH-Thermal-SH-Gas-SC-AC;
;NUM-number-Res-HH-Thermal-SH-Gas-WH-Gas-NoSolar;
;NUM-number-Res-HH-Thermal-SH-Gas-WH-Gas-Solar;
;NUM-number-Res-HH-Thermal-SH-Gas-WH-Elc-NoSolar;
;NUM-number-Res-HH-Thermal-SH-Gas-WH-Elc-Solar;
;NUM-number-Res-HH-Thermal-SH-Gas-CO-Gas;
;NUM-number-Res-HH-Thermal-SH-Gas-CO-Elc;
;NUM-number-Res-HH-Thermal-SH-Biomass-SH;
;NUM-number-Res-HH-Thermal-SH-Biomass-SC-AC;
;NUM-number-Res-HH-Thermal-SH-Biomass-WH-Biomass-NoSolar;
;NUM-number-Res-HH-Thermal-SH-Biomass-WH-Biomass-Solar;
;NUM-number-Res-HH-Thermal-SH-Biomass-WH-LPG-NoSolar;
;NUM-number-Res-HH-Thermal-SH-Biomass-WH-LPG-Solar;
;NUM-number-Res-HH-Thermal-SH-Biomass-WH-Elc-NoSolar;
;NUM-number-Res-HH-Thermal-SH-Biomass-WH-Elc-Solar;
;NUM-number-Res-HH-Thermal-SH-Biomass-CO-Biomass;
;NUM-number-Res-HH-Thermal-SH-Biomass-CO-LPG;
;NUM-number-Res-HH-Thermal-SH-Biomass-CO-Elc;
;NUM-number-Res-HH-Thermal-SH-Geo-SH;
;NUM-number-Res-HH-Thermal-SH-Geo-SC-AC;
;NUM-number-Res-HH-Thermal-SH-Geo-WH-Geo-NoSolar;
;NUM-number-Res-HH-Thermal-SH-Geo-WH-Geo-Solar;
;NUM-number-Res-HH-Thermal-SH-Geo-WH-Elc-NoSolar;
;NUM-number-Res-HH-Thermal-SH-Geo-WH-Elc-Solar;
;NUM-number-Res-HH-Thermal-SH-Geo-CO-LPG;
;NUM-number-Res-HH-Thermal-SH-Geo-CO-Elc;
;NUM-number-Res-HH-Thermal-SH-DistrHeat-SH;
;NUM-number-Res-HH-Thermal-SH-DistrHeat-SC-AC;
;NUM-number-Res-HH-Thermal-SH-DistrHeat-WH-DistrHeat-NoSolar;
;NUM-number-Res-HH-Thermal-SH-DistrHeat-WH-DistrHeat-Solar;
;NUM-number-Res-HH-Thermal-SH-DistrHeat-WH-Elc-NoSolar;
;NUM-number-Res-HH-Thermal-SH-DistrHeat-WH-Elc-Solar;
;NUM-number-Res-HH-Thermal-SH-DistrHeat-CO-LPG;
;NUM-number-Res-HH-Thermal-SH-DistrHeat-CO-Elc;
;NUM-number-Res-HH-Thermal-SH-AdvElc-SH;
;NUM-number-Res-HH-Thermal-SH-AdvElc-SC-AC;
;NUM-number-Res-HH-Thermal-SH-AdvElc-WH-LPG-NoSolar;
;NUM-number-Res-HH-Thermal-SH-AdvElc-WH-LPG-Solar;
;NUM-number-Res-HH-Thermal-SH-AdvElc-WH-Elc-NoSolar;
;NUM-number-Res-HH-Thermal-SH-AdvElc-WH-Elc-Solar;
;NUM-number-Res-HH-Thermal-SH-AdvElc-CO-LPG;
;NUM-number-Res-HH-Thermal-SH-AdvElc-CO-Elc;
;NUM-number-Res-HH-Thermal-SH-ConvElc-SH;
;NUM-number-Res-HH-Thermal-SH-ConvElc-SC-AC;
;NUM-number-Res-HH-Thermal-SH-ConvElc-WH-LPG-NoSolar;
;NUM-number-Res-HH-Thermal-SH-ConvElc-WH-LPG-Solar;
;NUM-number-Res-HH-Thermal-SH-ConvElc-WH-Elc-NoSolar;
;NUM-number-Res-HH-Thermal-SH-ConvElc-WH-Elc-Solar;
;NUM-number-Res-HH-Thermal-SH-ConvElc-CO-LPG;
;NUM-number-Res-HH-Thermal-SH-ConvElc-CO-Elc;
;NUM-number-Res-HH-ThermalOut-SH-Solids;
;NUM-number-Res-HH-ThermalOut-SH-Solids-SH;
;NUM-number-Res-HH-ThermalOut-SH-Solids-SC-AC;
;NUM-number-Res-HH-ThermalOut-SH-Solids-WH-Solids-NoSolar;
;NUM-number-Res-HH-ThermalOut-SH-Solids-WH-LPG-NoSolar;
;NUM-number-Res-HH-ThermalOut-SH-Solids-WH-LPG-Solar;
;NUM-number-Res-HH-ThermalOut-SH-Solids-WH-Elc-NoSolar;
;NUM-number-Res-HH-ThermalOut-SH-Solids-WH-Elc-Solar;
;NUM-number-Res-HH-ThermalOut-SH-Solids-CO-Solids;
;NUM-number-Res-HH-ThermalOut-SH-Solids-CO-LPG;
;NUM-number-Res-HH-ThermalOut-SH-Solids-CO-Elc;
;NUM-number-Res-HH-ThermalOut-SH-LPG;
;NUM-number-Res-HH-ThermalOut-SH-LPG-SH;
;NUM-number-Res-HH-ThermalOut-SH-LPG-SC-AC;
;NUM-number-Res-HH-ThermalOut-SH-LPG-WH-LPG-NoSolar;
;NUM-number-Res-HH-ThermalOut-SH-LPG-WH-LPG-Solar;
;NUM-number-Res-HH-ThermalOut-SH-LPG-WH-Elc-NoSolar;
;NUM-number-Res-HH-ThermalOut-SH-LPG-WH-Elc-Solar;
;NUM-number-Res-HH-ThermalOut-SH-LPG-CO-LPG;
;NUM-number-Res-HH-ThermalOut-SH-LPG-CO-Elc;
;NUM-number-Res-HH-ThermalOut-SH-Oil;
;NUM-number-Res-HH-ThermalOut-SH-Oil-SH;
;NUM-number-Res-HH-ThermalOut-SH-Oil-SC-AC;
;NUM-number-Res-HH-ThermalOut-SH-Oil-WH-Oil-NoSolar;
;NUM-number-Res-HH-ThermalOut-SH-Oil-WH-Oil-Solar;
;NUM-number-Res-HH-ThermalOut-SH-Oil-WH-Elc-NoSolar;
;NUM-number-Res-HH-ThermalOut-SH-Oil-WH-Elc-Solar;
;NUM-number-Res-HH-ThermalOut-SH-Oil-CO-LPG;
;NUM-number-Res-HH-ThermalOut-SH-Oil-CO-Elc;
;NUM-number-Res-HH-ThermalOut-SH-Gas;
;NUM-number-Res-HH-ThermalOut-SH-Gas-SH;
;NUM-number-Res-HH-ThermalOut-SH-Gas-SC-AC;
;NUM-number-Res-HH-ThermalOut-SH-Gas-WH-Gas-NoSolar;
;NUM-number-Res-HH-ThermalOut-SH-Gas-WH-Gas-Solar;
;NUM-number-Res-HH-ThermalOut-SH-Gas-WH-Elc-NoSolar;
;NUM-number-Res-HH-ThermalOut-SH-Gas-WH-Elc-Solar;
;NUM-number-Res-HH-ThermalOut-SH-Gas-CO-Gas;
;NUM-number-Res-HH-ThermalOut-SH-Gas-CO-Elc;
;NUM-number-Res-HH-ThermalOut-SH-Biomass;
;NUM-number-Res-HH-ThermalOut-SH-Biomass-SH;
;NUM-number-Res-HH-ThermalOut-SH-Biomass-SC-AC;
;NUM-number-Res-HH-ThermalOut-SH-Biomass-WH-Biomass-NoSolar;
;NUM-number-Res-HH-ThermalOut-SH-Biomass-WH-Biomass-Solar;
;NUM-number-Res-HH-ThermalOut-SH-Biomass-WH-LPG-NoSolar;
;NUM-number-Res-HH-ThermalOut-SH-Biomass-WH-LPG-Solar;
;NUM-number-Res-HH-ThermalOut-SH-Biomass-WH-Elc-NoSolar;
;NUM-number-Res-HH-ThermalOut-SH-Biomass-WH-Elc-Solar;
;NUM-number-Res-HH-ThermalOut-SH-Biomass-CO-Biomass;
;NUM-number-Res-HH-ThermalOut-SH-Biomass-CO-LPG;
;NUM-number-Res-HH-ThermalOut-SH-Biomass-CO-Elc;
;NUM-number-Res-HH-ThermalOut-SH-Geo;
;NUM-number-Res-HH-ThermalOut-SH-Geo-SH;
;NUM-number-Res-HH-ThermalOut-SH-Geo-SC-AC;
;NUM-number-Res-HH-ThermalOut-SH-Geo-WH-Geo-NoSolar;
;NUM-number-Res-HH-ThermalOut-SH-Geo-WH-Geo-Solar;
;NUM-number-Res-HH-ThermalOut-SH-Geo-WH-Elc-NoSolar;
;NUM-number-Res-HH-ThermalOut-SH-Geo-WH-Elc-Solar;
;NUM-number-Res-HH-ThermalOut-SH-Geo-CO-LPG;
;NUM-number-Res-HH-ThermalOut-SH-Geo-CO-Elc;
;NUM-number-Res-HH-ThermalOut-SH-DistrHeat;
;NUM-number-Res-HH-ThermalOut-SH-DistrHeat-SH;
;NUM-number-Res-HH-ThermalOut-SH-DistrHeat-SC-AC;
;NUM-number-Res-HH-ThermalOut-SH-DistrHeat-WH-DistrHeat-NoSolar;
;NUM-number-Res-HH-ThermalOut-SH-DistrHeat-WH-DistrHeat-Solar;
;NUM-number-Res-HH-ThermalOut-SH-DistrHeat-WH-Elc-NoSolar;
;NUM-number-Res-HH-ThermalOut-SH-DistrHeat-WH-Elc-Solar;
;NUM-number-Res-HH-ThermalOut-SH-DistrHeat-CO-LPG;
;NUM-number-Res-HH-ThermalOut-SH-DistrHeat-CO-Elc;
;NUM-number-Res-HH-ThermalOut-SH-AdvElc;
;NUM-number-Res-HH-ThermalOut-SH-AdvElc-SH;
;NUM-number-Res-HH-ThermalOut-SH-AdvElc-SC-AC;
;NUM-number-Res-HH-ThermalOut-SH-AdvElc-WH-LPG-NoSolar;
;NUM-number-Res-HH-ThermalOut-SH-AdvElc-WH-LPG-Solar;
;NUM-number-Res-HH-ThermalOut-SH-AdvElc-WH-Elc-NoSolar;
;NUM-number-Res-HH-ThermalOut-SH-AdvElc-WH-Elc-Solar;
;NUM-number-Res-HH-ThermalOut-SH-AdvElc-CO-LPG;
;NUM-number-Res-HH-ThermalOut-SH-AdvElc-CO-Elc;
;NUM-number-Res-HH-ThermalOut-SH-ConvElc;
;NUM-number-Res-HH-ThermalOut-SH-ConvElc-SH;
;NUM-number-Res-HH-ThermalOut-SH-ConvElc-SC-AC;
;NUM-number-Res-HH-ThermalOut-SH-ConvElc-WH-LPG-NoSolar;
;NUM-number-Res-HH-ThermalOut-SH-ConvElc-WH-LPG-Solar;
;NUM-number-Res-HH-ThermalOut-SH-ConvElc-WH-Elc-NoSolar;
;NUM-number-Res-HH-ThermalOut-SH-ConvElc-WH-Elc-Solar;
;NUM-number-Res-HH-ThermalOut-SH-ConvElc-CO-LPG;
;NUM-number-Res-HH-ThermalOut-SH-ConvElc-CO-Elc;
;NUM-number-Res-HH-ThermalNew-SH-Solids;
;NUM-number-Res-HH-ThermalNew-SH-Solids-SH;
;NUM-number-Res-HH-ThermalNew-SH-Solids-SC-AC;
;NUM-number-Res-HH-ThermalNew-SH-Solids-WH-Solids-NoSolar;
;NUM-number-Res-HH-ThermalNew-SH-Solids-WH-LPG-NoSolar;
;NUM-number-Res-HH-ThermalNew-SH-Solids-WH-LPG-Solar;
;NUM-number-Res-HH-ThermalNew-SH-Solids-WH-Elc-NoSolar;
;NUM-number-Res-HH-ThermalNew-SH-Solids-WH-Elc-Solar;
;NUM-number-Res-HH-ThermalNew-SH-Solids-CO-Solids;
;NUM-number-Res-HH-ThermalNew-SH-Solids-CO-LPG;
;NUM-number-Res-HH-ThermalNew-SH-Solids-CO-Elc;
;NUM-number-Res-HH-ThermalNew-SH-LPG;
;NUM-number-Res-HH-ThermalNew-SH-LPG-SH;
;NUM-number-Res-HH-ThermalNew-SH-LPG-SC-AC;
;NUM-number-Res-HH-ThermalNew-SH-LPG-WH-LPG-NoSolar;
;NUM-number-Res-HH-ThermalNew-SH-LPG-WH-LPG-Solar;
;NUM-number-Res-HH-ThermalNew-SH-LPG-WH-Elc-NoSolar;
;NUM-number-Res-HH-ThermalNew-SH-LPG-WH-Elc-Solar;
;NUM-number-Res-HH-ThermalNew-SH-LPG-CO-LPG;
;NUM-number-Res-HH-ThermalNew-SH-LPG-CO-Elc;
;NUM-number-Res-HH-ThermalNew-SH-Oil;
;NUM-number-Res-HH-ThermalNew-SH-Oil-SH;
;NUM-number-Res-HH-ThermalNew-SH-Oil-SC-AC;
;NUM-number-Res-HH-ThermalNew-SH-Oil-WH-Oil-NoSolar;
;NUM-number-Res-HH-ThermalNew-SH-Oil-WH-Oil-Solar;
;NUM-number-Res-HH-ThermalNew-SH-Oil-WH-Elc-NoSolar;
;NUM-number-Res-HH-ThermalNew-SH-Oil-WH-Elc-Solar;
;NUM-number-Res-HH-ThermalNew-SH-Oil-CO-LPG;
;NUM-number-Res-HH-ThermalNew-SH-Oil-CO-Elc;
;NUM-number-Res-HH-ThermalNew-SH-Gas;
;NUM-number-Res-HH-ThermalNew-SH-Gas-SH;
;NUM-number-Res-HH-ThermalNew-SH-Gas-SC-AC;
;NUM-number-Res-HH-ThermalNew-SH-Gas-WH-Gas-NoSolar;
;NUM-number-Res-HH-ThermalNew-SH-Gas-WH-Gas-Solar;
;NUM-number-Res-HH-ThermalNew-SH-Gas-WH-Elc-NoSolar;
;NUM-number-Res-HH-ThermalNew-SH-Gas-WH-Elc-Solar;
;NUM-number-Res-HH-ThermalNew-SH-Gas-CO-Gas;
;NUM-number-Res-HH-ThermalNew-SH-Gas-CO-Elc;
;NUM-number-Res-HH-ThermalNew-SH-Biomass;
;NUM-number-Res-HH-ThermalNew-SH-Biomass-SH;
;NUM-number-Res-HH-ThermalNew-SH-Biomass-SC-AC;
;NUM-number-Res-HH-ThermalNew-SH-Biomass-WH-Biomass-NoSolar;
;NUM-number-Res-HH-ThermalNew-SH-Biomass-WH-Biomass-Solar;
;NUM-number-Res-HH-ThermalNew-SH-Biomass-WH-LPG-NoSolar;
;NUM-number-Res-HH-ThermalNew-SH-Biomass-WH-LPG-Solar;
;NUM-number-Res-HH-ThermalNew-SH-Biomass-WH-Elc-NoSolar;
;NUM-number-Res-HH-ThermalNew-SH-Biomass-WH-Elc-Solar;
;NUM-number-Res-HH-ThermalNew-SH-Biomass-CO-Biomass;
;NUM-number-Res-HH-ThermalNew-SH-Biomass-CO-LPG;
;NUM-number-Res-HH-ThermalNew-SH-Biomass-CO-Elc;
;NUM-number-Res-HH-ThermalNew-SH-Geo;
;NUM-number-Res-HH-ThermalNew-SH-Geo-SH;
;NUM-number-Res-HH-ThermalNew-SH-Geo-SC-AC;
;NUM-number-Res-HH-ThermalNew-SH-Geo-WH-Geo-NoSolar;
;NUM-number-Res-HH-ThermalNew-SH-Geo-WH-Geo-Solar;
;NUM-number-Res-HH-ThermalNew-SH-Geo-WH-Elc-NoSolar;
;NUM-number-Res-HH-ThermalNew-SH-Geo-WH-Elc-Solar;
;NUM-number-Res-HH-ThermalNew-SH-Geo-CO-LPG;
;NUM-number-Res-HH-ThermalNew-SH-Geo-CO-Elc;
;NUM-number-Res-HH-ThermalNew-SH-DistrHeat;
;NUM-number-Res-HH-ThermalNew-SH-DistrHeat-SH;
;NUM-number-Res-HH-ThermalNew-SH-DistrHeat-SC-AC;
;NUM-number-Res-HH-ThermalNew-SH-DistrHeat-WH-DistrHeat-NoSolar;
;NUM-number-Res-HH-ThermalNew-SH-DistrHeat-WH-DistrHeat-Solar;
;NUM-number-Res-HH-ThermalNew-SH-DistrHeat-WH-Elc-NoSolar;
;NUM-number-Res-HH-ThermalNew-SH-DistrHeat-WH-Elc-Solar;
;NUM-number-Res-HH-ThermalNew-SH-DistrHeat-CO-LPG;
;NUM-number-Res-HH-ThermalNew-SH-DistrHeat-CO-Elc;
;NUM-number-Res-HH-ThermalNew-SH-AdvElc;
;NUM-number-Res-HH-ThermalNew-SH-AdvElc-SH;
;NUM-number-Res-HH-ThermalNew-SH-AdvElc-SC-AC;
;NUM-number-Res-HH-ThermalNew-SH-AdvElc-WH-LPG-NoSolar;
;NUM-number-Res-HH-ThermalNew-SH-AdvElc-WH-LPG-Solar;
;NUM-number-Res-HH-ThermalNew-SH-AdvElc-WH-Elc-NoSolar;
;NUM-number-Res-HH-ThermalNew-SH-AdvElc-WH-Elc-Solar;
;NUM-number-Res-HH-ThermalNew-SH-AdvElc-CO-LPG;
;NUM-number-Res-HH-ThermalNew-SH-AdvElc-CO-Elc;
;NUM-number-Res-HH-ThermalNew-SH-ConvElc;
;NUM-number-Res-HH-ThermalNew-SH-ConvElc-SH;
;NUM-number-Res-HH-ThermalNew-SH-ConvElc-SC-AC;
;NUM-number-Res-HH-ThermalNew-SH-ConvElc-WH-LPG-NoSolar;
;NUM-number-Res-HH-ThermalNew-SH-ConvElc-WH-LPG-Solar;
;NUM-number-Res-HH-ThermalNew-SH-ConvElc-WH-Elc-NoSolar;
;NUM-number-Res-HH-ThermalNew-SH-ConvElc-WH-Elc-Solar;
;NUM-number-Res-HH-ThermalNew-SH-ConvElc-CO-LPG;
;NUM-number-Res-HH-ThermalNew-SH-ConvElc-CO-Elc;
;NUM-number-Res-HHnew-ThermalNew-SH-Solids;
;NUM-number-Res-HHnew-ThermalNew-SH-Solids-SH;
;NUM-number-Res-HHnew-ThermalNew-SH-Solids-SC-AC;
;NUM-number-Res-HHnew-ThermalNew-SH-Solids-WH-Solids-NoSolar;
;NUM-number-Res-HHnew-ThermalNew-SH-Solids-WH-LPG-NoSolar;
;NUM-number-Res-HHnew-ThermalNew-SH-Solids-WH-LPG-Solar;
;NUM-number-Res-HHnew-ThermalNew-SH-Solids-WH-Elc-NoSolar;
;NUM-number-Res-HHnew-ThermalNew-SH-Solids-WH-Elc-Solar;
;NUM-number-Res-HHnew-ThermalNew-SH-Solids-CO-Solids;
;NUM-number-Res-HHnew-ThermalNew-SH-Solids-CO-LPG;
;NUM-number-Res-HHnew-ThermalNew-SH-Solids-CO-Elc;
;NUM-number-Res-HHnew-ThermalNew-SH-LPG;
;NUM-number-Res-HHnew-ThermalNew-SH-LPG-SH;
;NUM-number-Res-HHnew-ThermalNew-SH-LPG-SC-AC;
;NUM-number-Res-HHnew-ThermalNew-SH-LPG-WH-LPG-NoSolar;
;NUM-number-Res-HHnew-ThermalNew-SH-LPG-WH-LPG-Solar;
;NUM-number-Res-HHnew-ThermalNew-SH-LPG-WH-Elc-NoSolar;
;NUM-number-Res-HHnew-ThermalNew-SH-LPG-WH-Elc-Solar;
;NUM-number-Res-HHnew-ThermalNew-SH-LPG-CO-LPG;
;NUM-number-Res-HHnew-ThermalNew-SH-LPG-CO-Elc;
;NUM-number-Res-HHnew-ThermalNew-SH-Oil;
;NUM-number-Res-HHnew-ThermalNew-SH-Oil-SH;
;NUM-number-Res-HHnew-ThermalNew-SH-Oil-SC-AC;
;NUM-number-Res-HHnew-ThermalNew-SH-Oil-WH-Oil-NoSolar;
;NUM-number-Res-HHnew-ThermalNew-SH-Oil-WH-Oil-Solar;
;NUM-number-Res-HHnew-ThermalNew-SH-Oil-WH-Elc-NoSolar;
;NUM-number-Res-HHnew-ThermalNew-SH-Oil-WH-Elc-Solar;
;NUM-number-Res-HHnew-ThermalNew-SH-Oil-CO-LPG;
;NUM-number-Res-HHnew-ThermalNew-SH-Oil-CO-Elc;
;NUM-number-Res-HHnew-ThermalNew-SH-Gas;
;NUM-number-Res-HHnew-ThermalNew-SH-Gas-SH;
;NUM-number-Res-HHnew-ThermalNew-SH-Gas-SC-AC;
;NUM-number-Res-HHnew-ThermalNew-SH-Gas-WH-Gas-NoSolar;
;NUM-number-Res-HHnew-ThermalNew-SH-Gas-WH-Gas-Solar;
;NUM-number-Res-HHnew-ThermalNew-SH-Gas-WH-Elc-NoSolar;
;NUM-number-Res-HHnew-ThermalNew-SH-Gas-WH-Elc-Solar;
;NUM-number-Res-HHnew-ThermalNew-SH-Gas-CO-Gas;
;NUM-number-Res-HHnew-ThermalNew-SH-Gas-CO-Elc;
;NUM-number-Res-HHnew-ThermalNew-SH-Biomass;
;NUM-number-Res-HHnew-ThermalNew-SH-Biomass-SH;
;NUM-number-Res-HHnew-ThermalNew-SH-Biomass-SC-AC;
;NUM-number-Res-HHnew-ThermalNew-SH-Biomass-WH-Biomass-NoSolar;
;NUM-number-Res-HHnew-ThermalNew-SH-Biomass-WH-Biomass-Solar;
;NUM-number-Res-HHnew-ThermalNew-SH-Biomass-WH-LPG-NoSolar;
;NUM-number-Res-HHnew-ThermalNew-SH-Biomass-WH-LPG-Solar;
;NUM-number-Res-HHnew-ThermalNew-SH-Biomass-WH-Elc-NoSolar;
;NUM-number-Res-HHnew-ThermalNew-SH-Biomass-WH-Elc-Solar;
;NUM-number-Res-HHnew-ThermalNew-SH-Biomass-CO-Biomass;
;NUM-number-Res-HHnew-ThermalNew-SH-Biomass-CO-LPG;
;NUM-number-Res-HHnew-ThermalNew-SH-Biomass-CO-Elc;
;NUM-number-Res-HHnew-ThermalNew-SH-Geo;
;NUM-number-Res-HHnew-ThermalNew-SH-Geo-SH;
;NUM-number-Res-HHnew-ThermalNew-SH-Geo-SC-AC;
;NUM-number-Res-HHnew-ThermalNew-SH-Geo-WH-Geo-NoSolar;
;NUM-number-Res-HHnew-ThermalNew-SH-Geo-WH-Geo-Solar;
;NUM-number-Res-HHnew-ThermalNew-SH-Geo-WH-Elc-NoSolar;
;NUM-number-Res-HHnew-ThermalNew-SH-Geo-WH-Elc-Solar;
;NUM-number-Res-HHnew-ThermalNew-SH-Geo-CO-LPG;
;NUM-number-Res-HHnew-ThermalNew-SH-Geo-CO-Elc;
;NUM-number-Res-HHnew-ThermalNew-SH-DistrHeat;
;NUM-number-Res-HHnew-ThermalNew-SH-DistrHeat-SH;
;NUM-number-Res-HHnew-ThermalNew-SH-DistrHeat-SC-AC;
;NUM-number-Res-HHnew-ThermalNew-SH-DistrHeat-WH-DistrHeat-NoSolar;
;NUM-number-Res-HHnew-ThermalNew-SH-DistrHeat-WH-DistrHeat-Solar;
;NUM-number-Res-HHnew-ThermalNew-SH-DistrHeat-WH-Elc-NoSolar;
;NUM-number-Res-HHnew-ThermalNew-SH-DistrHeat-WH-Elc-Solar;
;NUM-number-Res-HHnew-ThermalNew-SH-DistrHeat-CO-LPG;
;NUM-number-Res-HHnew-ThermalNew-SH-DistrHeat-CO-Elc;
;NUM-number-Res-HHnew-ThermalNew-SH-AdvElc;
;NUM-number-Res-HHnew-ThermalNew-SH-AdvElc-SH;
;NUM-number-Res-HHnew-ThermalNew-SH-AdvElc-SC-AC;
;NUM-number-Res-HHnew-ThermalNew-SH-AdvElc-WH-LPG-NoSolar;
;NUM-number-Res-HHnew-ThermalNew-SH-AdvElc-WH-LPG-Solar;
;NUM-number-Res-HHnew-ThermalNew-SH-AdvElc-WH-Elc-NoSolar;
;NUM-number-Res-HHnew-ThermalNew-SH-AdvElc-WH-Elc-Solar;
;NUM-number-Res-HHnew-ThermalNew-SH-AdvElc-CO-LPG;
;NUM-number-Res-HHnew-ThermalNew-SH-AdvElc-CO-Elc;
;NUM-number-Res-HHnew-ThermalNew-SH-ConvElc;
;NUM-number-Res-HHnew-ThermalNew-SH-ConvElc-SH;
;NUM-number-Res-HHnew-ThermalNew-SH-ConvElc-SC-AC;
;NUM-number-Res-HHnew-ThermalNew-SH-ConvElc-WH-LPG-NoSolar;
;NUM-number-Res-HHnew-ThermalNew-SH-ConvElc-WH-LPG-Solar;
;NUM-number-Res-HHnew-ThermalNew-SH-ConvElc-WH-Elc-NoSolar;
;NUM-number-Res-HHnew-ThermalNew-SH-ConvElc-WH-Elc-Solar;
;NUM-number-Res-HHnew-ThermalNew-SH-ConvElc-CO-LPG;
;NUM-number-Res-HHnew-ThermalNew-SH-ConvElc-CO-Elc;
;NUM-number-Res-HH-ThermalRepl-SH-Solids;
;NUM-number-Res-HH-ThermalRepl-SH-Solids-SH;
;NUM-number-Res-HH-ThermalRepl-SH-Solids-SC-AC;
;NUM-number-Res-HH-ThermalRepl-SH-Solids-WH-Solids-NoSolar;
;NUM-number-Res-HH-ThermalRepl-SH-Solids-WH-LPG-NoSolar;
;NUM-number-Res-HH-ThermalRepl-SH-Solids-WH-LPG-Solar;
;NUM-number-Res-HH-ThermalRepl-SH-Solids-WH-Elc-NoSolar;
;NUM-number-Res-HH-ThermalRepl-SH-Solids-WH-Elc-Solar;
;NUM-number-Res-HH-ThermalRepl-SH-Solids-CO-Solids;
;NUM-number-Res-HH-ThermalRepl-SH-Solids-CO-LPG;
;NUM-number-Res-HH-ThermalRepl-SH-Solids-CO-Elc;
;NUM-number-Res-HH-ThermalRepl-SH-LPG;
;NUM-number-Res-HH-ThermalRepl-SH-LPG-SH;
;NUM-number-Res-HH-ThermalRepl-SH-LPG-SC-AC;
;NUM-number-Res-HH-ThermalRepl-SH-LPG-WH-LPG-NoSolar;
;NUM-number-Res-HH-ThermalRepl-SH-LPG-WH-LPG-Solar;
;NUM-number-Res-HH-ThermalRepl-SH-LPG-WH-Elc-NoSolar;
;NUM-number-Res-HH-ThermalRepl-SH-LPG-WH-Elc-Solar;
;NUM-number-Res-HH-ThermalRepl-SH-LPG-CO-LPG;
;NUM-number-Res-HH-ThermalRepl-SH-LPG-CO-Elc;
;NUM-number-Res-HH-ThermalRepl-SH-Oil;
;NUM-number-Res-HH-ThermalRepl-SH-Oil-SH;
;NUM-number-Res-HH-ThermalRepl-SH-Oil-SC-AC;
;NUM-number-Res-HH-ThermalRepl-SH-Oil-WH-Oil-NoSolar;
;NUM-number-Res-HH-ThermalRepl-SH-Oil-WH-Oil-Solar;
;NUM-number-Res-HH-ThermalRepl-SH-Oil-WH-Elc-NoSolar;
;NUM-number-Res-HH-ThermalRepl-SH-Oil-WH-Elc-Solar;
;NUM-number-Res-HH-ThermalRepl-SH-Oil-CO-LPG;
;NUM-number-Res-HH-ThermalRepl-SH-Oil-CO-Elc;
;NUM-number-Res-HH-ThermalRepl-SH-Gas;
;NUM-number-Res-HH-ThermalRepl-SH-Gas-SH;
;NUM-number-Res-HH-ThermalRepl-SH-Gas-SC-AC;
;NUM-number-Res-HH-ThermalRepl-SH-Gas-WH-Gas-NoSolar;
;NUM-number-Res-HH-ThermalRepl-SH-Gas-WH-Gas-Solar;
;NUM-number-Res-HH-ThermalRepl-SH-Gas-WH-Elc-NoSolar;
;NUM-number-Res-HH-ThermalRepl-SH-Gas-WH-Elc-Solar;
;NUM-number-Res-HH-ThermalRepl-SH-Gas-CO-Gas;
;NUM-number-Res-HH-ThermalRepl-SH-Gas-CO-Elc;
;NUM-number-Res-HH-ThermalRepl-SH-Biomass;
;NUM-number-Res-HH-ThermalRepl-SH-Biomass-SH;
;NUM-number-Res-HH-ThermalRepl-SH-Biomass-SC-AC;
;NUM-number-Res-HH-ThermalRepl-SH-Biomass-WH-Biomass-NoSolar;
;NUM-number-Res-HH-ThermalRepl-SH-Biomass-WH-Biomass-Solar;
;NUM-number-Res-HH-ThermalRepl-SH-Biomass-WH-LPG-NoSolar;
;NUM-number-Res-HH-ThermalRepl-SH-Biomass-WH-LPG-Solar;
;NUM-number-Res-HH-ThermalRepl-SH-Biomass-WH-Elc-NoSolar;
;NUM-number-Res-HH-ThermalRepl-SH-Biomass-WH-Elc-Solar;
;NUM-number-Res-HH-ThermalRepl-SH-Biomass-CO-Biomass;
;NUM-number-Res-HH-ThermalRepl-SH-Biomass-CO-LPG;
;NUM-number-Res-HH-ThermalRepl-SH-Biomass-CO-Elc;
;NUM-number-Res-HH-ThermalRepl-SH-Geo;
;NUM-number-Res-HH-ThermalRepl-SH-Geo-SH;
;NUM-number-Res-HH-ThermalRepl-SH-Geo-SC-AC;
;NUM-number-Res-HH-ThermalRepl-SH-Geo-WH-Geo-NoSolar;
;NUM-number-Res-HH-ThermalRepl-SH-Geo-WH-Geo-Solar;
;NUM-number-Res-HH-ThermalRepl-SH-Geo-WH-Elc-NoSolar;
;NUM-number-Res-HH-ThermalRepl-SH-Geo-WH-Elc-Solar;
;NUM-number-Res-HH-ThermalRepl-SH-Geo-CO-LPG;
;NUM-number-Res-HH-ThermalRepl-SH-Geo-CO-Elc;
;NUM-number-Res-HH-ThermalRepl-SH-DistrHeat;
;NUM-number-Res-HH-ThermalRepl-SH-DistrHeat-SH;
;NUM-number-Res-HH-ThermalRepl-SH-DistrHeat-SC-AC;
;NUM-number-Res-HH-ThermalRepl-SH-DistrHeat-WH-DistrHeat-NoSolar;
;NUM-number-Res-HH-ThermalRepl-SH-DistrHeat-WH-DistrHeat-Solar;
;NUM-number-Res-HH-ThermalRepl-SH-DistrHeat-WH-Elc-NoSolar;
;NUM-number-Res-HH-ThermalRepl-SH-DistrHeat-WH-Elc-Solar;
;NUM-number-Res-HH-ThermalRepl-SH-DistrHeat-CO-LPG;
;NUM-number-Res-HH-ThermalRepl-SH-DistrHeat-CO-Elc;
;NUM-number-Res-HH-ThermalRepl-SH-AdvElc;
;NUM-number-Res-HH-ThermalRepl-SH-AdvElc-SH;
;NUM-number-Res-HH-ThermalRepl-SH-AdvElc-SC-AC;
;NUM-number-Res-HH-ThermalRepl-SH-AdvElc-WH-LPG-NoSolar;
;NUM-number-Res-HH-ThermalRepl-SH-AdvElc-WH-LPG-Solar;
;NUM-number-Res-HH-ThermalRepl-SH-AdvElc-WH-Elc-NoSolar;
;NUM-number-Res-HH-ThermalRepl-SH-AdvElc-WH-Elc-Solar;
;NUM-number-Res-HH-ThermalRepl-SH-AdvElc-CO-LPG;
;NUM-number-Res-HH-ThermalRepl-SH-AdvElc-CO-Elc;
;NUM-number-Res-HH-ThermalRepl-SH-ConvElc;
;NUM-number-Res-HH-ThermalRepl-SH-ConvElc-SH;
;NUM-number-Res-HH-ThermalRepl-SH-ConvElc-SC-AC;
;NUM-number-Res-HH-ThermalRepl-SH-ConvElc-WH-LPG-NoSolar;
;NUM-number-Res-HH-ThermalRepl-SH-ConvElc-WH-LPG-Solar;
;NUM-number-Res-HH-ThermalRepl-SH-ConvElc-WH-Elc-NoSolar;
;NUM-number-Res-HH-ThermalRepl-SH-ConvElc-WH-Elc-Solar;
;NUM-number-Res-HH-ThermalRepl-SH-ConvElc-CO-LPG;
;NUM-number-Res-HH-ThermalRepl-SH-ConvElc-CO-Elc;
;VIN-number-Res-HH-Thermal-SH-Solids;<=2000
;VIN-number-Res-HH-Thermal-SH-Solids;2001
;VIN-number-Res-HH-Thermal-SH-Solids;2002
;VIN-number-Res-HH-Thermal-SH-Solids;2003
;VIN-number-Res-HH-Thermal-SH-Solids;2004
;VIN-number-Res-HH-Thermal-SH-Solids;2005
;VIN-number-Res-HH-Thermal-SH-Solids;2006
;VIN-number-Res-HH-Thermal-SH-Solids;2007
;VIN-number-Res-HH-Thermal-SH-Solids;2008
;VIN-number-Res-HH-Thermal-SH-Solids;2009
;VIN-number-Res-HH-Thermal-SH-Solids;2010
;VIN-number-Res-HH-Thermal-SH-Solids;2011
;VIN-number-Res-HH-Thermal-SH-Solids;2012
;VIN-number-Res-HH-Thermal-SH-Solids;2013
;VIN-number-Res-HH-Thermal-SH-Solids;2014
;VIN-number-Res-HH-Thermal-SH-Solids;2015
;VIN-number-Res-HH-Thermal-SH-Solids;2016
;VIN-number-Res-HH-Thermal-SH-Solids;2017
;VIN-number-Res-HH-Thermal-SH-Solids;2018
;VIN-number-Res-HH-Thermal-SH-Solids;2019
;VIN-number-Res-HH-Thermal-SH-Solids;2020
;VIN-number-Res-HH-Thermal-SH-Solids;2021
;VIN-number-Res-HH-Thermal-SH-Solids-SH;<=2000
;VIN-number-Res-HH-Thermal-SH-Solids-SH;2001
;VIN-number-Res-HH-Thermal-SH-Solids-SH;2002
;VIN-number-Res-HH-Thermal-SH-Solids-SH;2003
;VIN-number-Res-HH-Thermal-SH-Solids-SH;2004
;VIN-number-Res-HH-Thermal-SH-Solids-SH;2005
;VIN-number-Res-HH-Thermal-SH-Solids-SH;2006
;VIN-number-Res-HH-Thermal-SH-Solids-SH;2007
;VIN-number-Res-HH-Thermal-SH-Solids-SH;2008
;VIN-number-Res-HH-Thermal-SH-Solids-SH;2009
;VIN-number-Res-HH-Thermal-SH-Solids-SH;2010
;VIN-number-Res-HH-Thermal-SH-Solids-SH;2011
;VIN-number-Res-HH-Thermal-SH-Solids-SH;2012
;VIN-number-Res-HH-Thermal-SH-Solids-SH;2013
;VIN-number-Res-HH-Thermal-SH-Solids-SH;2014
;VIN-number-Res-HH-Thermal-SH-Solids-SH;2015
;VIN-number-Res-HH-Thermal-SH-Solids-SH;2016
;VIN-number-Res-HH-Thermal-SH-Solids-SH;2017
;VIN-number-Res-HH-Thermal-SH-Solids-SH;2018
;VIN-number-Res-HH-Thermal-SH-Solids-SH;2019
;VIN-number-Res-HH-Thermal-SH-Solids-SH;2020
;VIN-number-Res-HH-Thermal-SH-Solids-SH;2021
;VIN-number-Res-HH-Thermal-SH-Solids-SC-AC;<=2000
;VIN-number-Res-HH-Thermal-SH-Solids-SC-AC;2001
;VIN-number-Res-HH-Thermal-SH-Solids-SC-AC;2002
;VIN-number-Res-HH-Thermal-SH-Solids-SC-AC;2003
;VIN-number-Res-HH-Thermal-SH-Solids-SC-AC;2004
;VIN-number-Res-HH-Thermal-SH-Solids-SC-AC;2005
;VIN-number-Res-HH-Thermal-SH-Solids-SC-AC;2006
;VIN-number-Res-HH-Thermal-SH-Solids-SC-AC;2007
;VIN-number-Res-HH-Thermal-SH-Solids-SC-AC;2008
;VIN-number-Res-HH-Thermal-SH-Solids-SC-AC;2009
;VIN-number-Res-HH-Thermal-SH-Solids-SC-AC;2010
;VIN-number-Res-HH-Thermal-SH-Solids-SC-AC;2011
;VIN-number-Res-HH-Thermal-SH-Solids-SC-AC;2012
;VIN-number-Res-HH-Thermal-SH-Solids-SC-AC;2013
;VIN-number-Res-HH-Thermal-SH-Solids-SC-AC;2014
;VIN-number-Res-HH-Thermal-SH-Solids-SC-AC;2015
;VIN-number-Res-HH-Thermal-SH-Solids-SC-AC;2016
;VIN-number-Res-HH-Thermal-SH-Solids-SC-AC;2017
;VIN-number-Res-HH-Thermal-SH-Solids-SC-AC;2018
;VIN-number-Res-HH-Thermal-SH-Solids-SC-AC;2019
;VIN-number-Res-HH-Thermal-SH-Solids-SC-AC;2020
;VIN-number-Res-HH-Thermal-SH-Solids-SC-AC;2021
;VIN-number-Res-HH-Thermal-SH-Solids-WH-Solids-NoSolar;<=2000
;VIN-number-Res-HH-Thermal-SH-Solids-WH-Solids-NoSolar;2001
;VIN-number-Res-HH-Thermal-SH-Solids-WH-Solids-NoSolar;2002
;VIN-number-Res-HH-Thermal-SH-Solids-WH-Solids-NoSolar;2003
;VIN-number-Res-HH-Thermal-SH-Solids-WH-Solids-NoSolar;2004
;VIN-number-Res-HH-Thermal-SH-Solids-WH-Solids-NoSolar;2005
;VIN-number-Res-HH-Thermal-SH-Solids-WH-Solids-NoSolar;2006
;VIN-number-Res-HH-Thermal-SH-Solids-WH-Solids-NoSolar;2007
;VIN-number-Res-HH-Thermal-SH-Solids-WH-Solids-NoSolar;2008
;VIN-number-Res-HH-Thermal-SH-Solids-WH-Solids-NoSolar;2009
;VIN-number-Res-HH-Thermal-SH-Solids-WH-Solids-NoSolar;2010
;VIN-number-Res-HH-Thermal-SH-Solids-WH-Solids-NoSolar;2011
;VIN-number-Res-HH-Thermal-SH-Solids-WH-Solids-NoSolar;2012
;VIN-number-Res-HH-Thermal-SH-Solids-WH-Solids-NoSolar;2013
;VIN-number-Res-HH-Thermal-SH-Solids-WH-Solids-NoSolar;2014
;VIN-number-Res-HH-Thermal-SH-Solids-WH-Solids-NoSolar;2015
;VIN-number-Res-HH-Thermal-SH-Solids-WH-Solids-NoSolar;2016
;VIN-number-Res-HH-Thermal-SH-Solids-WH-Solids-NoSolar;2017
;VIN-number-Res-HH-Thermal-SH-Solids-WH-Solids-NoSolar;2018
;VIN-number-Res-HH-Thermal-SH-Solids-WH-Solids-NoSolar;2019
;VIN-number-Res-HH-Thermal-SH-Solids-WH-Solids-NoSolar;2020
;VIN-number-Res-HH-Thermal-SH-Solids-WH-Solids-NoSolar;2021
;VIN-number-Res-HH-Thermal-SH-Solids-WH-LPG-NoSolar;<=2000
;VIN-number-Res-HH-Thermal-SH-Solids-WH-LPG-NoSolar;2001
;VIN-number-Res-HH-Thermal-SH-Solids-WH-LPG-NoSolar;2002
;VIN-number-Res-HH-Thermal-SH-Solids-WH-LPG-NoSolar;2003
;VIN-number-Res-HH-Thermal-SH-Solids-WH-LPG-NoSolar;2004
;VIN-number-Res-HH-Thermal-SH-Solids-WH-LPG-NoSolar;2005
;VIN-number-Res-HH-Thermal-SH-Solids-WH-LPG-NoSolar;2006
;VIN-number-Res-HH-Thermal-SH-Solids-WH-LPG-NoSolar;2007
;VIN-number-Res-HH-Thermal-SH-Solids-WH-LPG-NoSolar;2008
;VIN-number-Res-HH-Thermal-SH-Solids-WH-LPG-NoSolar;2009
;VIN-number-Res-HH-Thermal-SH-Solids-WH-LPG-NoSolar;2010
;VIN-number-Res-HH-Thermal-SH-Solids-WH-LPG-NoSolar;2011
;VIN-number-Res-HH-Thermal-SH-Solids-WH-LPG-NoSolar;2012
;VIN-number-Res-HH-Thermal-SH-Solids-WH-LPG-NoSolar;2013
;VIN-number-Res-HH-Thermal-SH-Solids-WH-LPG-NoSolar;2014
;VIN-number-Res-HH-Thermal-SH-Solids-WH-LPG-NoSolar;2015
;VIN-number-Res-HH-Thermal-SH-Solids-WH-LPG-NoSolar;2016
;VIN-number-Res-HH-Thermal-SH-Solids-WH-LPG-NoSolar;2017
;VIN-number-Res-HH-Thermal-SH-Solids-WH-LPG-NoSolar;2018
;VIN-number-Res-HH-Thermal-SH-Solids-WH-LPG-NoSolar;2019
;VIN-number-Res-HH-Thermal-SH-Solids-WH-LPG-NoSolar;2020
;VIN-number-Res-HH-Thermal-SH-Solids-WH-LPG-NoSolar;2021
;VIN-number-Res-HH-Thermal-SH-Solids-WH-LPG-Solar;<=2000
;VIN-number-Res-HH-Thermal-SH-Solids-WH-LPG-Solar;2001
;VIN-number-Res-HH-Thermal-SH-Solids-WH-LPG-Solar;2002
;VIN-number-Res-HH-Thermal-SH-Solids-WH-LPG-Solar;2003
;VIN-number-Res-HH-Thermal-SH-Solids-WH-LPG-Solar;2004
;VIN-number-Res-HH-Thermal-SH-Solids-WH-LPG-Solar;2005
;VIN-number-Res-HH-Thermal-SH-Solids-WH-LPG-Solar;2006
;VIN-number-Res-HH-Thermal-SH-Solids-WH-LPG-Solar;2007
;VIN-number-Res-HH-Thermal-SH-Solids-WH-LPG-Solar;2008
;VIN-number-Res-HH-Thermal-SH-Solids-WH-LPG-Solar;2009
;VIN-number-Res-HH-Thermal-SH-Solids-WH-LPG-Solar;2010
;VIN-number-Res-HH-Thermal-SH-Solids-WH-LPG-Solar;2011
;VIN-number-Res-HH-Thermal-SH-Solids-WH-LPG-Solar;2012
;VIN-number-Res-HH-Thermal-SH-Solids-WH-LPG-Solar;2013
;VIN-number-Res-HH-Thermal-SH-Solids-WH-LPG-Solar;2014
;VIN-number-Res-HH-Thermal-SH-Solids-WH-LPG-Solar;2015
;VIN-number-Res-HH-Thermal-SH-Solids-WH-LPG-Solar;2016
;VIN-number-Res-HH-Thermal-SH-Solids-WH-LPG-Solar;2017
;VIN-number-Res-HH-Thermal-SH-Solids-WH-LPG-Solar;2018
;VIN-number-Res-HH-Thermal-SH-Solids-WH-LPG-Solar;2019
;VIN-number-Res-HH-Thermal-SH-Solids-WH-LPG-Solar;2020
;VIN-number-Res-HH-Thermal-SH-Solids-WH-LPG-Solar;2021
;VIN-number-Res-HH-Thermal-SH-Solids-WH-Elc-NoSolar;<=2000
;VIN-number-Res-HH-Thermal-SH-Solids-WH-Elc-NoSolar;2001
;VIN-number-Res-HH-Thermal-SH-Solids-WH-Elc-NoSolar;2002
;VIN-number-Res-HH-Thermal-SH-Solids-WH-Elc-NoSolar;2003
;VIN-number-Res-HH-Thermal-SH-Solids-WH-Elc-NoSolar;2004
;VIN-number-Res-HH-Thermal-SH-Solids-WH-Elc-NoSolar;2005
;VIN-number-Res-HH-Thermal-SH-Solids-WH-Elc-NoSolar;2006
;VIN-number-Res-HH-Thermal-SH-Solids-WH-Elc-NoSolar;2007
;VIN-number-Res-HH-Thermal-SH-Solids-WH-Elc-NoSolar;2008
;VIN-number-Res-HH-Thermal-SH-Solids-WH-Elc-NoSolar;2009
;VIN-number-Res-HH-Thermal-SH-Solids-WH-Elc-NoSolar;2010
;VIN-number-Res-HH-Thermal-SH-Solids-WH-Elc-NoSolar;2011
;VIN-number-Res-HH-Thermal-SH-Solids-WH-Elc-NoSolar;2012
;VIN-number-Res-HH-Thermal-SH-Solids-WH-Elc-NoSolar;2013
;VIN-number-Res-HH-Thermal-SH-Solids-WH-Elc-NoSolar;2014
;VIN-number-Res-HH-Thermal-SH-Solids-WH-Elc-NoSolar;2015
;VIN-number-Res-HH-Thermal-SH-Solids-WH-Elc-NoSolar;2016
;VIN-number-Res-HH-Thermal-SH-Solids-WH-Elc-NoSolar;2017
;VIN-number-Res-HH-Thermal-SH-Solids-WH-Elc-NoSolar;2018
;VIN-number-Res-HH-Thermal-SH-Solids-WH-Elc-NoSolar;2019
;VIN-number-Res-HH-Thermal-SH-Solids-WH-Elc-NoSolar;2020
;VIN-number-Res-HH-Thermal-SH-Solids-WH-Elc-NoSolar;2021
;VIN-number-Res-HH-Thermal-SH-Solids-WH-Elc-Solar;<=2000
;VIN-number-Res-HH-Thermal-SH-Solids-WH-Elc-Solar;2001
;VIN-number-Res-HH-Thermal-SH-Solids-WH-Elc-Solar;2002
;VIN-number-Res-HH-Thermal-SH-Solids-WH-Elc-Solar;2003
;VIN-number-Res-HH-Thermal-SH-Solids-WH-Elc-Solar;2004
;VIN-number-Res-HH-Thermal-SH-Solids-WH-Elc-Solar;2005
;VIN-number-Res-HH-Thermal-SH-Solids-WH-Elc-Solar;2006
;VIN-number-Res-HH-Thermal-SH-Solids-WH-Elc-Solar;2007
;VIN-number-Res-HH-Thermal-SH-Solids-WH-Elc-Solar;2008
;VIN-number-Res-HH-Thermal-SH-Solids-WH-Elc-Solar;2009
;VIN-number-Res-HH-Thermal-SH-Solids-WH-Elc-Solar;2010
;VIN-number-Res-HH-Thermal-SH-Solids-WH-Elc-Solar;2011
;VIN-number-Res-HH-Thermal-SH-Solids-WH-Elc-Solar;2012
;VIN-number-Res-HH-Thermal-SH-Solids-WH-Elc-Solar;2013
;VIN-number-Res-HH-Thermal-SH-Solids-WH-Elc-Solar;2014
;VIN-number-Res-HH-Thermal-SH-Solids-WH-Elc-Solar;2015
;VIN-number-Res-HH-Thermal-SH-Solids-WH-Elc-Solar;2016
;VIN-number-Res-HH-Thermal-SH-Solids-WH-Elc-Solar;2017
;VIN-number-Res-HH-Thermal-SH-Solids-WH-Elc-Solar;2018
;VIN-number-Res-HH-Thermal-SH-Solids-WH-Elc-Solar;2019
;VIN-number-Res-HH-Thermal-SH-Solids-WH-Elc-Solar;2020
;VIN-number-Res-HH-Thermal-SH-Solids-WH-Elc-Solar;2021
;VIN-number-Res-HH-Thermal-SH-Solids-CO-Solids;<=2000
;VIN-number-Res-HH-Thermal-SH-Solids-CO-Solids;2001
;VIN-number-Res-HH-Thermal-SH-Solids-CO-Solids;2002
;VIN-number-Res-HH-Thermal-SH-Solids-CO-Solids;2003
;VIN-number-Res-HH-Thermal-SH-Solids-CO-Solids;2004
;VIN-number-Res-HH-Thermal-SH-Solids-CO-Solids;2005
;VIN-number-Res-HH-Thermal-SH-Solids-CO-Solids;2006
;VIN-number-Res-HH-Thermal-SH-Solids-CO-Solids;2007
;VIN-number-Res-HH-Thermal-SH-Solids-CO-Solids;2008
;VIN-number-Res-HH-Thermal-SH-Solids-CO-Solids;2009
;VIN-number-Res-HH-Thermal-SH-Solids-CO-Solids;2010
;VIN-number-Res-HH-Thermal-SH-Solids-CO-Solids;2011
;VIN-number-Res-HH-Thermal-SH-Solids-CO-Solids;2012
;VIN-number-Res-HH-Thermal-SH-Solids-CO-Solids;2013
;VIN-number-Res-HH-Thermal-SH-Solids-CO-Solids;2014
;VIN-number-Res-HH-Thermal-SH-Solids-CO-Solids;2015
;VIN-number-Res-HH-Thermal-SH-Solids-CO-Solids;2016
;VIN-number-Res-HH-Thermal-SH-Solids-CO-Solids;2017
;VIN-number-Res-HH-Thermal-SH-Solids-CO-Solids;2018
;VIN-number-Res-HH-Thermal-SH-Solids-CO-Solids;2019
;VIN-number-Res-HH-Thermal-SH-Solids-CO-Solids;2020
;VIN-number-Res-HH-Thermal-SH-Solids-CO-Solids;2021
;VIN-number-Res-HH-Thermal-SH-Solids-CO-LPG;<=2000
;VIN-number-Res-HH-Thermal-SH-Solids-CO-LPG;2001
;VIN-number-Res-HH-Thermal-SH-Solids-CO-LPG;2002
;VIN-number-Res-HH-Thermal-SH-Solids-CO-LPG;2003
;VIN-number-Res-HH-Thermal-SH-Solids-CO-LPG;2004
;VIN-number-Res-HH-Thermal-SH-Solids-CO-LPG;2005
;VIN-number-Res-HH-Thermal-SH-Solids-CO-LPG;2006
;VIN-number-Res-HH-Thermal-SH-Solids-CO-LPG;2007
;VIN-number-Res-HH-Thermal-SH-Solids-CO-LPG;2008
;VIN-number-Res-HH-Thermal-SH-Solids-CO-LPG;2009
;VIN-number-Res-HH-Thermal-SH-Solids-CO-LPG;2010
;VIN-number-Res-HH-Thermal-SH-Solids-CO-LPG;2011
;VIN-number-Res-HH-Thermal-SH-Solids-CO-LPG;2012
;VIN-number-Res-HH-Thermal-SH-Solids-CO-LPG;2013
;VIN-number-Res-HH-Thermal-SH-Solids-CO-LPG;2014
;VIN-number-Res-HH-Thermal-SH-Solids-CO-LPG;2015
;VIN-number-Res-HH-Thermal-SH-Solids-CO-LPG;2016
;VIN-number-Res-HH-Thermal-SH-Solids-CO-LPG;2017
;VIN-number-Res-HH-Thermal-SH-Solids-CO-LPG;2018
;VIN-number-Res-HH-Thermal-SH-Solids-CO-LPG;2019
;VIN-number-Res-HH-Thermal-SH-Solids-CO-LPG;2020
;VIN-number-Res-HH-Thermal-SH-Solids-CO-LPG;2021
;VIN-number-Res-HH-Thermal-SH-Solids-CO-Elc;<=2000
;VIN-number-Res-HH-Thermal-SH-Solids-CO-Elc;2001
;VIN-number-Res-HH-Thermal-SH-Solids-CO-Elc;2002
;VIN-number-Res-HH-Thermal-SH-Solids-CO-Elc;2003
;VIN-number-Res-HH-Thermal-SH-Solids-CO-Elc;2004
;VIN-number-Res-HH-Thermal-SH-Solids-CO-Elc;2005
;VIN-number-Res-HH-Thermal-SH-Solids-CO-Elc;2006
;VIN-number-Res-HH-Thermal-SH-Solids-CO-Elc;2007
;VIN-number-Res-HH-Thermal-SH-Solids-CO-Elc;2008
;VIN-number-Res-HH-Thermal-SH-Solids-CO-Elc;2009
;VIN-number-Res-HH-Thermal-SH-Solids-CO-Elc;2010
;VIN-number-Res-HH-Thermal-SH-Solids-CO-Elc;2011
;VIN-number-Res-HH-Thermal-SH-Solids-CO-Elc;2012
;VIN-number-Res-HH-Thermal-SH-Solids-CO-Elc;2013
;VIN-number-Res-HH-Thermal-SH-Solids-CO-Elc;2014
;VIN-number-Res-HH-Thermal-SH-Solids-CO-Elc;2015
;VIN-number-Res-HH-Thermal-SH-Solids-CO-Elc;2016
;VIN-number-Res-HH-Thermal-SH-Solids-CO-Elc;2017
;VIN-number-Res-HH-Thermal-SH-Solids-CO-Elc;2018
;VIN-number-Res-HH-Thermal-SH-Solids-CO-Elc;2019
;VIN-number-Res-HH-Thermal-SH-Solids-CO-Elc;2020
;VIN-number-Res-HH-Thermal-SH-Solids-CO-Elc;2021
;VIN-number-Res-HH-Thermal-SH-LPG;<=2000
;VIN-number-Res-HH-Thermal-SH-LPG;2001
;VIN-number-Res-HH-Thermal-SH-LPG;2002
;VIN-number-Res-HH-Thermal-SH-LPG;2003
;VIN-number-Res-HH-Thermal-SH-LPG;2004
;VIN-number-Res-HH-Thermal-SH-LPG;2005
;VIN-number-Res-HH-Thermal-SH-LPG;2006
;VIN-number-Res-HH-Thermal-SH-LPG;2007
;VIN-number-Res-HH-Thermal-SH-LPG;2008
;VIN-number-Res-HH-Thermal-SH-LPG;2009
;VIN-number-Res-HH-Thermal-SH-LPG;2010
;VIN-number-Res-HH-Thermal-SH-LPG;2011
;VIN-number-Res-HH-Thermal-SH-LPG;2012
;VIN-number-Res-HH-Thermal-SH-LPG;2013
;VIN-number-Res-HH-Thermal-SH-LPG;2014
;VIN-number-Res-HH-Thermal-SH-LPG;2015
;VIN-number-Res-HH-Thermal-SH-LPG;2016
;VIN-number-Res-HH-Thermal-SH-LPG;2017
;VIN-number-Res-HH-Thermal-SH-LPG;2018
;VIN-number-Res-HH-Thermal-SH-LPG;2019
;VIN-number-Res-HH-Thermal-SH-LPG;2020
;VIN-number-Res-HH-Thermal-SH-LPG;2021
;VIN-number-Res-HH-Thermal-SH-LPG-SH;<=2000
;VIN-number-Res-HH-Thermal-SH-LPG-SH;2001
;VIN-number-Res-HH-Thermal-SH-LPG-SH;2002
;VIN-number-Res-HH-Thermal-SH-LPG-SH;2003
;VIN-number-Res-HH-Thermal-SH-LPG-SH;2004
;VIN-number-Res-HH-Thermal-SH-LPG-SH;2005
;VIN-number-Res-HH-Thermal-SH-LPG-SH;2006
;VIN-number-Res-HH-Thermal-SH-LPG-SH;2007
;VIN-number-Res-HH-Thermal-SH-LPG-SH;2008
;VIN-number-Res-HH-Thermal-SH-LPG-SH;2009
;VIN-number-Res-HH-Thermal-SH-LPG-SH;2010
;VIN-number-Res-HH-Thermal-SH-LPG-SH;2011
;VIN-number-Res-HH-Thermal-SH-LPG-SH;2012
;VIN-number-Res-HH-Thermal-SH-LPG-SH;2013
;VIN-number-Res-HH-Thermal-SH-LPG-SH;2014
;VIN-number-Res-HH-Thermal-SH-LPG-SH;2015
;VIN-number-Res-HH-Thermal-SH-LPG-SH;2016
;VIN-number-Res-HH-Thermal-SH-LPG-SH;2017
;VIN-number-Res-HH-Thermal-SH-LPG-SH;2018
;VIN-number-Res-HH-Thermal-SH-LPG-SH;2019
;VIN-number-Res-HH-Thermal-SH-LPG-SH;2020
;VIN-number-Res-HH-Thermal-SH-LPG-SH;2021
;VIN-number-Res-HH-Thermal-SH-LPG-SC-AC;<=2000
;VIN-number-Res-HH-Thermal-SH-LPG-SC-AC;2001
;VIN-number-Res-HH-Thermal-SH-LPG-SC-AC;2002
;VIN-number-Res-HH-Thermal-SH-LPG-SC-AC;2003
;VIN-number-Res-HH-Thermal-SH-LPG-SC-AC;2004
;VIN-number-Res-HH-Thermal-SH-LPG-SC-AC;2005
;VIN-number-Res-HH-Thermal-SH-LPG-SC-AC;2006
;VIN-number-Res-HH-Thermal-SH-LPG-SC-AC;2007
;VIN-number-Res-HH-Thermal-SH-LPG-SC-AC;2008
;VIN-number-Res-HH-Thermal-SH-LPG-SC-AC;2009
;VIN-number-Res-HH-Thermal-SH-LPG-SC-AC;2010
;VIN-number-Res-HH-Thermal-SH-LPG-SC-AC;2011
;VIN-number-Res-HH-Thermal-SH-LPG-SC-AC;2012
;VIN-number-Res-HH-Thermal-SH-LPG-SC-AC;2013
;VIN-number-Res-HH-Thermal-SH-LPG-SC-AC;2014
;VIN-number-Res-HH-Thermal-SH-LPG-SC-AC;2015
;VIN-number-Res-HH-Thermal-SH-LPG-SC-AC;2016
;VIN-number-Res-HH-Thermal-SH-LPG-SC-AC;2017
;VIN-number-Res-HH-Thermal-SH-LPG-SC-AC;2018
;VIN-number-Res-HH-Thermal-SH-LPG-SC-AC;2019
;VIN-number-Res-HH-Thermal-SH-LPG-SC-AC;2020
;VIN-number-Res-HH-Thermal-SH-LPG-SC-AC;2021
;VIN-number-Res-HH-Thermal-SH-LPG-WH-LPG-NoSolar;<=2000
;VIN-number-Res-HH-Thermal-SH-LPG-WH-LPG-NoSolar;2001
;VIN-number-Res-HH-Thermal-SH-LPG-WH-LPG-NoSolar;2002
;VIN-number-Res-HH-Thermal-SH-LPG-WH-LPG-NoSolar;2003
;VIN-number-Res-HH-Thermal-SH-LPG-WH-LPG-NoSolar;2004
;VIN-number-Res-HH-Thermal-SH-LPG-WH-LPG-NoSolar;2005
;VIN-number-Res-HH-Thermal-SH-LPG-WH-LPG-NoSolar;2006
;VIN-number-Res-HH-Thermal-SH-LPG-WH-LPG-NoSolar;2007
;VIN-number-Res-HH-Thermal-SH-LPG-WH-LPG-NoSolar;2008
;VIN-number-Res-HH-Thermal-SH-LPG-WH-LPG-NoSolar;2009
;VIN-number-Res-HH-Thermal-SH-LPG-WH-LPG-NoSolar;2010
;VIN-number-Res-HH-Thermal-SH-LPG-WH-LPG-NoSolar;2011
;VIN-number-Res-HH-Thermal-SH-LPG-WH-LPG-NoSolar;2012
;VIN-number-Res-HH-Thermal-SH-LPG-WH-LPG-NoSolar;2013
;VIN-number-Res-HH-Thermal-SH-LPG-WH-LPG-NoSolar;2014
;VIN-number-Res-HH-Thermal-SH-LPG-WH-LPG-NoSolar;2015
;VIN-number-Res-HH-Thermal-SH-LPG-WH-LPG-NoSolar;2016
;VIN-number-Res-HH-Thermal-SH-LPG-WH-LPG-NoSolar;2017
;VIN-number-Res-HH-Thermal-SH-LPG-WH-LPG-NoSolar;2018
;VIN-number-Res-HH-Thermal-SH-LPG-WH-LPG-NoSolar;2019
;VIN-number-Res-HH-Thermal-SH-LPG-WH-LPG-NoSolar;2020
;VIN-number-Res-HH-Thermal-SH-LPG-WH-LPG-NoSolar;2021
;VIN-number-Res-HH-Thermal-SH-LPG-WH-LPG-Solar;<=2000
;VIN-number-Res-HH-Thermal-SH-LPG-WH-LPG-Solar;2001
;VIN-number-Res-HH-Thermal-SH-LPG-WH-LPG-Solar;2002
;VIN-number-Res-HH-Thermal-SH-LPG-WH-LPG-Solar;2003
;VIN-number-Res-HH-Thermal-SH-LPG-WH-LPG-Solar;2004
;VIN-number-Res-HH-Thermal-SH-LPG-WH-LPG-Solar;2005
;VIN-number-Res-HH-Thermal-SH-LPG-WH-LPG-Solar;2006
;VIN-number-Res-HH-Thermal-SH-LPG-WH-LPG-Solar;2007
;VIN-number-Res-HH-Thermal-SH-LPG-WH-LPG-Solar;2008
;VIN-number-Res-HH-Thermal-SH-LPG-WH-LPG-Solar;2009
;VIN-number-Res-HH-Thermal-SH-LPG-WH-LPG-Solar;2010
;VIN-number-Res-HH-Thermal-SH-LPG-WH-LPG-Solar;2011
;VIN-number-Res-HH-Thermal-SH-LPG-WH-LPG-Solar;2012
;VIN-number-Res-HH-Thermal-SH-LPG-WH-LPG-Solar;2013
;VIN-number-Res-HH-Thermal-SH-LPG-WH-LPG-Solar;2014
;VIN-number-Res-HH-Thermal-SH-LPG-WH-LPG-Solar;2015
;VIN-number-Res-HH-Thermal-SH-LPG-WH-LPG-Solar;2016
;VIN-number-Res-HH-Thermal-SH-LPG-WH-LPG-Solar;2017
;VIN-number-Res-HH-Thermal-SH-LPG-WH-LPG-Solar;2018
;VIN-number-Res-HH-Thermal-SH-LPG-WH-LPG-Solar;2019
;VIN-number-Res-HH-Thermal-SH-LPG-WH-LPG-Solar;2020
;VIN-number-Res-HH-Thermal-SH-LPG-WH-LPG-Solar;2021
;VIN-number-Res-HH-Thermal-SH-LPG-WH-Elc-NoSolar;<=2000
;VIN-number-Res-HH-Thermal-SH-LPG-WH-Elc-NoSolar;2001
;VIN-number-Res-HH-Thermal-SH-LPG-WH-Elc-NoSolar;2002
;VIN-number-Res-HH-Thermal-SH-LPG-WH-Elc-NoSolar;2003
;VIN-number-Res-HH-Thermal-SH-LPG-WH-Elc-NoSolar;2004
;VIN-number-Res-HH-Thermal-SH-LPG-WH-Elc-NoSolar;2005
;VIN-number-Res-HH-Thermal-SH-LPG-WH-Elc-NoSolar;2006
;VIN-number-Res-HH-Thermal-SH-LPG-WH-Elc-NoSolar;2007
;VIN-number-Res-HH-Thermal-SH-LPG-WH-Elc-NoSolar;2008
;VIN-number-Res-HH-Thermal-SH-LPG-WH-Elc-NoSolar;2009
;VIN-number-Res-HH-Thermal-SH-LPG-WH-Elc-NoSolar;2010
;VIN-number-Res-HH-Thermal-SH-LPG-WH-Elc-NoSolar;2011
;VIN-number-Res-HH-Thermal-SH-LPG-WH-Elc-NoSolar;2012
;VIN-number-Res-HH-Thermal-SH-LPG-WH-Elc-NoSolar;2013
;VIN-number-Res-HH-Thermal-SH-LPG-WH-Elc-NoSolar;2014
;VIN-number-Res-HH-Thermal-SH-LPG-WH-Elc-NoSolar;2015
;VIN-number-Res-HH-Thermal-SH-LPG-WH-Elc-NoSolar;2016
;VIN-number-Res-HH-Thermal-SH-LPG-WH-Elc-NoSolar;2017
;VIN-number-Res-HH-Thermal-SH-LPG-WH-Elc-NoSolar;2018
;VIN-number-Res-HH-Thermal-SH-LPG-WH-Elc-NoSolar;2019
;VIN-number-Res-HH-Thermal-SH-LPG-WH-Elc-NoSolar;2020
;VIN-number-Res-HH-Thermal-SH-LPG-WH-Elc-NoSolar;2021
;VIN-number-Res-HH-Thermal-SH-LPG-WH-Elc-Solar;<=2000
;VIN-number-Res-HH-Thermal-SH-LPG-WH-Elc-Solar;2001
;VIN-number-Res-HH-Thermal-SH-LPG-WH-Elc-Solar;2002
;VIN-number-Res-HH-Thermal-SH-LPG-WH-Elc-Solar;2003
;VIN-number-Res-HH-Thermal-SH-LPG-WH-Elc-Solar;2004
;VIN-number-Res-HH-Thermal-SH-LPG-WH-Elc-Solar;2005
;VIN-number-Res-HH-Thermal-SH-LPG-WH-Elc-Solar;2006
;VIN-number-Res-HH-Thermal-SH-LPG-WH-Elc-Solar;2007
;VIN-number-Res-HH-Thermal-SH-LPG-WH-Elc-Solar;2008
;VIN-number-Res-HH-Thermal-SH-LPG-WH-Elc-Solar;2009
;VIN-number-Res-HH-Thermal-SH-LPG-WH-Elc-Solar;2010
;VIN-number-Res-HH-Thermal-SH-LPG-WH-Elc-Solar;2011
;VIN-number-Res-HH-Thermal-SH-LPG-WH-Elc-Solar;2012
;VIN-number-Res-HH-Thermal-SH-LPG-WH-Elc-Solar;2013
;VIN-number-Res-HH-Thermal-SH-LPG-WH-Elc-Solar;2014
;VIN-number-Res-HH-Thermal-SH-LPG-WH-Elc-Solar;2015
;VIN-number-Res-HH-Thermal-SH-LPG-WH-Elc-Solar;2016
;VIN-number-Res-HH-Thermal-SH-LPG-WH-Elc-Solar;2017
;VIN-number-Res-HH-Thermal-SH-LPG-WH-Elc-Solar;2018
;VIN-number-Res-HH-Thermal-SH-LPG-WH-Elc-Solar;2019
;VIN-number-Res-HH-Thermal-SH-LPG-WH-Elc-Solar;2020
;VIN-number-Res-HH-Thermal-SH-LPG-WH-Elc-Solar;2021
;VIN-number-Res-HH-Thermal-SH-LPG-CO-LPG;<=2000
;VIN-number-Res-HH-Thermal-SH-LPG-CO-LPG;2001
;VIN-number-Res-HH-Thermal-SH-LPG-CO-LPG;2002
;VIN-number-Res-HH-Thermal-SH-LPG-CO-LPG;2003
;VIN-number-Res-HH-Thermal-SH-LPG-CO-LPG;2004
;VIN-number-Res-HH-Thermal-SH-LPG-CO-LPG;2005
;VIN-number-Res-HH-Thermal-SH-LPG-CO-LPG;2006
;VIN-number-Res-HH-Thermal-SH-LPG-CO-LPG;2007
;VIN-number-Res-HH-Thermal-SH-LPG-CO-LPG;2008
;VIN-number-Res-HH-Thermal-SH-LPG-CO-LPG;2009
;VIN-number-Res-HH-Thermal-SH-LPG-CO-LPG;2010
;VIN-number-Res-HH-Thermal-SH-LPG-CO-LPG;2011
;VIN-number-Res-HH-Thermal-SH-LPG-CO-LPG;2012
;VIN-number-Res-HH-Thermal-SH-LPG-CO-LPG;2013
;VIN-number-Res-HH-Thermal-SH-LPG-CO-LPG;2014
;VIN-number-Res-HH-Thermal-SH-LPG-CO-LPG;2015
;VIN-number-Res-HH-Thermal-SH-LPG-CO-LPG;2016
;VIN-number-Res-HH-Thermal-SH-LPG-CO-LPG;2017
;VIN-number-Res-HH-Thermal-SH-LPG-CO-LPG;2018
;VIN-number-Res-HH-Thermal-SH-LPG-CO-LPG;2019
;VIN-number-Res-HH-Thermal-SH-LPG-CO-LPG;2020
;VIN-number-Res-HH-Thermal-SH-LPG-CO-LPG;2021
;VIN-number-Res-HH-Thermal-SH-LPG-CO-Elc;<=2000
;VIN-number-Res-HH-Thermal-SH-LPG-CO-Elc;2001
;VIN-number-Res-HH-Thermal-SH-LPG-CO-Elc;2002
;VIN-number-Res-HH-Thermal-SH-LPG-CO-Elc;2003
;VIN-number-Res-HH-Thermal-SH-LPG-CO-Elc;2004
;VIN-number-Res-HH-Thermal-SH-LPG-CO-Elc;2005
;VIN-number-Res-HH-Thermal-SH-LPG-CO-Elc;2006
;VIN-number-Res-HH-Thermal-SH-LPG-CO-Elc;2007
;VIN-number-Res-HH-Thermal-SH-LPG-CO-Elc;2008
;VIN-number-Res-HH-Thermal-SH-LPG-CO-Elc;2009
;VIN-number-Res-HH-Thermal-SH-LPG-CO-Elc;2010
;VIN-number-Res-HH-Thermal-SH-LPG-CO-Elc;2011
;VIN-number-Res-HH-Thermal-SH-LPG-CO-Elc;2012
;VIN-number-Res-HH-Thermal-SH-LPG-CO-Elc;2013
;VIN-number-Res-HH-Thermal-SH-LPG-CO-Elc;2014
;VIN-number-Res-HH-Thermal-SH-LPG-CO-Elc;2015
;VIN-number-Res-HH-Thermal-SH-LPG-CO-Elc;2016
;VIN-number-Res-HH-Thermal-SH-LPG-CO-Elc;2017
;VIN-number-Res-HH-Thermal-SH-LPG-CO-Elc;2018
;VIN-number-Res-HH-Thermal-SH-LPG-CO-Elc;2019
;VIN-number-Res-HH-Thermal-SH-LPG-CO-Elc;2020
;VIN-number-Res-HH-Thermal-SH-LPG-CO-Elc;2021
;VIN-number-Res-HH-Thermal-SH-Oil;<=2000
;VIN-number-Res-HH-Thermal-SH-Oil;2001
;VIN-number-Res-HH-Thermal-SH-Oil;2002
;VIN-number-Res-HH-Thermal-SH-Oil;2003
;VIN-number-Res-HH-Thermal-SH-Oil;2004
;VIN-number-Res-HH-Thermal-SH-Oil;2005
;VIN-number-Res-HH-Thermal-SH-Oil;2006
;VIN-number-Res-HH-Thermal-SH-Oil;2007
;VIN-number-Res-HH-Thermal-SH-Oil;2008
;VIN-number-Res-HH-Thermal-SH-Oil;2009
;VIN-number-Res-HH-Thermal-SH-Oil;2010
;VIN-number-Res-HH-Thermal-SH-Oil;2011
;VIN-number-Res-HH-Thermal-SH-Oil;2012
;VIN-number-Res-HH-Thermal-SH-Oil;2013
;VIN-number-Res-HH-Thermal-SH-Oil;2014
;VIN-number-Res-HH-Thermal-SH-Oil;2015
;VIN-number-Res-HH-Thermal-SH-Oil;2016
;VIN-number-Res-HH-Thermal-SH-Oil;2017
;VIN-number-Res-HH-Thermal-SH-Oil;2018
;VIN-number-Res-HH-Thermal-SH-Oil;2019
;VIN-number-Res-HH-Thermal-SH-Oil;2020
;VIN-number-Res-HH-Thermal-SH-Oil;2021
;VIN-number-Res-HH-Thermal-SH-Oil-SH;<=2000
;VIN-number-Res-HH-Thermal-SH-Oil-SH;2001
;VIN-number-Res-HH-Thermal-SH-Oil-SH;2002
;VIN-number-Res-HH-Thermal-SH-Oil-SH;2003
;VIN-number-Res-HH-Thermal-SH-Oil-SH;2004
;VIN-number-Res-HH-Thermal-SH-Oil-SH;2005
;VIN-number-Res-HH-Thermal-SH-Oil-SH;2006
;VIN-number-Res-HH-Thermal-SH-Oil-SH;2007
;VIN-number-Res-HH-Thermal-SH-Oil-SH;2008
;VIN-number-Res-HH-Thermal-SH-Oil-SH;2009
;VIN-number-Res-HH-Thermal-SH-Oil-SH;2010
;VIN-number-Res-HH-Thermal-SH-Oil-SH;2011
;VIN-number-Res-HH-Thermal-SH-Oil-SH;2012
;VIN-number-Res-HH-Thermal-SH-Oil-SH;2013
;VIN-number-Res-HH-Thermal-SH-Oil-SH;2014
;VIN-number-Res-HH-Thermal-SH-Oil-SH;2015
;VIN-number-Res-HH-Thermal-SH-Oil-SH;2016
;VIN-number-Res-HH-Thermal-SH-Oil-SH;2017
;VIN-number-Res-HH-Thermal-SH-Oil-SH;2018
;VIN-number-Res-HH-Thermal-SH-Oil-SH;2019
;VIN-number-Res-HH-Thermal-SH-Oil-SH;2020
;VIN-number-Res-HH-Thermal-SH-Oil-SH;2021
;VIN-number-Res-HH-Thermal-SH-Oil-SC-AC;<=2000
;VIN-number-Res-HH-Thermal-SH-Oil-SC-AC;2001
;VIN-number-Res-HH-Thermal-SH-Oil-SC-AC;2002
;VIN-number-Res-HH-Thermal-SH-Oil-SC-AC;2003
;VIN-number-Res-HH-Thermal-SH-Oil-SC-AC;2004
;VIN-number-Res-HH-Thermal-SH-Oil-SC-AC;2005
;VIN-number-Res-HH-Thermal-SH-Oil-SC-AC;2006
;VIN-number-Res-HH-Thermal-SH-Oil-SC-AC;2007
;VIN-number-Res-HH-Thermal-SH-Oil-SC-AC;2008
;VIN-number-Res-HH-Thermal-SH-Oil-SC-AC;2009
;VIN-number-Res-HH-Thermal-SH-Oil-SC-AC;2010
;VIN-number-Res-HH-Thermal-SH-Oil-SC-AC;2011
;VIN-number-Res-HH-Thermal-SH-Oil-SC-AC;2012
;VIN-number-Res-HH-Thermal-SH-Oil-SC-AC;2013
;VIN-number-Res-HH-Thermal-SH-Oil-SC-AC;2014
;VIN-number-Res-HH-Thermal-SH-Oil-SC-AC;2015
;VIN-number-Res-HH-Thermal-SH-Oil-SC-AC;2016
;VIN-number-Res-HH-Thermal-SH-Oil-SC-AC;2017
;VIN-number-Res-HH-Thermal-SH-Oil-SC-AC;2018
;VIN-number-Res-HH-Thermal-SH-Oil-SC-AC;2019
;VIN-number-Res-HH-Thermal-SH-Oil-SC-AC;2020
;VIN-number-Res-HH-Thermal-SH-Oil-SC-AC;2021
;VIN-number-Res-HH-Thermal-SH-Oil-WH-Oil-NoSolar;<=2000
;VIN-number-Res-HH-Thermal-SH-Oil-WH-Oil-NoSolar;2001
;VIN-number-Res-HH-Thermal-SH-Oil-WH-Oil-NoSolar;2002
;VIN-number-Res-HH-Thermal-SH-Oil-WH-Oil-NoSolar;2003
;VIN-number-Res-HH-Thermal-SH-Oil-WH-Oil-NoSolar;2004
;VIN-number-Res-HH-Thermal-SH-Oil-WH-Oil-NoSolar;2005
;VIN-number-Res-HH-Thermal-SH-Oil-WH-Oil-NoSolar;2006
;VIN-number-Res-HH-Thermal-SH-Oil-WH-Oil-NoSolar;2007
;VIN-number-Res-HH-Thermal-SH-Oil-WH-Oil-NoSolar;2008
;VIN-number-Res-HH-Thermal-SH-Oil-WH-Oil-NoSolar;2009
;VIN-number-Res-HH-Thermal-SH-Oil-WH-Oil-NoSolar;2010
;VIN-number-Res-HH-Thermal-SH-Oil-WH-Oil-NoSolar;2011
;VIN-number-Res-HH-Thermal-SH-Oil-WH-Oil-NoSolar;2012
;VIN-number-Res-HH-Thermal-SH-Oil-WH-Oil-NoSolar;2013
;VIN-number-Res-HH-Thermal-SH-Oil-WH-Oil-NoSolar;2014
;VIN-number-Res-HH-Thermal-SH-Oil-WH-Oil-NoSolar;2015
;VIN-number-Res-HH-Thermal-SH-Oil-WH-Oil-NoSolar;2016
;VIN-number-Res-HH-Thermal-SH-Oil-WH-Oil-NoSolar;2017
;VIN-number-Res-HH-Thermal-SH-Oil-WH-Oil-NoSolar;2018
;VIN-number-Res-HH-Thermal-SH-Oil-WH-Oil-NoSolar;2019
;VIN-number-Res-HH-Thermal-SH-Oil-WH-Oil-NoSolar;2020
;VIN-number-Res-HH-Thermal-SH-Oil-WH-Oil-NoSolar;2021
;VIN-number-Res-HH-Thermal-SH-Oil-WH-Oil-Solar;<=2000
;VIN-number-Res-HH-Thermal-SH-Oil-WH-Oil-Solar;2001
;VIN-number-Res-HH-Thermal-SH-Oil-WH-Oil-Solar;2002
;VIN-number-Res-HH-Thermal-SH-Oil-WH-Oil-Solar;2003
;VIN-number-Res-HH-Thermal-SH-Oil-WH-Oil-Solar;2004
;VIN-number-Res-HH-Thermal-SH-Oil-WH-Oil-Solar;2005
;VIN-number-Res-HH-Thermal-SH-Oil-WH-Oil-Solar;2006
;VIN-number-Res-HH-Thermal-SH-Oil-WH-Oil-Solar;2007
;VIN-number-Res-HH-Thermal-SH-Oil-WH-Oil-Solar;2008
;VIN-number-Res-HH-Thermal-SH-Oil-WH-Oil-Solar;2009
;VIN-number-Res-HH-Thermal-SH-Oil-WH-Oil-Solar;2010
;VIN-number-Res-HH-Thermal-SH-Oil-WH-Oil-Solar;2011
;VIN-number-Res-HH-Thermal-SH-Oil-WH-Oil-Solar;2012
;VIN-number-Res-HH-Thermal-SH-Oil-WH-Oil-Solar;2013
;VIN-number-Res-HH-Thermal-SH-Oil-WH-Oil-Solar;2014
;VIN-number-Res-HH-Thermal-SH-Oil-WH-Oil-Solar;2015
;VIN-number-Res-HH-Thermal-SH-Oil-WH-Oil-Solar;2016
;VIN-number-Res-HH-Thermal-SH-Oil-WH-Oil-Solar;2017
;VIN-number-Res-HH-Thermal-SH-Oil-WH-Oil-Solar;2018
;VIN-number-Res-HH-Thermal-SH-Oil-WH-Oil-Solar;2019
;VIN-number-Res-HH-Thermal-SH-Oil-WH-Oil-Solar;2020
;VIN-number-Res-HH-Thermal-SH-Oil-WH-Oil-Solar;2021
;VIN-number-Res-HH-Thermal-SH-Oil-WH-Elc-NoSolar;<=2000
;VIN-number-Res-HH-Thermal-SH-Oil-WH-Elc-NoSolar;2001
;VIN-number-Res-HH-Thermal-SH-Oil-WH-Elc-NoSolar;2002
;VIN-number-Res-HH-Thermal-SH-Oil-WH-Elc-NoSolar;2003
;VIN-number-Res-HH-Thermal-SH-Oil-WH-Elc-NoSolar;2004
;VIN-number-Res-HH-Thermal-SH-Oil-WH-Elc-NoSolar;2005
;VIN-number-Res-HH-Thermal-SH-Oil-WH-Elc-NoSolar;2006
;VIN-number-Res-HH-Thermal-SH-Oil-WH-Elc-NoSolar;2007
;VIN-number-Res-HH-Thermal-SH-Oil-WH-Elc-NoSolar;2008
;VIN-number-Res-HH-Thermal-SH-Oil-WH-Elc-NoSolar;2009
;VIN-number-Res-HH-Thermal-SH-Oil-WH-Elc-NoSolar;2010
;VIN-number-Res-HH-Thermal-SH-Oil-WH-Elc-NoSolar;2011
;VIN-number-Res-HH-Thermal-SH-Oil-WH-Elc-NoSolar;2012
;VIN-number-Res-HH-Thermal-SH-Oil-WH-Elc-NoSolar;2013
;VIN-number-Res-HH-Thermal-SH-Oil-WH-Elc-NoSolar;2014
;VIN-number-Res-HH-Thermal-SH-Oil-WH-Elc-NoSolar;2015
;VIN-number-Res-HH-Thermal-SH-Oil-WH-Elc-NoSolar;2016
;VIN-number-Res-HH-Thermal-SH-Oil-WH-Elc-NoSolar;2017
;VIN-number-Res-HH-Thermal-SH-Oil-WH-Elc-NoSolar;2018
;VIN-number-Res-HH-Thermal-SH-Oil-WH-Elc-NoSolar;2019
;VIN-number-Res-HH-Thermal-SH-Oil-WH-Elc-NoSolar;2020
;VIN-number-Res-HH-Thermal-SH-Oil-WH-Elc-NoSolar;2021
;VIN-number-Res-HH-Thermal-SH-Oil-WH-Elc-Solar;<=2000
;VIN-number-Res-HH-Thermal-SH-Oil-WH-Elc-Solar;2001
;VIN-number-Res-HH-Thermal-SH-Oil-WH-Elc-Solar;2002
;VIN-number-Res-HH-Thermal-SH-Oil-WH-Elc-Solar;2003
;VIN-number-Res-HH-Thermal-SH-Oil-WH-Elc-Solar;2004
;VIN-number-Res-HH-Thermal-SH-Oil-WH-Elc-Solar;2005
;VIN-number-Res-HH-Thermal-SH-Oil-WH-Elc-Solar;2006
;VIN-number-Res-HH-Thermal-SH-Oil-WH-Elc-Solar;2007
;VIN-number-Res-HH-Thermal-SH-Oil-WH-Elc-Solar;2008
;VIN-number-Res-HH-Thermal-SH-Oil-WH-Elc-Solar;2009
;VIN-number-Res-HH-Thermal-SH-Oil-WH-Elc-Solar;2010
;VIN-number-Res-HH-Thermal-SH-Oil-WH-Elc-Solar;2011
;VIN-number-Res-HH-Thermal-SH-Oil-WH-Elc-Solar;2012
;VIN-number-Res-HH-Thermal-SH-Oil-WH-Elc-Solar;2013
;VIN-number-Res-HH-Thermal-SH-Oil-WH-Elc-Solar;2014
;VIN-number-Res-HH-Thermal-SH-Oil-WH-Elc-Solar;2015
;VIN-number-Res-HH-Thermal-SH-Oil-WH-Elc-Solar;2016
;VIN-number-Res-HH-Thermal-SH-Oil-WH-Elc-Solar;2017
;VIN-number-Res-HH-Thermal-SH-Oil-WH-Elc-Solar;2018
;VIN-number-Res-HH-Thermal-SH-Oil-WH-Elc-Solar;2019
;VIN-number-Res-HH-Thermal-SH-Oil-WH-Elc-Solar;2020
;VIN-number-Res-HH-Thermal-SH-Oil-WH-Elc-Solar;2021
;VIN-number-Res-HH-Thermal-SH-Oil-CO-LPG;<=2000
;VIN-number-Res-HH-Thermal-SH-Oil-CO-LPG;2001
;VIN-number-Res-HH-Thermal-SH-Oil-CO-LPG;2002
;VIN-number-Res-HH-Thermal-SH-Oil-CO-LPG;2003
;VIN-number-Res-HH-Thermal-SH-Oil-CO-LPG;2004
;VIN-number-Res-HH-Thermal-SH-Oil-CO-LPG;2005
;VIN-number-Res-HH-Thermal-SH-Oil-CO-LPG;2006
;VIN-number-Res-HH-Thermal-SH-Oil-CO-LPG;2007
;VIN-number-Res-HH-Thermal-SH-Oil-CO-LPG;2008
;VIN-number-Res-HH-Thermal-SH-Oil-CO-LPG;2009
;VIN-number-Res-HH-Thermal-SH-Oil-CO-LPG;2010
;VIN-number-Res-HH-Thermal-SH-Oil-CO-LPG;2011
;VIN-number-Res-HH-Thermal-SH-Oil-CO-LPG;2012
;VIN-number-Res-HH-Thermal-SH-Oil-CO-LPG;2013
;VIN-number-Res-HH-Thermal-SH-Oil-CO-LPG;2014
;VIN-number-Res-HH-Thermal-SH-Oil-CO-LPG;2015
;VIN-number-Res-HH-Thermal-SH-Oil-CO-LPG;2016
;VIN-number-Res-HH-Thermal-SH-Oil-CO-LPG;2017
;VIN-number-Res-HH-Thermal-SH-Oil-CO-LPG;2018
;VIN-number-Res-HH-Thermal-SH-Oil-CO-LPG;2019
;VIN-number-Res-HH-Thermal-SH-Oil-CO-LPG;2020
;VIN-number-Res-HH-Thermal-SH-Oil-CO-LPG;2021
;VIN-number-Res-HH-Thermal-SH-Oil-CO-Elc;<=2000
;VIN-number-Res-HH-Thermal-SH-Oil-CO-Elc;2001
;VIN-number-Res-HH-Thermal-SH-Oil-CO-Elc;2002
;VIN-number-Res-HH-Thermal-SH-Oil-CO-Elc;2003
;VIN-number-Res-HH-Thermal-SH-Oil-CO-Elc;2004
;VIN-number-Res-HH-Thermal-SH-Oil-CO-Elc;2005
;VIN-number-Res-HH-Thermal-SH-Oil-CO-Elc;2006
;VIN-number-Res-HH-Thermal-SH-Oil-CO-Elc;2007
;VIN-number-Res-HH-Thermal-SH-Oil-CO-Elc;2008
;VIN-number-Res-HH-Thermal-SH-Oil-CO-Elc;2009
;VIN-number-Res-HH-Thermal-SH-Oil-CO-Elc;2010
;VIN-number-Res-HH-Thermal-SH-Oil-CO-Elc;2011
;VIN-number-Res-HH-Thermal-SH-Oil-CO-Elc;2012
;VIN-number-Res-HH-Thermal-SH-Oil-CO-Elc;2013
;VIN-number-Res-HH-Thermal-SH-Oil-CO-Elc;2014
;VIN-number-Res-HH-Thermal-SH-Oil-CO-Elc;2015
;VIN-number-Res-HH-Thermal-SH-Oil-CO-Elc;2016
;VIN-number-Res-HH-Thermal-SH-Oil-CO-Elc;2017
;VIN-number-Res-HH-Thermal-SH-Oil-CO-Elc;2018
;VIN-number-Res-HH-Thermal-SH-Oil-CO-Elc;2019
;VIN-number-Res-HH-Thermal-SH-Oil-CO-Elc;2020
;VIN-number-Res-HH-Thermal-SH-Oil-CO-Elc;2021
;VIN-number-Res-HH-Thermal-SH-Gas;<=2000
;VIN-number-Res-HH-Thermal-SH-Gas;2001
;VIN-number-Res-HH-Thermal-SH-Gas;2002
;VIN-number-Res-HH-Thermal-SH-Gas;2003
;VIN-number-Res-HH-Thermal-SH-Gas;2004
;VIN-number-Res-HH-Thermal-SH-Gas;2005
;VIN-number-Res-HH-Thermal-SH-Gas;2006
;VIN-number-Res-HH-Thermal-SH-Gas;2007
;VIN-number-Res-HH-Thermal-SH-Gas;2008
;VIN-number-Res-HH-Thermal-SH-Gas;2009
;VIN-number-Res-HH-Thermal-SH-Gas;2010
;VIN-number-Res-HH-Thermal-SH-Gas;2011
;VIN-number-Res-HH-Thermal-SH-Gas;2012
;VIN-number-Res-HH-Thermal-SH-Gas;2013
;VIN-number-Res-HH-Thermal-SH-Gas;2014
;VIN-number-Res-HH-Thermal-SH-Gas;2015
;VIN-number-Res-HH-Thermal-SH-Gas;2016
;VIN-number-Res-HH-Thermal-SH-Gas;2017
;VIN-number-Res-HH-Thermal-SH-Gas;2018
;VIN-number-Res-HH-Thermal-SH-Gas;2019
;VIN-number-Res-HH-Thermal-SH-Gas;2020
;VIN-number-Res-HH-Thermal-SH-Gas;2021
;VIN-number-Res-HH-Thermal-SH-Gas-SH;<=2000
;VIN-number-Res-HH-Thermal-SH-Gas-SH;2001
;VIN-number-Res-HH-Thermal-SH-Gas-SH;2002
;VIN-number-Res-HH-Thermal-SH-Gas-SH;2003
;VIN-number-Res-HH-Thermal-SH-Gas-SH;2004
;VIN-number-Res-HH-Thermal-SH-Gas-SH;2005
;VIN-number-Res-HH-Thermal-SH-Gas-SH;2006
;VIN-number-Res-HH-Thermal-SH-Gas-SH;2007
;VIN-number-Res-HH-Thermal-SH-Gas-SH;2008
;VIN-number-Res-HH-Thermal-SH-Gas-SH;2009
;VIN-number-Res-HH-Thermal-SH-Gas-SH;2010
;VIN-number-Res-HH-Thermal-SH-Gas-SH;2011
;VIN-number-Res-HH-Thermal-SH-Gas-SH;2012
;VIN-number-Res-HH-Thermal-SH-Gas-SH;2013
;VIN-number-Res-HH-Thermal-SH-Gas-SH;2014
;VIN-number-Res-HH-Thermal-SH-Gas-SH;2015
;VIN-number-Res-HH-Thermal-SH-Gas-SH;2016
;VIN-number-Res-HH-Thermal-SH-Gas-SH;2017
;VIN-number-Res-HH-Thermal-SH-Gas-SH;2018
;VIN-number-Res-HH-Thermal-SH-Gas-SH;2019
;VIN-number-Res-HH-Thermal-SH-Gas-SH;2020
;VIN-number-Res-HH-Thermal-SH-Gas-SH;2021
;VIN-number-Res-HH-Thermal-SH-Gas-SC-AC;<=2000
;VIN-number-Res-HH-Thermal-SH-Gas-SC-AC;2001
;VIN-number-Res-HH-Thermal-SH-Gas-SC-AC;2002
;VIN-number-Res-HH-Thermal-SH-Gas-SC-AC;2003
;VIN-number-Res-HH-Thermal-SH-Gas-SC-AC;2004
;VIN-number-Res-HH-Thermal-SH-Gas-SC-AC;2005
;VIN-number-Res-HH-Thermal-SH-Gas-SC-AC;2006
;VIN-number-Res-HH-Thermal-SH-Gas-SC-AC;2007
;VIN-number-Res-HH-Thermal-SH-Gas-SC-AC;2008
;VIN-number-Res-HH-Thermal-SH-Gas-SC-AC;2009
;VIN-number-Res-HH-Thermal-SH-Gas-SC-AC;2010
;VIN-number-Res-HH-Thermal-SH-Gas-SC-AC;2011
;VIN-number-Res-HH-Thermal-SH-Gas-SC-AC;2012
;VIN-number-Res-HH-Thermal-SH-Gas-SC-AC;2013
;VIN-number-Res-HH-Thermal-SH-Gas-SC-AC;2014
;VIN-number-Res-HH-Thermal-SH-Gas-SC-AC;2015
;VIN-number-Res-HH-Thermal-SH-Gas-SC-AC;2016
;VIN-number-Res-HH-Thermal-SH-Gas-SC-AC;2017
;VIN-number-Res-HH-Thermal-SH-Gas-SC-AC;2018
;VIN-number-Res-HH-Thermal-SH-Gas-SC-AC;2019
;VIN-number-Res-HH-Thermal-SH-Gas-SC-AC;2020
;VIN-number-Res-HH-Thermal-SH-Gas-SC-AC;2021
;VIN-number-Res-HH-Thermal-SH-Gas-WH-Gas-NoSolar;<=2000
;VIN-number-Res-HH-Thermal-SH-Gas-WH-Gas-NoSolar;2001
;VIN-number-Res-HH-Thermal-SH-Gas-WH-Gas-NoSolar;2002
;VIN-number-Res-HH-Thermal-SH-Gas-WH-Gas-NoSolar;2003
;VIN-number-Res-HH-Thermal-SH-Gas-WH-Gas-NoSolar;2004
;VIN-number-Res-HH-Thermal-SH-Gas-WH-Gas-NoSolar;2005
;VIN-number-Res-HH-Thermal-SH-Gas-WH-Gas-NoSolar;2006
;VIN-number-Res-HH-Thermal-SH-Gas-WH-Gas-NoSolar;2007
;VIN-number-Res-HH-Thermal-SH-Gas-WH-Gas-NoSolar;2008
;VIN-number-Res-HH-Thermal-SH-Gas-WH-Gas-NoSolar;2009
;VIN-number-Res-HH-Thermal-SH-Gas-WH-Gas-NoSolar;2010
;VIN-number-Res-HH-Thermal-SH-Gas-WH-Gas-NoSolar;2011
;VIN-number-Res-HH-Thermal-SH-Gas-WH-Gas-NoSolar;2012
;VIN-number-Res-HH-Thermal-SH-Gas-WH-Gas-NoSolar;2013
;VIN-number-Res-HH-Thermal-SH-Gas-WH-Gas-NoSolar;2014
;VIN-number-Res-HH-Thermal-SH-Gas-WH-Gas-NoSolar;2015
;VIN-number-Res-HH-Thermal-SH-Gas-WH-Gas-NoSolar;2016
;VIN-number-Res-HH-Thermal-SH-Gas-WH-Gas-NoSolar;2017
;VIN-number-Res-HH-Thermal-SH-Gas-WH-Gas-NoSolar;2018
;VIN-number-Res-HH-Thermal-SH-Gas-WH-Gas-NoSolar;2019
;VIN-number-Res-HH-Thermal-SH-Gas-WH-Gas-NoSolar;2020
;VIN-number-Res-HH-Thermal-SH-Gas-WH-Gas-NoSolar;2021
;VIN-number-Res-HH-Thermal-SH-Gas-WH-Gas-Solar;<=2000
;VIN-number-Res-HH-Thermal-SH-Gas-WH-Gas-Solar;2001
;VIN-number-Res-HH-Thermal-SH-Gas-WH-Gas-Solar;2002
;VIN-number-Res-HH-Thermal-SH-Gas-WH-Gas-Solar;2003
;VIN-number-Res-HH-Thermal-SH-Gas-WH-Gas-Solar;2004
;VIN-number-Res-HH-Thermal-SH-Gas-WH-Gas-Solar;2005
;VIN-number-Res-HH-Thermal-SH-Gas-WH-Gas-Solar;2006
;VIN-number-Res-HH-Thermal-SH-Gas-WH-Gas-Solar;2007
;VIN-number-Res-HH-Thermal-SH-Gas-WH-Gas-Solar;2008
;VIN-number-Res-HH-Thermal-SH-Gas-WH-Gas-Solar;2009
;VIN-number-Res-HH-Thermal-SH-Gas-WH-Gas-Solar;2010
;VIN-number-Res-HH-Thermal-SH-Gas-WH-Gas-Solar;2011
;VIN-number-Res-HH-Thermal-SH-Gas-WH-Gas-Solar;2012
;VIN-number-Res-HH-Thermal-SH-Gas-WH-Gas-Solar;2013
;VIN-number-Res-HH-Thermal-SH-Gas-WH-Gas-Solar;2014
;VIN-number-Res-HH-Thermal-SH-Gas-WH-Gas-Solar;2015
;VIN-number-Res-HH-Thermal-SH-Gas-WH-Gas-Solar;2016
;VIN-number-Res-HH-Thermal-SH-Gas-WH-Gas-Solar;2017
;VIN-number-Res-HH-Thermal-SH-Gas-WH-Gas-Solar;2018
;VIN-number-Res-HH-Thermal-SH-Gas-WH-Gas-Solar;2019
;VIN-number-Res-HH-Thermal-SH-Gas-WH-Gas-Solar;2020
;VIN-number-Res-HH-Thermal-SH-Gas-WH-Gas-Solar;2021
;VIN-number-Res-HH-Thermal-SH-Gas-WH-Elc-NoSolar;<=2000
;VIN-number-Res-HH-Thermal-SH-Gas-WH-Elc-NoSolar;2001
;VIN-number-Res-HH-Thermal-SH-Gas-WH-Elc-NoSolar;2002
;VIN-number-Res-HH-Thermal-SH-Gas-WH-Elc-NoSolar;2003
;VIN-number-Res-HH-Thermal-SH-Gas-WH-Elc-NoSolar;2004
;VIN-number-Res-HH-Thermal-SH-Gas-WH-Elc-NoSolar;2005
;VIN-number-Res-HH-Thermal-SH-Gas-WH-Elc-NoSolar;2006
;VIN-number-Res-HH-Thermal-SH-Gas-WH-Elc-NoSolar;2007
;VIN-number-Res-HH-Thermal-SH-Gas-WH-Elc-NoSolar;2008
;VIN-number-Res-HH-Thermal-SH-Gas-WH-Elc-NoSolar;2009
;VIN-number-Res-HH-Thermal-SH-Gas-WH-Elc-NoSolar;2010
;VIN-number-Res-HH-Thermal-SH-Gas-WH-Elc-NoSolar;2011
;VIN-number-Res-HH-Thermal-SH-Gas-WH-Elc-NoSolar;2012
;VIN-number-Res-HH-Thermal-SH-Gas-WH-Elc-NoSolar;2013
;VIN-number-Res-HH-Thermal-SH-Gas-WH-Elc-NoSolar;2014
;VIN-number-Res-HH-Thermal-SH-Gas-WH-Elc-NoSolar;2015
;VIN-number-Res-HH-Thermal-SH-Gas-WH-Elc-NoSolar;2016
;VIN-number-Res-HH-Thermal-SH-Gas-WH-Elc-NoSolar;2017
;VIN-number-Res-HH-Thermal-SH-Gas-WH-Elc-NoSolar;2018
;VIN-number-Res-HH-Thermal-SH-Gas-WH-Elc-NoSolar;2019
;VIN-number-Res-HH-Thermal-SH-Gas-WH-Elc-NoSolar;2020
;VIN-number-Res-HH-Thermal-SH-Gas-WH-Elc-NoSolar;2021
;VIN-number-Res-HH-Thermal-SH-Gas-WH-Elc-Solar;<=2000
;VIN-number-Res-HH-Thermal-SH-Gas-WH-Elc-Solar;2001
;VIN-number-Res-HH-Thermal-SH-Gas-WH-Elc-Solar;2002
;VIN-number-Res-HH-Thermal-SH-Gas-WH-Elc-Solar;2003
;VIN-number-Res-HH-Thermal-SH-Gas-WH-Elc-Solar;2004
;VIN-number-Res-HH-Thermal-SH-Gas-WH-Elc-Solar;2005
;VIN-number-Res-HH-Thermal-SH-Gas-WH-Elc-Solar;2006
;VIN-number-Res-HH-Thermal-SH-Gas-WH-Elc-Solar;2007
;VIN-number-Res-HH-Thermal-SH-Gas-WH-Elc-Solar;2008
;VIN-number-Res-HH-Thermal-SH-Gas-WH-Elc-Solar;2009
;VIN-number-Res-HH-Thermal-SH-Gas-WH-Elc-Solar;2010
;VIN-number-Res-HH-Thermal-SH-Gas-WH-Elc-Solar;2011
;VIN-number-Res-HH-Thermal-SH-Gas-WH-Elc-Solar;2012
;VIN-number-Res-HH-Thermal-SH-Gas-WH-Elc-Solar;2013
;VIN-number-Res-HH-Thermal-SH-Gas-WH-Elc-Solar;2014
;VIN-number-Res-HH-Thermal-SH-Gas-WH-Elc-Solar;2015
;VIN-number-Res-HH-Thermal-SH-Gas-WH-Elc-Solar;2016
;VIN-number-Res-HH-Thermal-SH-Gas-WH-Elc-Solar;2017
;VIN-number-Res-HH-Thermal-SH-Gas-WH-Elc-Solar;2018
;VIN-number-Res-HH-Thermal-SH-Gas-WH-Elc-Solar;2019
;VIN-number-Res-HH-Thermal-SH-Gas-WH-Elc-Solar;2020
;VIN-number-Res-HH-Thermal-SH-Gas-WH-Elc-Solar;2021
;VIN-number-Res-HH-Thermal-SH-Gas-CO-Gas;<=2000
;VIN-number-Res-HH-Thermal-SH-Gas-CO-Gas;2001
;VIN-number-Res-HH-Thermal-SH-Gas-CO-Gas;2002
;VIN-number-Res-HH-Thermal-SH-Gas-CO-Gas;2003
;VIN-number-Res-HH-Thermal-SH-Gas-CO-Gas;2004
;VIN-number-Res-HH-Thermal-SH-Gas-CO-Gas;2005
;VIN-number-Res-HH-Thermal-SH-Gas-CO-Gas;2006
;VIN-number-Res-HH-Thermal-SH-Gas-CO-Gas;2007
;VIN-number-Res-HH-Thermal-SH-Gas-CO-Gas;2008
;VIN-number-Res-HH-Thermal-SH-Gas-CO-Gas;2009
;VIN-number-Res-HH-Thermal-SH-Gas-CO-Gas;2010
;VIN-number-Res-HH-Thermal-SH-Gas-CO-Gas;2011
;VIN-number-Res-HH-Thermal-SH-Gas-CO-Gas;2012
;VIN-number-Res-HH-Thermal-SH-Gas-CO-Gas;2013
;VIN-number-Res-HH-Thermal-SH-Gas-CO-Gas;2014
;VIN-number-Res-HH-Thermal-SH-Gas-CO-Gas;2015
;VIN-number-Res-HH-Thermal-SH-Gas-CO-Gas;2016
;VIN-number-Res-HH-Thermal-SH-Gas-CO-Gas;2017
;VIN-number-Res-HH-Thermal-SH-Gas-CO-Gas;2018
;VIN-number-Res-HH-Thermal-SH-Gas-CO-Gas;2019
;VIN-number-Res-HH-Thermal-SH-Gas-CO-Gas;2020
;VIN-number-Res-HH-Thermal-SH-Gas-CO-Gas;2021
;VIN-number-Res-HH-Thermal-SH-Gas-CO-Elc;<=2000
;VIN-number-Res-HH-Thermal-SH-Gas-CO-Elc;2001
;VIN-number-Res-HH-Thermal-SH-Gas-CO-Elc;2002
;VIN-number-Res-HH-Thermal-SH-Gas-CO-Elc;2003
;VIN-number-Res-HH-Thermal-SH-Gas-CO-Elc;2004
;VIN-number-Res-HH-Thermal-SH-Gas-CO-Elc;2005
;VIN-number-Res-HH-Thermal-SH-Gas-CO-Elc;2006
;VIN-number-Res-HH-Thermal-SH-Gas-CO-Elc;2007
;VIN-number-Res-HH-Thermal-SH-Gas-CO-Elc;2008
;VIN-number-Res-HH-Thermal-SH-Gas-CO-Elc;2009
;VIN-number-Res-HH-Thermal-SH-Gas-CO-Elc;2010
;VIN-number-Res-HH-Thermal-SH-Gas-CO-Elc;2011
;VIN-number-Res-HH-Thermal-SH-Gas-CO-Elc;2012
;VIN-number-Res-HH-Thermal-SH-Gas-CO-Elc;2013
;VIN-number-Res-HH-Thermal-SH-Gas-CO-Elc;2014
;VIN-number-Res-HH-Thermal-SH-Gas-CO-Elc;2015
;VIN-number-Res-HH-Thermal-SH-Gas-CO-Elc;2016
;VIN-number-Res-HH-Thermal-SH-Gas-CO-Elc;2017
;VIN-number-Res-HH-Thermal-SH-Gas-CO-Elc;2018
;VIN-number-Res-HH-Thermal-SH-Gas-CO-Elc;2019
;VIN-number-Res-HH-Thermal-SH-Gas-CO-Elc;2020
;VIN-number-Res-HH-Thermal-SH-Gas-CO-Elc;2021
;VIN-number-Res-HH-Thermal-SH-Biomass;<=2000
;VIN-number-Res-HH-Thermal-SH-Biomass;2001
;VIN-number-Res-HH-Thermal-SH-Biomass;2002
;VIN-number-Res-HH-Thermal-SH-Biomass;2003
;VIN-number-Res-HH-Thermal-SH-Biomass;2004
;VIN-number-Res-HH-Thermal-SH-Biomass;2005
;VIN-number-Res-HH-Thermal-SH-Biomass;2006
;VIN-number-Res-HH-Thermal-SH-Biomass;2007
;VIN-number-Res-HH-Thermal-SH-Biomass;2008
;VIN-number-Res-HH-Thermal-SH-Biomass;2009
;VIN-number-Res-HH-Thermal-SH-Biomass;2010
;VIN-number-Res-HH-Thermal-SH-Biomass;2011
;VIN-number-Res-HH-Thermal-SH-Biomass;2012
;VIN-number-Res-HH-Thermal-SH-Biomass;2013
;VIN-number-Res-HH-Thermal-SH-Biomass;2014
;VIN-number-Res-HH-Thermal-SH-Biomass;2015
;VIN-number-Res-HH-Thermal-SH-Biomass;2016
;VIN-number-Res-HH-Thermal-SH-Biomass;2017
;VIN-number-Res-HH-Thermal-SH-Biomass;2018
;VIN-number-Res-HH-Thermal-SH-Biomass;2019
;VIN-number-Res-HH-Thermal-SH-Biomass;2020
;VIN-number-Res-HH-Thermal-SH-Biomass;2021
;VIN-number-Res-HH-Thermal-SH-Biomass-SH;<=2000
;VIN-number-Res-HH-Thermal-SH-Biomass-SH;2001
;VIN-number-Res-HH-Thermal-SH-Biomass-SH;2002
;VIN-number-Res-HH-Thermal-SH-Biomass-SH;2003
;VIN-number-Res-HH-Thermal-SH-Biomass-SH;2004
;VIN-number-Res-HH-Thermal-SH-Biomass-SH;2005
;VIN-number-Res-HH-Thermal-SH-Biomass-SH;2006
;VIN-number-Res-HH-Thermal-SH-Biomass-SH;2007
;VIN-number-Res-HH-Thermal-SH-Biomass-SH;2008
;VIN-number-Res-HH-Thermal-SH-Biomass-SH;2009
;VIN-number-Res-HH-Thermal-SH-Biomass-SH;2010
;VIN-number-Res-HH-Thermal-SH-Biomass-SH;2011
;VIN-number-Res-HH-Thermal-SH-Biomass-SH;2012
;VIN-number-Res-HH-Thermal-SH-Biomass-SH;2013
;VIN-number-Res-HH-Thermal-SH-Biomass-SH;2014
;VIN-number-Res-HH-Thermal-SH-Biomass-SH;2015
;VIN-number-Res-HH-Thermal-SH-Biomass-SH;2016
;VIN-number-Res-HH-Thermal-SH-Biomass-SH;2017
;VIN-number-Res-HH-Thermal-SH-Biomass-SH;2018
;VIN-number-Res-HH-Thermal-SH-Biomass-SH;2019
;VIN-number-Res-HH-Thermal-SH-Biomass-SH;2020
;VIN-number-Res-HH-Thermal-SH-Biomass-SH;2021
;VIN-number-Res-HH-Thermal-SH-Biomass-SC-AC;<=2000
;VIN-number-Res-HH-Thermal-SH-Biomass-SC-AC;2001
;VIN-number-Res-HH-Thermal-SH-Biomass-SC-AC;2002
;VIN-number-Res-HH-Thermal-SH-Biomass-SC-AC;2003
;VIN-number-Res-HH-Thermal-SH-Biomass-SC-AC;2004
;VIN-number-Res-HH-Thermal-SH-Biomass-SC-AC;2005
;VIN-number-Res-HH-Thermal-SH-Biomass-SC-AC;2006
;VIN-number-Res-HH-Thermal-SH-Biomass-SC-AC;2007
;VIN-number-Res-HH-Thermal-SH-Biomass-SC-AC;2008
;VIN-number-Res-HH-Thermal-SH-Biomass-SC-AC;2009
;VIN-number-Res-HH-Thermal-SH-Biomass-SC-AC;2010
;VIN-number-Res-HH-Thermal-SH-Biomass-SC-AC;2011
;VIN-number-Res-HH-Thermal-SH-Biomass-SC-AC;2012
;VIN-number-Res-HH-Thermal-SH-Biomass-SC-AC;2013
;VIN-number-Res-HH-Thermal-SH-Biomass-SC-AC;2014
;VIN-number-Res-HH-Thermal-SH-Biomass-SC-AC;2015
;VIN-number-Res-HH-Thermal-SH-Biomass-SC-AC;2016
;VIN-number-Res-HH-Thermal-SH-Biomass-SC-AC;2017
;VIN-number-Res-HH-Thermal-SH-Biomass-SC-AC;2018
;VIN-number-Res-HH-Thermal-SH-Biomass-SC-AC;2019
;VIN-number-Res-HH-Thermal-SH-Biomass-SC-AC;2020
;VIN-number-Res-HH-Thermal-SH-Biomass-SC-AC;2021
;VIN-number-Res-HH-Thermal-SH-Biomass-WH-Biomass-NoSolar;<=2000
;VIN-number-Res-HH-Thermal-SH-Biomass-WH-Biomass-NoSolar;2001
;VIN-number-Res-HH-Thermal-SH-Biomass-WH-Biomass-NoSolar;2002
;VIN-number-Res-HH-Thermal-SH-Biomass-WH-Biomass-NoSolar;2003
;VIN-number-Res-HH-Thermal-SH-Biomass-WH-Biomass-NoSolar;2004
;VIN-number-Res-HH-Thermal-SH-Biomass-WH-Biomass-NoSolar;2005
;VIN-number-Res-HH-Thermal-SH-Biomass-WH-Biomass-NoSolar;2006
;VIN-number-Res-HH-Thermal-SH-Biomass-WH-Biomass-NoSolar;2007
;VIN-number-Res-HH-Thermal-SH-Biomass-WH-Biomass-NoSolar;2008
;VIN-number-Res-HH-Thermal-SH-Biomass-WH-Biomass-NoSolar;2009
;VIN-number-Res-HH-Thermal-SH-Biomass-WH-Biomass-NoSolar;2010
;VIN-number-Res-HH-Thermal-SH-Biomass-WH-Biomass-NoSolar;2011
;VIN-number-Res-HH-Thermal-SH-Biomass-WH-Biomass-NoSolar;2012
;VIN-number-Res-HH-Thermal-SH-Biomass-WH-Biomass-NoSolar;2013
;VIN-number-Res-HH-Thermal-SH-Biomass-WH-Biomass-NoSolar;2014
;VIN-number-Res-HH-Thermal-SH-Biomass-WH-Biomass-NoSolar;2015
;VIN-number-Res-HH-Thermal-SH-Biomass-WH-Biomass-NoSolar;2016
;VIN-number-Res-HH-Thermal-SH-Biomass-WH-Biomass-NoSolar;2017
;VIN-number-Res-HH-Thermal-SH-Biomass-WH-Biomass-NoSolar;2018
;VIN-number-Res-HH-Thermal-SH-Biomass-WH-Biomass-NoSolar;2019
;VIN-number-Res-HH-Thermal-SH-Biomass-WH-Biomass-NoSolar;2020
;VIN-number-Res-HH-Thermal-SH-Biomass-WH-Biomass-NoSolar;2021
;VIN-number-Res-HH-Thermal-SH-Biomass-WH-Biomass-Solar;<=2000
;VIN-number-Res-HH-Thermal-SH-Biomass-WH-Biomass-Solar;2001
;VIN-number-Res-HH-Thermal-SH-Biomass-WH-Biomass-Solar;2002
;VIN-number-Res-HH-Thermal-SH-Biomass-WH-Biomass-Solar;2003
;VIN-number-Res-HH-Thermal-SH-Biomass-WH-Biomass-Solar;2004
;VIN-number-Res-HH-Thermal-SH-Biomass-WH-Biomass-Solar;2005
;VIN-number-Res-HH-Thermal-SH-Biomass-WH-Biomass-Solar;2006
;VIN-number-Res-HH-Thermal-SH-Biomass-WH-Biomass-Solar;2007
;VIN-number-Res-HH-Thermal-SH-Biomass-WH-Biomass-Solar;2008
;VIN-number-Res-HH-Thermal-SH-Biomass-WH-Biomass-Solar;2009
;VIN-number-Res-HH-Thermal-SH-Biomass-WH-Biomass-Solar;2010
;VIN-number-Res-HH-Thermal-SH-Biomass-WH-Biomass-Solar;2011
;VIN-number-Res-HH-Thermal-SH-Biomass-WH-Biomass-Solar;2012
;VIN-number-Res-HH-Thermal-SH-Biomass-WH-Biomass-Solar;2013
;VIN-number-Res-HH-Thermal-SH-Biomass-WH-Biomass-Solar;2014
;VIN-number-Res-HH-Thermal-SH-Biomass-WH-Biomass-Solar;2015
;VIN-number-Res-HH-Thermal-SH-Biomass-WH-Biomass-Solar;2016
;VIN-number-Res-HH-Thermal-SH-Biomass-WH-Biomass-Solar;2017
;VIN-number-Res-HH-Thermal-SH-Biomass-WH-Biomass-Solar;2018
;VIN-number-Res-HH-Thermal-SH-Biomass-WH-Biomass-Solar;2019
;VIN-number-Res-HH-Thermal-SH-Biomass-WH-Biomass-Solar;2020
;VIN-number-Res-HH-Thermal-SH-Biomass-WH-Biomass-Solar;2021
;VIN-number-Res-HH-Thermal-SH-Biomass-WH-LPG-NoSolar;<=2000
;VIN-number-Res-HH-Thermal-SH-Biomass-WH-LPG-NoSolar;2001
;VIN-number-Res-HH-Thermal-SH-Biomass-WH-LPG-NoSolar;2002
;VIN-number-Res-HH-Thermal-SH-Biomass-WH-LPG-NoSolar;2003
;VIN-number-Res-HH-Thermal-SH-Biomass-WH-LPG-NoSolar;2004
;VIN-number-Res-HH-Thermal-SH-Biomass-WH-LPG-NoSolar;2005
;VIN-number-Res-HH-Thermal-SH-Biomass-WH-LPG-NoSolar;2006
;VIN-number-Res-HH-Thermal-SH-Biomass-WH-LPG-NoSolar;2007
;VIN-number-Res-HH-Thermal-SH-Biomass-WH-LPG-NoSolar;2008
;VIN-number-Res-HH-Thermal-SH-Biomass-WH-LPG-NoSolar;2009
;VIN-number-Res-HH-Thermal-SH-Biomass-WH-LPG-NoSolar;2010
;VIN-number-Res-HH-Thermal-SH-Biomass-WH-LPG-NoSolar;2011
;VIN-number-Res-HH-Thermal-SH-Biomass-WH-LPG-NoSolar;2012
;VIN-number-Res-HH-Thermal-SH-Biomass-WH-LPG-NoSolar;2013
;VIN-number-Res-HH-Thermal-SH-Biomass-WH-LPG-NoSolar;2014
;VIN-number-Res-HH-Thermal-SH-Biomass-WH-LPG-NoSolar;2015
;VIN-number-Res-HH-Thermal-SH-Biomass-WH-LPG-NoSolar;2016
;VIN-number-Res-HH-Thermal-SH-Biomass-WH-LPG-NoSolar;2017
;VIN-number-Res-HH-Thermal-SH-Biomass-WH-LPG-NoSolar;2018
;VIN-number-Res-HH-Thermal-SH-Biomass-WH-LPG-NoSolar;2019
;VIN-number-Res-HH-Thermal-SH-Biomass-WH-LPG-NoSolar;2020
;VIN-number-Res-HH-Thermal-SH-Biomass-WH-LPG-NoSolar;2021
;VIN-number-Res-HH-Thermal-SH-Biomass-WH-LPG-Solar;<=2000
;VIN-number-Res-HH-Thermal-SH-Biomass-WH-LPG-Solar;2001
;VIN-number-Res-HH-Thermal-SH-Biomass-WH-LPG-Solar;2002
;VIN-number-Res-HH-Thermal-SH-Biomass-WH-LPG-Solar;2003
;VIN-number-Res-HH-Thermal-SH-Biomass-WH-LPG-Solar;2004
;VIN-number-Res-HH-Thermal-SH-Biomass-WH-LPG-Solar;2005
;VIN-number-Res-HH-Thermal-SH-Biomass-WH-LPG-Solar;2006
;VIN-number-Res-HH-Thermal-SH-Biomass-WH-LPG-Solar;2007
;VIN-number-Res-HH-Thermal-SH-Biomass-WH-LPG-Solar;2008
;VIN-number-Res-HH-Thermal-SH-Biomass-WH-LPG-Solar;2009
;VIN-number-Res-HH-Thermal-SH-Biomass-WH-LPG-Solar;2010
;VIN-number-Res-HH-Thermal-SH-Biomass-WH-LPG-Solar;2011
;VIN-number-Res-HH-Thermal-SH-Biomass-WH-LPG-Solar;2012
;VIN-number-Res-HH-Thermal-SH-Biomass-WH-LPG-Solar;2013
;VIN-number-Res-HH-Thermal-SH-Biomass-WH-LPG-Solar;2014
;VIN-number-Res-HH-Thermal-SH-Biomass-WH-LPG-Solar;2015
;VIN-number-Res-HH-Thermal-SH-Biomass-WH-LPG-Solar;2016
;VIN-number-Res-HH-Thermal-SH-Biomass-WH-LPG-Solar;2017
;VIN-number-Res-HH-Thermal-SH-Biomass-WH-LPG-Solar;2018
;VIN-number-Res-HH-Thermal-SH-Biomass-WH-LPG-Solar;2019
;VIN-number-Res-HH-Thermal-SH-Biomass-WH-LPG-Solar;2020
;VIN-number-Res-HH-Thermal-SH-Biomass-WH-LPG-Solar;2021
;VIN-number-Res-HH-Thermal-SH-Biomass-WH-Elc-NoSolar;<=2000
;VIN-number-Res-HH-Thermal-SH-Biomass-WH-Elc-NoSolar;2001
;VIN-number-Res-HH-Thermal-SH-Biomass-WH-Elc-NoSolar;2002
;VIN-number-Res-HH-Thermal-SH-Biomass-WH-Elc-NoSolar;2003
;VIN-number-Res-HH-Thermal-SH-Biomass-WH-Elc-NoSolar;2004
;VIN-number-Res-HH-Thermal-SH-Biomass-WH-Elc-NoSolar;2005
;VIN-number-Res-HH-Thermal-SH-Biomass-WH-Elc-NoSolar;2006
;VIN-number-Res-HH-Thermal-SH-Biomass-WH-Elc-NoSolar;2007
;VIN-number-Res-HH-Thermal-SH-Biomass-WH-Elc-NoSolar;2008
;VIN-number-Res-HH-Thermal-SH-Biomass-WH-Elc-NoSolar;2009
;VIN-number-Res-HH-Thermal-SH-Biomass-WH-Elc-NoSolar;2010
;VIN-number-Res-HH-Thermal-SH-Biomass-WH-Elc-NoSolar;2011
;VIN-number-Res-HH-Thermal-SH-Biomass-WH-Elc-NoSolar;2012
;VIN-number-Res-HH-Thermal-SH-Biomass-WH-Elc-NoSolar;2013
;VIN-number-Res-HH-Thermal-SH-Biomass-WH-Elc-NoSolar;2014
;VIN-number-Res-HH-Thermal-SH-Biomass-WH-Elc-NoSolar;2015
;VIN-number-Res-HH-Thermal-SH-Biomass-WH-Elc-NoSolar;2016
;VIN-number-Res-HH-Thermal-SH-Biomass-WH-Elc-NoSolar;2017
;VIN-number-Res-HH-Thermal-SH-Biomass-WH-Elc-NoSolar;2018
;VIN-number-Res-HH-Thermal-SH-Biomass-WH-Elc-NoSolar;2019
;VIN-number-Res-HH-Thermal-SH-Biomass-WH-Elc-NoSolar;2020
;VIN-number-Res-HH-Thermal-SH-Biomass-WH-Elc-NoSolar;2021
;VIN-number-Res-HH-Thermal-SH-Biomass-WH-Elc-Solar;<=2000
;VIN-number-Res-HH-Thermal-SH-Biomass-WH-Elc-Solar;2001
;VIN-number-Res-HH-Thermal-SH-Biomass-WH-Elc-Solar;2002
;VIN-number-Res-HH-Thermal-SH-Biomass-WH-Elc-Solar;2003
;VIN-number-Res-HH-Thermal-SH-Biomass-WH-Elc-Solar;2004
;VIN-number-Res-HH-Thermal-SH-Biomass-WH-Elc-Solar;2005
;VIN-number-Res-HH-Thermal-SH-Biomass-WH-Elc-Solar;2006
;VIN-number-Res-HH-Thermal-SH-Biomass-WH-Elc-Solar;2007
;VIN-number-Res-HH-Thermal-SH-Biomass-WH-Elc-Solar;2008
;VIN-number-Res-HH-Thermal-SH-Biomass-WH-Elc-Solar;2009
;VIN-number-Res-HH-Thermal-SH-Biomass-WH-Elc-Solar;2010
;VIN-number-Res-HH-Thermal-SH-Biomass-WH-Elc-Solar;2011
;VIN-number-Res-HH-Thermal-SH-Biomass-WH-Elc-Solar;2012
;VIN-number-Res-HH-Thermal-SH-Biomass-WH-Elc-Solar;2013
;VIN-number-Res-HH-Thermal-SH-Biomass-WH-Elc-Solar;2014
;VIN-number-Res-HH-Thermal-SH-Biomass-WH-Elc-Solar;2015
;VIN-number-Res-HH-Thermal-SH-Biomass-WH-Elc-Solar;2016
;VIN-number-Res-HH-Thermal-SH-Biomass-WH-Elc-Solar;2017
;VIN-number-Res-HH-Thermal-SH-Biomass-WH-Elc-Solar;2018
;VIN-number-Res-HH-Thermal-SH-Biomass-WH-Elc-Solar;2019
;VIN-number-Res-HH-Thermal-SH-Biomass-WH-Elc-Solar;2020
;VIN-number-Res-HH-Thermal-SH-Biomass-WH-Elc-Solar;2021
;VIN-number-Res-HH-Thermal-SH-Biomass-CO-Biomass;<=2000
;VIN-number-Res-HH-Thermal-SH-Biomass-CO-Biomass;2001
;VIN-number-Res-HH-Thermal-SH-Biomass-CO-Biomass;2002
;VIN-number-Res-HH-Thermal-SH-Biomass-CO-Biomass;2003
;VIN-number-Res-HH-Thermal-SH-Biomass-CO-Biomass;2004
;VIN-number-Res-HH-Thermal-SH-Biomass-CO-Biomass;2005
;VIN-number-Res-HH-Thermal-SH-Biomass-CO-Biomass;2006
;VIN-number-Res-HH-Thermal-SH-Biomass-CO-Biomass;2007
;VIN-number-Res-HH-Thermal-SH-Biomass-CO-Biomass;2008
;VIN-number-Res-HH-Thermal-SH-Biomass-CO-Biomass;2009
;VIN-number-Res-HH-Thermal-SH-Biomass-CO-Biomass;2010
;VIN-number-Res-HH-Thermal-SH-Biomass-CO-Biomass;2011
;VIN-number-Res-HH-Thermal-SH-Biomass-CO-Biomass;2012
;VIN-number-Res-HH-Thermal-SH-Biomass-CO-Biomass;2013
;VIN-number-Res-HH-Thermal-SH-Biomass-CO-Biomass;2014
;VIN-number-Res-HH-Thermal-SH-Biomass-CO-Biomass;2015
;VIN-number-Res-HH-Thermal-SH-Biomass-CO-Biomass;2016
;VIN-number-Res-HH-Thermal-SH-Biomass-CO-Biomass;2017
;VIN-number-Res-HH-Thermal-SH-Biomass-CO-Biomass;2018
;VIN-number-Res-HH-Thermal-SH-Biomass-CO-Biomass;2019
;VIN-number-Res-HH-Thermal-SH-Biomass-CO-Biomass;2020
;VIN-number-Res-HH-Thermal-SH-Biomass-CO-Biomass;2021
;VIN-number-Res-HH-Thermal-SH-Biomass-CO-LPG;<=2000
;VIN-number-Res-HH-Thermal-SH-Biomass-CO-LPG;2001
;VIN-number-Res-HH-Thermal-SH-Biomass-CO-LPG;2002
;VIN-number-Res-HH-Thermal-SH-Biomass-CO-LPG;2003
;VIN-number-Res-HH-Thermal-SH-Biomass-CO-LPG;2004
;VIN-number-Res-HH-Thermal-SH-Biomass-CO-LPG;2005
;VIN-number-Res-HH-Thermal-SH-Biomass-CO-LPG;2006
;VIN-number-Res-HH-Thermal-SH-Biomass-CO-LPG;2007
;VIN-number-Res-HH-Thermal-SH-Biomass-CO-LPG;2008
;VIN-number-Res-HH-Thermal-SH-Biomass-CO-LPG;2009
;VIN-number-Res-HH-Thermal-SH-Biomass-CO-LPG;2010
;VIN-number-Res-HH-Thermal-SH-Biomass-CO-LPG;2011
;VIN-number-Res-HH-Thermal-SH-Biomass-CO-LPG;2012
;VIN-number-Res-HH-Thermal-SH-Biomass-CO-LPG;2013
;VIN-number-Res-HH-Thermal-SH-Biomass-CO-LPG;2014
;VIN-number-Res-HH-Thermal-SH-Biomass-CO-LPG;2015
;VIN-number-Res-HH-Thermal-SH-Biomass-CO-LPG;2016
;VIN-number-Res-HH-Thermal-SH-Biomass-CO-LPG;2017
;VIN-number-Res-HH-Thermal-SH-Biomass-CO-LPG;2018
;VIN-number-Res-HH-Thermal-SH-Biomass-CO-LPG;2019
;VIN-number-Res-HH-Thermal-SH-Biomass-CO-LPG;2020
;VIN-number-Res-HH-Thermal-SH-Biomass-CO-LPG;2021
;VIN-number-Res-HH-Thermal-SH-Biomass-CO-Elc;<=2000
;VIN-number-Res-HH-Thermal-SH-Biomass-CO-Elc;2001
;VIN-number-Res-HH-Thermal-SH-Biomass-CO-Elc;2002
;VIN-number-Res-HH-Thermal-SH-Biomass-CO-Elc;2003
;VIN-number-Res-HH-Thermal-SH-Biomass-CO-Elc;2004
;VIN-number-Res-HH-Thermal-SH-Biomass-CO-Elc;2005
;VIN-number-Res-HH-Thermal-SH-Biomass-CO-Elc;2006
;VIN-number-Res-HH-Thermal-SH-Biomass-CO-Elc;2007
;VIN-number-Res-HH-Thermal-SH-Biomass-CO-Elc;2008
;VIN-number-Res-HH-Thermal-SH-Biomass-CO-Elc;2009
;VIN-number-Res-HH-Thermal-SH-Biomass-CO-Elc;2010
;VIN-number-Res-HH-Thermal-SH-Biomass-CO-Elc;2011
;VIN-number-Res-HH-Thermal-SH-Biomass-CO-Elc;2012
;VIN-number-Res-HH-Thermal-SH-Biomass-CO-Elc;2013
;VIN-number-Res-HH-Thermal-SH-Biomass-CO-Elc;2014
;VIN-number-Res-HH-Thermal-SH-Biomass-CO-Elc;2015
;VIN-number-Res-HH-Thermal-SH-Biomass-CO-Elc;2016
;VIN-number-Res-HH-Thermal-SH-Biomass-CO-Elc;2017
;VIN-number-Res-HH-Thermal-SH-Biomass-CO-Elc;2018
;VIN-number-Res-HH-Thermal-SH-Biomass-CO-Elc;2019
;VIN-number-Res-HH-Thermal-SH-Biomass-CO-Elc;2020
;VIN-number-Res-HH-Thermal-SH-Biomass-CO-Elc;2021
;VIN-number-Res-HH-Thermal-SH-Geo;<=2000
;VIN-number-Res-HH-Thermal-SH-Geo;2001
;VIN-number-Res-HH-Thermal-SH-Geo;2002
;VIN-number-Res-HH-Thermal-SH-Geo;2003
;VIN-number-Res-HH-Thermal-SH-Geo;2004
;VIN-number-Res-HH-Thermal-SH-Geo;2005
;VIN-number-Res-HH-Thermal-SH-Geo;2006
;VIN-number-Res-HH-Thermal-SH-Geo;2007
;VIN-number-Res-HH-Thermal-SH-Geo;2008
;VIN-number-Res-HH-Thermal-SH-Geo;2009
;VIN-number-Res-HH-Thermal-SH-Geo;2010
;VIN-number-Res-HH-Thermal-SH-Geo;2011
;VIN-number-Res-HH-Thermal-SH-Geo;2012
;VIN-number-Res-HH-Thermal-SH-Geo;2013
;VIN-number-Res-HH-Thermal-SH-Geo;2014
;VIN-number-Res-HH-Thermal-SH-Geo;2015
;VIN-number-Res-HH-Thermal-SH-Geo;2016
;VIN-number-Res-HH-Thermal-SH-Geo;2017
;VIN-number-Res-HH-Thermal-SH-Geo;2018
;VIN-number-Res-HH-Thermal-SH-Geo;2019
;VIN-number-Res-HH-Thermal-SH-Geo;2020
;VIN-number-Res-HH-Thermal-SH-Geo;2021
;VIN-number-Res-HH-Thermal-SH-Geo-SH;<=2000
;VIN-number-Res-HH-Thermal-SH-Geo-SH;2001
;VIN-number-Res-HH-Thermal-SH-Geo-SH;2002
;VIN-number-Res-HH-Thermal-SH-Geo-SH;2003
;VIN-number-Res-HH-Thermal-SH-Geo-SH;2004
;VIN-number-Res-HH-Thermal-SH-Geo-SH;2005
;VIN-number-Res-HH-Thermal-SH-Geo-SH;2006
;VIN-number-Res-HH-Thermal-SH-Geo-SH;2007
;VIN-number-Res-HH-Thermal-SH-Geo-SH;2008
;VIN-number-Res-HH-Thermal-SH-Geo-SH;2009
;VIN-number-Res-HH-Thermal-SH-Geo-SH;2010
;VIN-number-Res-HH-Thermal-SH-Geo-SH;2011
;VIN-number-Res-HH-Thermal-SH-Geo-SH;2012
;VIN-number-Res-HH-Thermal-SH-Geo-SH;2013
;VIN-number-Res-HH-Thermal-SH-Geo-SH;2014
;VIN-number-Res-HH-Thermal-SH-Geo-SH;2015
;VIN-number-Res-HH-Thermal-SH-Geo-SH;2016
;VIN-number-Res-HH-Thermal-SH-Geo-SH;2017
;VIN-number-Res-HH-Thermal-SH-Geo-SH;2018
;VIN-number-Res-HH-Thermal-SH-Geo-SH;2019
;VIN-number-Res-HH-Thermal-SH-Geo-SH;2020
;VIN-number-Res-HH-Thermal-SH-Geo-SH;2021
;VIN-number-Res-HH-Thermal-SH-Geo-SC-AC;<=2000
;VIN-number-Res-HH-Thermal-SH-Geo-SC-AC;2001
;VIN-number-Res-HH-Thermal-SH-Geo-SC-AC;2002
;VIN-number-Res-HH-Thermal-SH-Geo-SC-AC;2003
;VIN-number-Res-HH-Thermal-SH-Geo-SC-AC;2004
;VIN-number-Res-HH-Thermal-SH-Geo-SC-AC;2005
;VIN-number-Res-HH-Thermal-SH-Geo-SC-AC;2006
;VIN-number-Res-HH-Thermal-SH-Geo-SC-AC;2007
;VIN-number-Res-HH-Thermal-SH-Geo-SC-AC;2008
;VIN-number-Res-HH-Thermal-SH-Geo-SC-AC;2009
;VIN-number-Res-HH-Thermal-SH-Geo-SC-AC;2010
;VIN-number-Res-HH-Thermal-SH-Geo-SC-AC;2011
;VIN-number-Res-HH-Thermal-SH-Geo-SC-AC;2012
;VIN-number-Res-HH-Thermal-SH-Geo-SC-AC;2013
;VIN-number-Res-HH-Thermal-SH-Geo-SC-AC;2014
;VIN-number-Res-HH-Thermal-SH-Geo-SC-AC;2015
;VIN-number-Res-HH-Thermal-SH-Geo-SC-AC;2016
;VIN-number-Res-HH-Thermal-SH-Geo-SC-AC;2017
;VIN-number-Res-HH-Thermal-SH-Geo-SC-AC;2018
;VIN-number-Res-HH-Thermal-SH-Geo-SC-AC;2019
;VIN-number-Res-HH-Thermal-SH-Geo-SC-AC;2020
;VIN-number-Res-HH-Thermal-SH-Geo-SC-AC;2021
;VIN-number-Res-HH-Thermal-SH-Geo-WH-Geo-NoSolar;<=2000
;VIN-number-Res-HH-Thermal-SH-Geo-WH-Geo-NoSolar;2001
;VIN-number-Res-HH-Thermal-SH-Geo-WH-Geo-NoSolar;2002
;VIN-number-Res-HH-Thermal-SH-Geo-WH-Geo-NoSolar;2003
;VIN-number-Res-HH-Thermal-SH-Geo-WH-Geo-NoSolar;2004
;VIN-number-Res-HH-Thermal-SH-Geo-WH-Geo-NoSolar;2005
;VIN-number-Res-HH-Thermal-SH-Geo-WH-Geo-NoSolar;2006
;VIN-number-Res-HH-Thermal-SH-Geo-WH-Geo-NoSolar;2007
;VIN-number-Res-HH-Thermal-SH-Geo-WH-Geo-NoSolar;2008
;VIN-number-Res-HH-Thermal-SH-Geo-WH-Geo-NoSolar;2009
;VIN-number-Res-HH-Thermal-SH-Geo-WH-Geo-NoSolar;2010
;VIN-number-Res-HH-Thermal-SH-Geo-WH-Geo-NoSolar;2011
;VIN-number-Res-HH-Thermal-SH-Geo-WH-Geo-NoSolar;2012
;VIN-number-Res-HH-Thermal-SH-Geo-WH-Geo-NoSolar;2013
;VIN-number-Res-HH-Thermal-SH-Geo-WH-Geo-NoSolar;2014
;VIN-number-Res-HH-Thermal-SH-Geo-WH-Geo-NoSolar;2015
;VIN-number-Res-HH-Thermal-SH-Geo-WH-Geo-NoSolar;2016
;VIN-number-Res-HH-Thermal-SH-Geo-WH-Geo-NoSolar;2017
;VIN-number-Res-HH-Thermal-SH-Geo-WH-Geo-NoSolar;2018
;VIN-number-Res-HH-Thermal-SH-Geo-WH-Geo-NoSolar;2019
;VIN-number-Res-HH-Thermal-SH-Geo-WH-Geo-NoSolar;2020
;VIN-number-Res-HH-Thermal-SH-Geo-WH-Geo-NoSolar;2021
;VIN-number-Res-HH-Thermal-SH-Geo-WH-Geo-Solar;<=2000
;VIN-number-Res-HH-Thermal-SH-Geo-WH-Geo-Solar;2001
;VIN-number-Res-HH-Thermal-SH-Geo-WH-Geo-Solar;2002
;VIN-number-Res-HH-Thermal-SH-Geo-WH-Geo-Solar;2003
;VIN-number-Res-HH-Thermal-SH-Geo-WH-Geo-Solar;2004
;VIN-number-Res-HH-Thermal-SH-Geo-WH-Geo-Solar;2005
;VIN-number-Res-HH-Thermal-SH-Geo-WH-Geo-Solar;2006
;VIN-number-Res-HH-Thermal-SH-Geo-WH-Geo-Solar;2007
;VIN-number-Res-HH-Thermal-SH-Geo-WH-Geo-Solar;2008
;VIN-number-Res-HH-Thermal-SH-Geo-WH-Geo-Solar;2009
;VIN-number-Res-HH-Thermal-SH-Geo-WH-Geo-Solar;2010
;VIN-number-Res-HH-Thermal-SH-Geo-WH-Geo-Solar;2011
;VIN-number-Res-HH-Thermal-SH-Geo-WH-Geo-Solar;2012
;VIN-number-Res-HH-Thermal-SH-Geo-WH-Geo-Solar;2013
;VIN-number-Res-HH-Thermal-SH-Geo-WH-Geo-Solar;2014
;VIN-number-Res-HH-Thermal-SH-Geo-WH-Geo-Solar;2015
;VIN-number-Res-HH-Thermal-SH-Geo-WH-Geo-Solar;2016
;VIN-number-Res-HH-Thermal-SH-Geo-WH-Geo-Solar;2017
;VIN-number-Res-HH-Thermal-SH-Geo-WH-Geo-Solar;2018
;VIN-number-Res-HH-Thermal-SH-Geo-WH-Geo-Solar;2019
;VIN-number-Res-HH-Thermal-SH-Geo-WH-Geo-Solar;2020
;VIN-number-Res-HH-Thermal-SH-Geo-WH-Geo-Solar;2021
;VIN-number-Res-HH-Thermal-SH-Geo-WH-Elc-NoSolar;<=2000
;VIN-number-Res-HH-Thermal-SH-Geo-WH-Elc-NoSolar;2001
;VIN-number-Res-HH-Thermal-SH-Geo-WH-Elc-NoSolar;2002
;VIN-number-Res-HH-Thermal-SH-Geo-WH-Elc-NoSolar;2003
;VIN-number-Res-HH-Thermal-SH-Geo-WH-Elc-NoSolar;2004
;VIN-number-Res-HH-Thermal-SH-Geo-WH-Elc-NoSolar;2005
;VIN-number-Res-HH-Thermal-SH-Geo-WH-Elc-NoSolar;2006
;VIN-number-Res-HH-Thermal-SH-Geo-WH-Elc-NoSolar;2007
;VIN-number-Res-HH-Thermal-SH-Geo-WH-Elc-NoSolar;2008
;VIN-number-Res-HH-Thermal-SH-Geo-WH-Elc-NoSolar;2009
;VIN-number-Res-HH-Thermal-SH-Geo-WH-Elc-NoSolar;2010
;VIN-number-Res-HH-Thermal-SH-Geo-WH-Elc-NoSolar;2011
;VIN-number-Res-HH-Thermal-SH-Geo-WH-Elc-NoSolar;2012
;VIN-number-Res-HH-Thermal-SH-Geo-WH-Elc-NoSolar;2013
;VIN-number-Res-HH-Thermal-SH-Geo-WH-Elc-NoSolar;2014
;VIN-number-Res-HH-Thermal-SH-Geo-WH-Elc-NoSolar;2015
;VIN-number-Res-HH-Thermal-SH-Geo-WH-Elc-NoSolar;2016
;VIN-number-Res-HH-Thermal-SH-Geo-WH-Elc-NoSolar;2017
;VIN-number-Res-HH-Thermal-SH-Geo-WH-Elc-NoSolar;2018
;VIN-number-Res-HH-Thermal-SH-Geo-WH-Elc-NoSolar;2019
;VIN-number-Res-HH-Thermal-SH-Geo-WH-Elc-NoSolar;2020
;VIN-number-Res-HH-Thermal-SH-Geo-WH-Elc-NoSolar;2021
;VIN-number-Res-HH-Thermal-SH-Geo-WH-Elc-Solar;<=2000
;VIN-number-Res-HH-Thermal-SH-Geo-WH-Elc-Solar;2001
;VIN-number-Res-HH-Thermal-SH-Geo-WH-Elc-Solar;2002
;VIN-number-Res-HH-Thermal-SH-Geo-WH-Elc-Solar;2003
;VIN-number-Res-HH-Thermal-SH-Geo-WH-Elc-Solar;2004
;VIN-number-Res-HH-Thermal-SH-Geo-WH-Elc-Solar;2005
;VIN-number-Res-HH-Thermal-SH-Geo-WH-Elc-Solar;2006
;VIN-number-Res-HH-Thermal-SH-Geo-WH-Elc-Solar;2007
;VIN-number-Res-HH-Thermal-SH-Geo-WH-Elc-Solar;2008
;VIN-number-Res-HH-Thermal-SH-Geo-WH-Elc-Solar;2009
;VIN-number-Res-HH-Thermal-SH-Geo-WH-Elc-Solar;2010
;VIN-number-Res-HH-Thermal-SH-Geo-WH-Elc-Solar;2011
;VIN-number-Res-HH-Thermal-SH-Geo-WH-Elc-Solar;2012
;VIN-number-Res-HH-Thermal-SH-Geo-WH-Elc-Solar;2013
;VIN-number-Res-HH-Thermal-SH-Geo-WH-Elc-Solar;2014
;VIN-number-Res-HH-Thermal-SH-Geo-WH-Elc-Solar;2015
;VIN-number-Res-HH-Thermal-SH-Geo-WH-Elc-Solar;2016
;VIN-number-Res-HH-Thermal-SH-Geo-WH-Elc-Solar;2017
;VIN-number-Res-HH-Thermal-SH-Geo-WH-Elc-Solar;2018
;VIN-number-Res-HH-Thermal-SH-Geo-WH-Elc-Solar;2019
;VIN-number-Res-HH-Thermal-SH-Geo-WH-Elc-Solar;2020
;VIN-number-Res-HH-Thermal-SH-Geo-WH-Elc-Solar;2021
;VIN-number-Res-HH-Thermal-SH-Geo-CO-LPG;<=2000
;VIN-number-Res-HH-Thermal-SH-Geo-CO-LPG;2001
;VIN-number-Res-HH-Thermal-SH-Geo-CO-LPG;2002
;VIN-number-Res-HH-Thermal-SH-Geo-CO-LPG;2003
;VIN-number-Res-HH-Thermal-SH-Geo-CO-LPG;2004
;VIN-number-Res-HH-Thermal-SH-Geo-CO-LPG;2005
;VIN-number-Res-HH-Thermal-SH-Geo-CO-LPG;2006
;VIN-number-Res-HH-Thermal-SH-Geo-CO-LPG;2007
;VIN-number-Res-HH-Thermal-SH-Geo-CO-LPG;2008
;VIN-number-Res-HH-Thermal-SH-Geo-CO-LPG;2009
;VIN-number-Res-HH-Thermal-SH-Geo-CO-LPG;2010
;VIN-number-Res-HH-Thermal-SH-Geo-CO-LPG;2011
;VIN-number-Res-HH-Thermal-SH-Geo-CO-LPG;2012
;VIN-number-Res-HH-Thermal-SH-Geo-CO-LPG;2013
;VIN-number-Res-HH-Thermal-SH-Geo-CO-LPG;2014
;VIN-number-Res-HH-Thermal-SH-Geo-CO-LPG;2015
;VIN-number-Res-HH-Thermal-SH-Geo-CO-LPG;2016
;VIN-number-Res-HH-Thermal-SH-Geo-CO-LPG;2017
;VIN-number-Res-HH-Thermal-SH-Geo-CO-LPG;2018
;VIN-number-Res-HH-Thermal-SH-Geo-CO-LPG;2019
;VIN-number-Res-HH-Thermal-SH-Geo-CO-LPG;2020
;VIN-number-Res-HH-Thermal-SH-Geo-CO-LPG;2021
;VIN-number-Res-HH-Thermal-SH-Geo-CO-Elc;<=2000
;VIN-number-Res-HH-Thermal-SH-Geo-CO-Elc;2001
;VIN-number-Res-HH-Thermal-SH-Geo-CO-Elc;2002
;VIN-number-Res-HH-Thermal-SH-Geo-CO-Elc;2003
;VIN-number-Res-HH-Thermal-SH-Geo-CO-Elc;2004
;VIN-number-Res-HH-Thermal-SH-Geo-CO-Elc;2005
;VIN-number-Res-HH-Thermal-SH-Geo-CO-Elc;2006
;VIN-number-Res-HH-Thermal-SH-Geo-CO-Elc;2007
;VIN-number-Res-HH-Thermal-SH-Geo-CO-Elc;2008
;VIN-number-Res-HH-Thermal-SH-Geo-CO-Elc;2009
;VIN-number-Res-HH-Thermal-SH-Geo-CO-Elc;2010
;VIN-number-Res-HH-Thermal-SH-Geo-CO-Elc;2011
;VIN-number-Res-HH-Thermal-SH-Geo-CO-Elc;2012
;VIN-number-Res-HH-Thermal-SH-Geo-CO-Elc;2013
;VIN-number-Res-HH-Thermal-SH-Geo-CO-Elc;2014
;VIN-number-Res-HH-Thermal-SH-Geo-CO-Elc;2015
;VIN-number-Res-HH-Thermal-SH-Geo-CO-Elc;2016
;VIN-number-Res-HH-Thermal-SH-Geo-CO-Elc;2017
;VIN-number-Res-HH-Thermal-SH-Geo-CO-Elc;2018
;VIN-number-Res-HH-Thermal-SH-Geo-CO-Elc;2019
;VIN-number-Res-HH-Thermal-SH-Geo-CO-Elc;2020
;VIN-number-Res-HH-Thermal-SH-Geo-CO-Elc;2021
;VIN-number-Res-HH-Thermal-SH-DistrHeat;<=2000
;VIN-number-Res-HH-Thermal-SH-DistrHeat;2001
;VIN-number-Res-HH-Thermal-SH-DistrHeat;2002
;VIN-number-Res-HH-Thermal-SH-DistrHeat;2003
;VIN-number-Res-HH-Thermal-SH-DistrHeat;2004
;VIN-number-Res-HH-Thermal-SH-DistrHeat;2005
;VIN-number-Res-HH-Thermal-SH-DistrHeat;2006
;VIN-number-Res-HH-Thermal-SH-DistrHeat;2007
;VIN-number-Res-HH-Thermal-SH-DistrHeat;2008
;VIN-number-Res-HH-Thermal-SH-DistrHeat;2009
;VIN-number-Res-HH-Thermal-SH-DistrHeat;2010
;VIN-number-Res-HH-Thermal-SH-DistrHeat;2011
;VIN-number-Res-HH-Thermal-SH-DistrHeat;2012
;VIN-number-Res-HH-Thermal-SH-DistrHeat;2013
;VIN-number-Res-HH-Thermal-SH-DistrHeat;2014
;VIN-number-Res-HH-Thermal-SH-DistrHeat;2015
;VIN-number-Res-HH-Thermal-SH-DistrHeat;2016
;VIN-number-Res-HH-Thermal-SH-DistrHeat;2017
;VIN-number-Res-HH-Thermal-SH-DistrHeat;2018
;VIN-number-Res-HH-Thermal-SH-DistrHeat;2019
;VIN-number-Res-HH-Thermal-SH-DistrHeat;2020
;VIN-number-Res-HH-Thermal-SH-DistrHeat;2021
;VIN-number-Res-HH-Thermal-SH-DistrHeat-SH;<=2000
;VIN-number-Res-HH-Thermal-SH-DistrHeat-SH;2001
;VIN-number-Res-HH-Thermal-SH-DistrHeat-SH;2002
;VIN-number-Res-HH-Thermal-SH-DistrHeat-SH;2003
;VIN-number-Res-HH-Thermal-SH-DistrHeat-SH;2004
;VIN-number-Res-HH-Thermal-SH-DistrHeat-SH;2005
;VIN-number-Res-HH-Thermal-SH-DistrHeat-SH;2006
;VIN-number-Res-HH-Thermal-SH-DistrHeat-SH;2007
;VIN-number-Res-HH-Thermal-SH-DistrHeat-SH;2008
;VIN-number-Res-HH-Thermal-SH-DistrHeat-SH;2009
;VIN-number-Res-HH-Thermal-SH-DistrHeat-SH;2010
;VIN-number-Res-HH-Thermal-SH-DistrHeat-SH;2011
;VIN-number-Res-HH-Thermal-SH-DistrHeat-SH;2012
;VIN-number-Res-HH-Thermal-SH-DistrHeat-SH;2013
;VIN-number-Res-HH-Thermal-SH-DistrHeat-SH;2014
;VIN-number-Res-HH-Thermal-SH-DistrHeat-SH;2015
;VIN-number-Res-HH-Thermal-SH-DistrHeat-SH;2016
;VIN-number-Res-HH-Thermal-SH-DistrHeat-SH;2017
;VIN-number-Res-HH-Thermal-SH-DistrHeat-SH;2018
;VIN-number-Res-HH-Thermal-SH-DistrHeat-SH;2019
;VIN-number-Res-HH-Thermal-SH-DistrHeat-SH;2020
;VIN-number-Res-HH-Thermal-SH-DistrHeat-SH;2021
;VIN-number-Res-HH-Thermal-SH-DistrHeat-SC-AC;<=2000
;VIN-number-Res-HH-Thermal-SH-DistrHeat-SC-AC;2001
;VIN-number-Res-HH-Thermal-SH-DistrHeat-SC-AC;2002
;VIN-number-Res-HH-Thermal-SH-DistrHeat-SC-AC;2003
;VIN-number-Res-HH-Thermal-SH-DistrHeat-SC-AC;2004
;VIN-number-Res-HH-Thermal-SH-DistrHeat-SC-AC;2005
;VIN-number-Res-HH-Thermal-SH-DistrHeat-SC-AC;2006
;VIN-number-Res-HH-Thermal-SH-DistrHeat-SC-AC;2007
;VIN-number-Res-HH-Thermal-SH-DistrHeat-SC-AC;2008
;VIN-number-Res-HH-Thermal-SH-DistrHeat-SC-AC;2009
;VIN-number-Res-HH-Thermal-SH-DistrHeat-SC-AC;2010
;VIN-number-Res-HH-Thermal-SH-DistrHeat-SC-AC;2011
;VIN-number-Res-HH-Thermal-SH-DistrHeat-SC-AC;2012
;VIN-number-Res-HH-Thermal-SH-DistrHeat-SC-AC;2013
;VIN-number-Res-HH-Thermal-SH-DistrHeat-SC-AC;2014
;VIN-number-Res-HH-Thermal-SH-DistrHeat-SC-AC;2015
;VIN-number-Res-HH-Thermal-SH-DistrHeat-SC-AC;2016
;VIN-number-Res-HH-Thermal-SH-DistrHeat-SC-AC;2017
;VIN-number-Res-HH-Thermal-SH-DistrHeat-SC-AC;2018
;VIN-number-Res-HH-Thermal-SH-DistrHeat-SC-AC;2019
;VIN-number-Res-HH-Thermal-SH-DistrHeat-SC-AC;2020
;VIN-number-Res-HH-Thermal-SH-DistrHeat-SC-AC;2021
;VIN-number-Res-HH-Thermal-SH-DistrHeat-WH-DistrHeat-NoSolar;<=2000
;VIN-number-Res-HH-Thermal-SH-DistrHeat-WH-DistrHeat-NoSolar;2001
;VIN-number-Res-HH-Thermal-SH-DistrHeat-WH-DistrHeat-NoSolar;2002
;VIN-number-Res-HH-Thermal-SH-DistrHeat-WH-DistrHeat-NoSolar;2003
;VIN-number-Res-HH-Thermal-SH-DistrHeat-WH-DistrHeat-NoSolar;2004
;VIN-number-Res-HH-Thermal-SH-DistrHeat-WH-DistrHeat-NoSolar;2005
;VIN-number-Res-HH-Thermal-SH-DistrHeat-WH-DistrHeat-NoSolar;2006
;VIN-number-Res-HH-Thermal-SH-DistrHeat-WH-DistrHeat-NoSolar;2007
;VIN-number-Res-HH-Thermal-SH-DistrHeat-WH-DistrHeat-NoSolar;2008
;VIN-number-Res-HH-Thermal-SH-DistrHeat-WH-DistrHeat-NoSolar;2009
;VIN-number-Res-HH-Thermal-SH-DistrHeat-WH-DistrHeat-NoSolar;2010
;VIN-number-Res-HH-Thermal-SH-DistrHeat-WH-DistrHeat-NoSolar;2011
;VIN-number-Res-HH-Thermal-SH-DistrHeat-WH-DistrHeat-NoSolar;2012
;VIN-number-Res-HH-Thermal-SH-DistrHeat-WH-DistrHeat-NoSolar;2013
;VIN-number-Res-HH-Thermal-SH-DistrHeat-WH-DistrHeat-NoSolar;2014
;VIN-number-Res-HH-Thermal-SH-DistrHeat-WH-DistrHeat-NoSolar;2015
;VIN-number-Res-HH-Thermal-SH-DistrHeat-WH-DistrHeat-NoSolar;2016
;VIN-number-Res-HH-Thermal-SH-DistrHeat-WH-DistrHeat-NoSolar;2017
;VIN-number-Res-HH-Thermal-SH-DistrHeat-WH-DistrHeat-NoSolar;2018
;VIN-number-Res-HH-Thermal-SH-DistrHeat-WH-DistrHeat-NoSolar;2019
;VIN-number-Res-HH-Thermal-SH-DistrHeat-WH-DistrHeat-NoSolar;2020
;VIN-number-Res-HH-Thermal-SH-DistrHeat-WH-DistrHeat-NoSolar;2021
;VIN-number-Res-HH-Thermal-SH-DistrHeat-WH-DistrHeat-Solar;<=2000
;VIN-number-Res-HH-Thermal-SH-DistrHeat-WH-DistrHeat-Solar;2001
;VIN-number-Res-HH-Thermal-SH-DistrHeat-WH-DistrHeat-Solar;2002
;VIN-number-Res-HH-Thermal-SH-DistrHeat-WH-DistrHeat-Solar;2003
;VIN-number-Res-HH-Thermal-SH-DistrHeat-WH-DistrHeat-Solar;2004
;VIN-number-Res-HH-Thermal-SH-DistrHeat-WH-DistrHeat-Solar;2005
;VIN-number-Res-HH-Thermal-SH-DistrHeat-WH-DistrHeat-Solar;2006
;VIN-number-Res-HH-Thermal-SH-DistrHeat-WH-DistrHeat-Solar;2007
;VIN-number-Res-HH-Thermal-SH-DistrHeat-WH-DistrHeat-Solar;2008
;VIN-number-Res-HH-Thermal-SH-DistrHeat-WH-DistrHeat-Solar;2009
;VIN-number-Res-HH-Thermal-SH-DistrHeat-WH-DistrHeat-Solar;2010
;VIN-number-Res-HH-Thermal-SH-DistrHeat-WH-DistrHeat-Solar;2011
;VIN-number-Res-HH-Thermal-SH-DistrHeat-WH-DistrHeat-Solar;2012
;VIN-number-Res-HH-Thermal-SH-DistrHeat-WH-DistrHeat-Solar;2013
;VIN-number-Res-HH-Thermal-SH-DistrHeat-WH-DistrHeat-Solar;2014
;VIN-number-Res-HH-Thermal-SH-DistrHeat-WH-DistrHeat-Solar;2015
;VIN-number-Res-HH-Thermal-SH-DistrHeat-WH-DistrHeat-Solar;2016
;VIN-number-Res-HH-Thermal-SH-DistrHeat-WH-DistrHeat-Solar;2017
;VIN-number-Res-HH-Thermal-SH-DistrHeat-WH-DistrHeat-Solar;2018
;VIN-number-Res-HH-Thermal-SH-DistrHeat-WH-DistrHeat-Solar;2019
;VIN-number-Res-HH-Thermal-SH-DistrHeat-WH-DistrHeat-Solar;2020
;VIN-number-Res-HH-Thermal-SH-DistrHeat-WH-DistrHeat-Solar;2021
;VIN-number-Res-HH-Thermal-SH-DistrHeat-WH-Elc-NoSolar;<=2000
;VIN-number-Res-HH-Thermal-SH-DistrHeat-WH-Elc-NoSolar;2001
;VIN-number-Res-HH-Thermal-SH-DistrHeat-WH-Elc-NoSolar;2002
;VIN-number-Res-HH-Thermal-SH-DistrHeat-WH-Elc-NoSolar;2003
;VIN-number-Res-HH-Thermal-SH-DistrHeat-WH-Elc-NoSolar;2004
;VIN-number-Res-HH-Thermal-SH-DistrHeat-WH-Elc-NoSolar;2005
;VIN-number-Res-HH-Thermal-SH-DistrHeat-WH-Elc-NoSolar;2006
;VIN-number-Res-HH-Thermal-SH-DistrHeat-WH-Elc-NoSolar;2007
;VIN-number-Res-HH-Thermal-SH-DistrHeat-WH-Elc-NoSolar;2008
;VIN-number-Res-HH-Thermal-SH-DistrHeat-WH-Elc-NoSolar;2009
;VIN-number-Res-HH-Thermal-SH-DistrHeat-WH-Elc-NoSolar;2010
;VIN-number-Res-HH-Thermal-SH-DistrHeat-WH-Elc-NoSolar;2011
;VIN-number-Res-HH-Thermal-SH-DistrHeat-WH-Elc-NoSolar;2012
;VIN-number-Res-HH-Thermal-SH-DistrHeat-WH-Elc-NoSolar;2013
;VIN-number-Res-HH-Thermal-SH-DistrHeat-WH-Elc-NoSolar;2014
;VIN-number-Res-HH-Thermal-SH-DistrHeat-WH-Elc-NoSolar;2015
;VIN-number-Res-HH-Thermal-SH-DistrHeat-WH-Elc-NoSolar;2016
;VIN-number-Res-HH-Thermal-SH-DistrHeat-WH-Elc-NoSolar;2017
;VIN-number-Res-HH-Thermal-SH-DistrHeat-WH-Elc-NoSolar;2018
;VIN-number-Res-HH-Thermal-SH-DistrHeat-WH-Elc-NoSolar;2019
;VIN-number-Res-HH-Thermal-SH-DistrHeat-WH-Elc-NoSolar;2020
;VIN-number-Res-HH-Thermal-SH-DistrHeat-WH-Elc-NoSolar;2021
;VIN-number-Res-HH-Thermal-SH-DistrHeat-WH-Elc-Solar;<=2000
;VIN-number-Res-HH-Thermal-SH-DistrHeat-WH-Elc-Solar;2001
;VIN-number-Res-HH-Thermal-SH-DistrHeat-WH-Elc-Solar;2002
;VIN-number-Res-HH-Thermal-SH-DistrHeat-WH-Elc-Solar;2003
;VIN-number-Res-HH-Thermal-SH-DistrHeat-WH-Elc-Solar;2004
;VIN-number-Res-HH-Thermal-SH-DistrHeat-WH-Elc-Solar;2005
;VIN-number-Res-HH-Thermal-SH-DistrHeat-WH-Elc-Solar;2006
;VIN-number-Res-HH-Thermal-SH-DistrHeat-WH-Elc-Solar;2007
;VIN-number-Res-HH-Thermal-SH-DistrHeat-WH-Elc-Solar;2008
;VIN-number-Res-HH-Thermal-SH-DistrHeat-WH-Elc-Solar;2009
;VIN-number-Res-HH-Thermal-SH-DistrHeat-WH-Elc-Solar;2010
;VIN-number-Res-HH-Thermal-SH-DistrHeat-WH-Elc-Solar;2011
;VIN-number-Res-HH-Thermal-SH-DistrHeat-WH-Elc-Solar;2012
;VIN-number-Res-HH-Thermal-SH-DistrHeat-WH-Elc-Solar;2013
;VIN-number-Res-HH-Thermal-SH-DistrHeat-WH-Elc-Solar;2014
;VIN-number-Res-HH-Thermal-SH-DistrHeat-WH-Elc-Solar;2015
;VIN-number-Res-HH-Thermal-SH-DistrHeat-WH-Elc-Solar;2016
;VIN-number-Res-HH-Thermal-SH-DistrHeat-WH-Elc-Solar;2017
;VIN-number-Res-HH-Thermal-SH-DistrHeat-WH-Elc-Solar;2018
;VIN-number-Res-HH-Thermal-SH-DistrHeat-WH-Elc-Solar;2019
;VIN-number-Res-HH-Thermal-SH-DistrHeat-WH-Elc-Solar;2020
;VIN-number-Res-HH-Thermal-SH-DistrHeat-WH-Elc-Solar;2021
;VIN-number-Res-HH-Thermal-SH-DistrHeat-CO-LPG;<=2000
;VIN-number-Res-HH-Thermal-SH-DistrHeat-CO-LPG;2001
;VIN-number-Res-HH-Thermal-SH-DistrHeat-CO-LPG;2002
;VIN-number-Res-HH-Thermal-SH-DistrHeat-CO-LPG;2003
;VIN-number-Res-HH-Thermal-SH-DistrHeat-CO-LPG;2004
;VIN-number-Res-HH-Thermal-SH-DistrHeat-CO-LPG;2005
;VIN-number-Res-HH-Thermal-SH-DistrHeat-CO-LPG;2006
;VIN-number-Res-HH-Thermal-SH-DistrHeat-CO-LPG;2007
;VIN-number-Res-HH-Thermal-SH-DistrHeat-CO-LPG;2008
;VIN-number-Res-HH-Thermal-SH-DistrHeat-CO-LPG;2009
;VIN-number-Res-HH-Thermal-SH-DistrHeat-CO-LPG;2010
;VIN-number-Res-HH-Thermal-SH-DistrHeat-CO-LPG;2011
;VIN-number-Res-HH-Thermal-SH-DistrHeat-CO-LPG;2012
;VIN-number-Res-HH-Thermal-SH-DistrHeat-CO-LPG;2013
;VIN-number-Res-HH-Thermal-SH-DistrHeat-CO-LPG;2014
;VIN-number-Res-HH-Thermal-SH-DistrHeat-CO-LPG;2015
;VIN-number-Res-HH-Thermal-SH-DistrHeat-CO-LPG;2016
;VIN-number-Res-HH-Thermal-SH-DistrHeat-CO-LPG;2017
;VIN-number-Res-HH-Thermal-SH-DistrHeat-CO-LPG;2018
;VIN-number-Res-HH-Thermal-SH-DistrHeat-CO-LPG;2019
;VIN-number-Res-HH-Thermal-SH-DistrHeat-CO-LPG;2020
;VIN-number-Res-HH-Thermal-SH-DistrHeat-CO-LPG;2021
;VIN-number-Res-HH-Thermal-SH-DistrHeat-CO-Elc;<=2000
;VIN-number-Res-HH-Thermal-SH-DistrHeat-CO-Elc;2001
;VIN-number-Res-HH-Thermal-SH-DistrHeat-CO-Elc;2002
;VIN-number-Res-HH-Thermal-SH-DistrHeat-CO-Elc;2003
;VIN-number-Res-HH-Thermal-SH-DistrHeat-CO-Elc;2004
;VIN-number-Res-HH-Thermal-SH-DistrHeat-CO-Elc;2005
;VIN-number-Res-HH-Thermal-SH-DistrHeat-CO-Elc;2006
;VIN-number-Res-HH-Thermal-SH-DistrHeat-CO-Elc;2007
;VIN-number-Res-HH-Thermal-SH-DistrHeat-CO-Elc;2008
;VIN-number-Res-HH-Thermal-SH-DistrHeat-CO-Elc;2009
;VIN-number-Res-HH-Thermal-SH-DistrHeat-CO-Elc;2010
;VIN-number-Res-HH-Thermal-SH-DistrHeat-CO-Elc;2011
;VIN-number-Res-HH-Thermal-SH-DistrHeat-CO-Elc;2012
;VIN-number-Res-HH-Thermal-SH-DistrHeat-CO-Elc;2013
;VIN-number-Res-HH-Thermal-SH-DistrHeat-CO-Elc;2014
;VIN-number-Res-HH-Thermal-SH-DistrHeat-CO-Elc;2015
;VIN-number-Res-HH-Thermal-SH-DistrHeat-CO-Elc;2016
;VIN-number-Res-HH-Thermal-SH-DistrHeat-CO-Elc;2017
;VIN-number-Res-HH-Thermal-SH-DistrHeat-CO-Elc;2018
;VIN-number-Res-HH-Thermal-SH-DistrHeat-CO-Elc;2019
;VIN-number-Res-HH-Thermal-SH-DistrHeat-CO-Elc;2020
;VIN-number-Res-HH-Thermal-SH-DistrHeat-CO-Elc;2021
;VIN-number-Res-HH-Thermal-SH-AdvElc;<=2000
;VIN-number-Res-HH-Thermal-SH-AdvElc;2001
;VIN-number-Res-HH-Thermal-SH-AdvElc;2002
;VIN-number-Res-HH-Thermal-SH-AdvElc;2003
;VIN-number-Res-HH-Thermal-SH-AdvElc;2004
;VIN-number-Res-HH-Thermal-SH-AdvElc;2005
;VIN-number-Res-HH-Thermal-SH-AdvElc;2006
;VIN-number-Res-HH-Thermal-SH-AdvElc;2007
;VIN-number-Res-HH-Thermal-SH-AdvElc;2008
;VIN-number-Res-HH-Thermal-SH-AdvElc;2009
;VIN-number-Res-HH-Thermal-SH-AdvElc;2010
;VIN-number-Res-HH-Thermal-SH-AdvElc;2011
;VIN-number-Res-HH-Thermal-SH-AdvElc;2012
;VIN-number-Res-HH-Thermal-SH-AdvElc;2013
;VIN-number-Res-HH-Thermal-SH-AdvElc;2014
;VIN-number-Res-HH-Thermal-SH-AdvElc;2015
;VIN-number-Res-HH-Thermal-SH-AdvElc;2016
;VIN-number-Res-HH-Thermal-SH-AdvElc;2017
;VIN-number-Res-HH-Thermal-SH-AdvElc;2018
;VIN-number-Res-HH-Thermal-SH-AdvElc;2019
;VIN-number-Res-HH-Thermal-SH-AdvElc;2020
;VIN-number-Res-HH-Thermal-SH-AdvElc;2021
;VIN-number-Res-HH-Thermal-SH-AdvElc-SH;<=2000
;VIN-number-Res-HH-Thermal-SH-AdvElc-SH;2001
;VIN-number-Res-HH-Thermal-SH-AdvElc-SH;2002
;VIN-number-Res-HH-Thermal-SH-AdvElc-SH;2003
;VIN-number-Res-HH-Thermal-SH-AdvElc-SH;2004
;VIN-number-Res-HH-Thermal-SH-AdvElc-SH;2005
;VIN-number-Res-HH-Thermal-SH-AdvElc-SH;2006
;VIN-number-Res-HH-Thermal-SH-AdvElc-SH;2007
;VIN-number-Res-HH-Thermal-SH-AdvElc-SH;2008
;VIN-number-Res-HH-Thermal-SH-AdvElc-SH;2009
;VIN-number-Res-HH-Thermal-SH-AdvElc-SH;2010
;VIN-number-Res-HH-Thermal-SH-AdvElc-SH;2011
;VIN-number-Res-HH-Thermal-SH-AdvElc-SH;2012
;VIN-number-Res-HH-Thermal-SH-AdvElc-SH;2013
;VIN-number-Res-HH-Thermal-SH-AdvElc-SH;2014
;VIN-number-Res-HH-Thermal-SH-AdvElc-SH;2015
;VIN-number-Res-HH-Thermal-SH-AdvElc-SH;2016
;VIN-number-Res-HH-Thermal-SH-AdvElc-SH;2017
;VIN-number-Res-HH-Thermal-SH-AdvElc-SH;2018
;VIN-number-Res-HH-Thermal-SH-AdvElc-SH;2019
;VIN-number-Res-HH-Thermal-SH-AdvElc-SH;2020
;VIN-number-Res-HH-Thermal-SH-AdvElc-SH;2021
;VIN-number-Res-HH-Thermal-SH-AdvElc-SC-AC;<=2000
;VIN-number-Res-HH-Thermal-SH-AdvElc-SC-AC;2001
;VIN-number-Res-HH-Thermal-SH-AdvElc-SC-AC;2002
;VIN-number-Res-HH-Thermal-SH-AdvElc-SC-AC;2003
;VIN-number-Res-HH-Thermal-SH-AdvElc-SC-AC;2004
;VIN-number-Res-HH-Thermal-SH-AdvElc-SC-AC;2005
;VIN-number-Res-HH-Thermal-SH-AdvElc-SC-AC;2006
;VIN-number-Res-HH-Thermal-SH-AdvElc-SC-AC;2007
;VIN-number-Res-HH-Thermal-SH-AdvElc-SC-AC;2008
;VIN-number-Res-HH-Thermal-SH-AdvElc-SC-AC;2009
;VIN-number-Res-HH-Thermal-SH-AdvElc-SC-AC;2010
;VIN-number-Res-HH-Thermal-SH-AdvElc-SC-AC;2011
;VIN-number-Res-HH-Thermal-SH-AdvElc-SC-AC;2012
;VIN-number-Res-HH-Thermal-SH-AdvElc-SC-AC;2013
;VIN-number-Res-HH-Thermal-SH-AdvElc-SC-AC;2014
;VIN-number-Res-HH-Thermal-SH-AdvElc-SC-AC;2015
;VIN-number-Res-HH-Thermal-SH-AdvElc-SC-AC;2016
;VIN-number-Res-HH-Thermal-SH-AdvElc-SC-AC;2017
;VIN-number-Res-HH-Thermal-SH-AdvElc-SC-AC;2018
;VIN-number-Res-HH-Thermal-SH-AdvElc-SC-AC;2019
;VIN-number-Res-HH-Thermal-SH-AdvElc-SC-AC;2020
;VIN-number-Res-HH-Thermal-SH-AdvElc-SC-AC;2021
;VIN-number-Res-HH-Thermal-SH-AdvElc-WH-LPG-NoSolar;<=2000
;VIN-number-Res-HH-Thermal-SH-AdvElc-WH-LPG-NoSolar;2001
;VIN-number-Res-HH-Thermal-SH-AdvElc-WH-LPG-NoSolar;2002
;VIN-number-Res-HH-Thermal-SH-AdvElc-WH-LPG-NoSolar;2003
;VIN-number-Res-HH-Thermal-SH-AdvElc-WH-LPG-NoSolar;2004
;VIN-number-Res-HH-Thermal-SH-AdvElc-WH-LPG-NoSolar;2005
;VIN-number-Res-HH-Thermal-SH-AdvElc-WH-LPG-NoSolar;2006
;VIN-number-Res-HH-Thermal-SH-AdvElc-WH-LPG-NoSolar;2007
;VIN-number-Res-HH-Thermal-SH-AdvElc-WH-LPG-NoSolar;2008
;VIN-number-Res-HH-Thermal-SH-AdvElc-WH-LPG-NoSolar;2009
;VIN-number-Res-HH-Thermal-SH-AdvElc-WH-LPG-NoSolar;2010
;VIN-number-Res-HH-Thermal-SH-AdvElc-WH-LPG-NoSolar;2011
;VIN-number-Res-HH-Thermal-SH-AdvElc-WH-LPG-NoSolar;2012
;VIN-number-Res-HH-Thermal-SH-AdvElc-WH-LPG-NoSolar;2013
;VIN-number-Res-HH-Thermal-SH-AdvElc-WH-LPG-NoSolar;2014
;VIN-number-Res-HH-Thermal-SH-AdvElc-WH-LPG-NoSolar;2015
;VIN-number-Res-HH-Thermal-SH-AdvElc-WH-LPG-NoSolar;2016
;VIN-number-Res-HH-Thermal-SH-AdvElc-WH-LPG-NoSolar;2017
;VIN-number-Res-HH-Thermal-SH-AdvElc-WH-LPG-NoSolar;2018
;VIN-number-Res-HH-Thermal-SH-AdvElc-WH-LPG-NoSolar;2019
;VIN-number-Res-HH-Thermal-SH-AdvElc-WH-LPG-NoSolar;2020
;VIN-number-Res-HH-Thermal-SH-AdvElc-WH-LPG-NoSolar;2021
;VIN-number-Res-HH-Thermal-SH-AdvElc-WH-LPG-Solar;<=2000
;VIN-number-Res-HH-Thermal-SH-AdvElc-WH-LPG-Solar;2001
;VIN-number-Res-HH-Thermal-SH-AdvElc-WH-LPG-Solar;2002
;VIN-number-Res-HH-Thermal-SH-AdvElc-WH-LPG-Solar;2003
;VIN-number-Res-HH-Thermal-SH-AdvElc-WH-LPG-Solar;2004
;VIN-number-Res-HH-Thermal-SH-AdvElc-WH-LPG-Solar;2005
;VIN-number-Res-HH-Thermal-SH-AdvElc-WH-LPG-Solar;2006
;VIN-number-Res-HH-Thermal-SH-AdvElc-WH-LPG-Solar;2007
;VIN-number-Res-HH-Thermal-SH-AdvElc-WH-LPG-Solar;2008
;VIN-number-Res-HH-Thermal-SH-AdvElc-WH-LPG-Solar;2009
;VIN-number-Res-HH-Thermal-SH-AdvElc-WH-LPG-Solar;2010
;VIN-number-Res-HH-Thermal-SH-AdvElc-WH-LPG-Solar;2011
;VIN-number-Res-HH-Thermal-SH-AdvElc-WH-LPG-Solar;2012
;VIN-number-Res-HH-Thermal-SH-AdvElc-WH-LPG-Solar;2013
;VIN-number-Res-HH-Thermal-SH-AdvElc-WH-LPG-Solar;2014
;VIN-number-Res-HH-Thermal-SH-AdvElc-WH-LPG-Solar;2015
;VIN-number-Res-HH-Thermal-SH-AdvElc-WH-LPG-Solar;2016
;VIN-number-Res-HH-Thermal-SH-AdvElc-WH-LPG-Solar;2017
;VIN-number-Res-HH-Thermal-SH-AdvElc-WH-LPG-Solar;2018
;VIN-number-Res-HH-Thermal-SH-AdvElc-WH-LPG-Solar;2019
;VIN-number-Res-HH-Thermal-SH-AdvElc-WH-LPG-Solar;2020
;VIN-number-Res-HH-Thermal-SH-AdvElc-WH-LPG-Solar;2021
;VIN-number-Res-HH-Thermal-SH-AdvElc-WH-Elc-NoSolar;<=2000
;VIN-number-Res-HH-Thermal-SH-AdvElc-WH-Elc-NoSolar;2001
;VIN-number-Res-HH-Thermal-SH-AdvElc-WH-Elc-NoSolar;2002
;VIN-number-Res-HH-Thermal-SH-AdvElc-WH-Elc-NoSolar;2003
;VIN-number-Res-HH-Thermal-SH-AdvElc-WH-Elc-NoSolar;2004
;VIN-number-Res-HH-Thermal-SH-AdvElc-WH-Elc-NoSolar;2005
;VIN-number-Res-HH-Thermal-SH-AdvElc-WH-Elc-NoSolar;2006
;VIN-number-Res-HH-Thermal-SH-AdvElc-WH-Elc-NoSolar;2007
;VIN-number-Res-HH-Thermal-SH-AdvElc-WH-Elc-NoSolar;2008
;VIN-number-Res-HH-Thermal-SH-AdvElc-WH-Elc-NoSolar;2009
;VIN-number-Res-HH-Thermal-SH-AdvElc-WH-Elc-NoSolar;2010
;VIN-number-Res-HH-Thermal-SH-AdvElc-WH-Elc-NoSolar;2011
;VIN-number-Res-HH-Thermal-SH-AdvElc-WH-Elc-NoSolar;2012
;VIN-number-Res-HH-Thermal-SH-AdvElc-WH-Elc-NoSolar;2013
;VIN-number-Res-HH-Thermal-SH-AdvElc-WH-Elc-NoSolar;2014
;VIN-number-Res-HH-Thermal-SH-AdvElc-WH-Elc-NoSolar;2015
;VIN-number-Res-HH-Thermal-SH-AdvElc-WH-Elc-NoSolar;2016
;VIN-number-Res-HH-Thermal-SH-AdvElc-WH-Elc-NoSolar;2017
;VIN-number-Res-HH-Thermal-SH-AdvElc-WH-Elc-NoSolar;2018
;VIN-number-Res-HH-Thermal-SH-AdvElc-WH-Elc-NoSolar;2019
;VIN-number-Res-HH-Thermal-SH-AdvElc-WH-Elc-NoSolar;2020
;VIN-number-Res-HH-Thermal-SH-AdvElc-WH-Elc-NoSolar;2021
;VIN-number-Res-HH-Thermal-SH-AdvElc-WH-Elc-Solar;<=2000
;VIN-number-Res-HH-Thermal-SH-AdvElc-WH-Elc-Solar;2001
;VIN-number-Res-HH-Thermal-SH-AdvElc-WH-Elc-Solar;2002
;VIN-number-Res-HH-Thermal-SH-AdvElc-WH-Elc-Solar;2003
;VIN-number-Res-HH-Thermal-SH-AdvElc-WH-Elc-Solar;2004
;VIN-number-Res-HH-Thermal-SH-AdvElc-WH-Elc-Solar;2005
;VIN-number-Res-HH-Thermal-SH-AdvElc-WH-Elc-Solar;2006
;VIN-number-Res-HH-Thermal-SH-AdvElc-WH-Elc-Solar;2007
;VIN-number-Res-HH-Thermal-SH-AdvElc-WH-Elc-Solar;2008
;VIN-number-Res-HH-Thermal-SH-AdvElc-WH-Elc-Solar;2009
;VIN-number-Res-HH-Thermal-SH-AdvElc-WH-Elc-Solar;2010
;VIN-number-Res-HH-Thermal-SH-AdvElc-WH-Elc-Solar;2011
;VIN-number-Res-HH-Thermal-SH-AdvElc-WH-Elc-Solar;2012
;VIN-number-Res-HH-Thermal-SH-AdvElc-WH-Elc-Solar;2013
;VIN-number-Res-HH-Thermal-SH-AdvElc-WH-Elc-Solar;2014
;VIN-number-Res-HH-Thermal-SH-AdvElc-WH-Elc-Solar;2015
;VIN-number-Res-HH-Thermal-SH-AdvElc-WH-Elc-Solar;2016
;VIN-number-Res-HH-Thermal-SH-AdvElc-WH-Elc-Solar;2017
;VIN-number-Res-HH-Thermal-SH-AdvElc-WH-Elc-Solar;2018
;VIN-number-Res-HH-Thermal-SH-AdvElc-WH-Elc-Solar;2019
;VIN-number-Res-HH-Thermal-SH-AdvElc-WH-Elc-Solar;2020
;VIN-number-Res-HH-Thermal-SH-AdvElc-WH-Elc-Solar;2021
;VIN-number-Res-HH-Thermal-SH-AdvElc-CO-LPG;<=2000
;VIN-number-Res-HH-Thermal-SH-AdvElc-CO-LPG;2001
;VIN-number-Res-HH-Thermal-SH-AdvElc-CO-LPG;2002
;VIN-number-Res-HH-Thermal-SH-AdvElc-CO-LPG;2003
;VIN-number-Res-HH-Thermal-SH-AdvElc-CO-LPG;2004
;VIN-number-Res-HH-Thermal-SH-AdvElc-CO-LPG;2005
;VIN-number-Res-HH-Thermal-SH-AdvElc-CO-LPG;2006
;VIN-number-Res-HH-Thermal-SH-AdvElc-CO-LPG;2007
;VIN-number-Res-HH-Thermal-SH-AdvElc-CO-LPG;2008
;VIN-number-Res-HH-Thermal-SH-AdvElc-CO-LPG;2009
;VIN-number-Res-HH-Thermal-SH-AdvElc-CO-LPG;2010
;VIN-number-Res-HH-Thermal-SH-AdvElc-CO-LPG;2011
;VIN-number-Res-HH-Thermal-SH-AdvElc-CO-LPG;2012
;VIN-number-Res-HH-Thermal-SH-AdvElc-CO-LPG;2013
;VIN-number-Res-HH-Thermal-SH-AdvElc-CO-LPG;2014
;VIN-number-Res-HH-Thermal-SH-AdvElc-CO-LPG;2015
;VIN-number-Res-HH-Thermal-SH-AdvElc-CO-LPG;2016
;VIN-number-Res-HH-Thermal-SH-AdvElc-CO-LPG;2017
;VIN-number-Res-HH-Thermal-SH-AdvElc-CO-LPG;2018
;VIN-number-Res-HH-Thermal-SH-AdvElc-CO-LPG;2019
;VIN-number-Res-HH-Thermal-SH-AdvElc-CO-LPG;2020
;VIN-number-Res-HH-Thermal-SH-AdvElc-CO-LPG;2021
;VIN-number-Res-HH-Thermal-SH-AdvElc-CO-Elc;<=2000
;VIN-number-Res-HH-Thermal-SH-AdvElc-CO-Elc;2001
;VIN-number-Res-HH-Thermal-SH-AdvElc-CO-Elc;2002
;VIN-number-Res-HH-Thermal-SH-AdvElc-CO-Elc;2003
;VIN-number-Res-HH-Thermal-SH-AdvElc-CO-Elc;2004
;VIN-number-Res-HH-Thermal-SH-AdvElc-CO-Elc;2005
;VIN-number-Res-HH-Thermal-SH-AdvElc-CO-Elc;2006
;VIN-number-Res-HH-Thermal-SH-AdvElc-CO-Elc;2007
;VIN-number-Res-HH-Thermal-SH-AdvElc-CO-Elc;2008
;VIN-number-Res-HH-Thermal-SH-AdvElc-CO-Elc;2009
;VIN-number-Res-HH-Thermal-SH-AdvElc-CO-Elc;2010
;VIN-number-Res-HH-Thermal-SH-AdvElc-CO-Elc;2011
;VIN-number-Res-HH-Thermal-SH-AdvElc-CO-Elc;2012
;VIN-number-Res-HH-Thermal-SH-AdvElc-CO-Elc;2013
;VIN-number-Res-HH-Thermal-SH-AdvElc-CO-Elc;2014
;VIN-number-Res-HH-Thermal-SH-AdvElc-CO-Elc;2015
;VIN-number-Res-HH-Thermal-SH-AdvElc-CO-Elc;2016
;VIN-number-Res-HH-Thermal-SH-AdvElc-CO-Elc;2017
;VIN-number-Res-HH-Thermal-SH-AdvElc-CO-Elc;2018
;VIN-number-Res-HH-Thermal-SH-AdvElc-CO-Elc;2019
;VIN-number-Res-HH-Thermal-SH-AdvElc-CO-Elc;2020
;VIN-number-Res-HH-Thermal-SH-AdvElc-CO-Elc;2021
;VIN-number-Res-HH-Thermal-SH-ConvElc;<=2000
;VIN-number-Res-HH-Thermal-SH-ConvElc;2001
;VIN-number-Res-HH-Thermal-SH-ConvElc;2002
;VIN-number-Res-HH-Thermal-SH-ConvElc;2003
;VIN-number-Res-HH-Thermal-SH-ConvElc;2004
;VIN-number-Res-HH-Thermal-SH-ConvElc;2005
;VIN-number-Res-HH-Thermal-SH-ConvElc;2006
;VIN-number-Res-HH-Thermal-SH-ConvElc;2007
;VIN-number-Res-HH-Thermal-SH-ConvElc;2008
;VIN-number-Res-HH-Thermal-SH-ConvElc;2009
;VIN-number-Res-HH-Thermal-SH-ConvElc;2010
;VIN-number-Res-HH-Thermal-SH-ConvElc;2011
;VIN-number-Res-HH-Thermal-SH-ConvElc;2012
;VIN-number-Res-HH-Thermal-SH-ConvElc;2013
;VIN-number-Res-HH-Thermal-SH-ConvElc;2014
;VIN-number-Res-HH-Thermal-SH-ConvElc;2015
;VIN-number-Res-HH-Thermal-SH-ConvElc;2016
;VIN-number-Res-HH-Thermal-SH-ConvElc;2017
;VIN-number-Res-HH-Thermal-SH-ConvElc;2018
;VIN-number-Res-HH-Thermal-SH-ConvElc;2019
;VIN-number-Res-HH-Thermal-SH-ConvElc;2020
;VIN-number-Res-HH-Thermal-SH-ConvElc;2021
;VIN-number-Res-HH-Thermal-SH-ConvElc-SH;<=2000
;VIN-number-Res-HH-Thermal-SH-ConvElc-SH;2001
;VIN-number-Res-HH-Thermal-SH-ConvElc-SH;2002
;VIN-number-Res-HH-Thermal-SH-ConvElc-SH;2003
;VIN-number-Res-HH-Thermal-SH-ConvElc-SH;2004
;VIN-number-Res-HH-Thermal-SH-ConvElc-SH;2005
;VIN-number-Res-HH-Thermal-SH-ConvElc-SH;2006
;VIN-number-Res-HH-Thermal-SH-ConvElc-SH;2007
;VIN-number-Res-HH-Thermal-SH-ConvElc-SH;2008
;VIN-number-Res-HH-Thermal-SH-ConvElc-SH;2009
;VIN-number-Res-HH-Thermal-SH-ConvElc-SH;2010
;VIN-number-Res-HH-Thermal-SH-ConvElc-SH;2011
;VIN-number-Res-HH-Thermal-SH-ConvElc-SH;2012
;VIN-number-Res-HH-Thermal-SH-ConvElc-SH;2013
;VIN-number-Res-HH-Thermal-SH-ConvElc-SH;2014
;VIN-number-Res-HH-Thermal-SH-ConvElc-SH;2015
;VIN-number-Res-HH-Thermal-SH-ConvElc-SH;2016
;VIN-number-Res-HH-Thermal-SH-ConvElc-SH;2017
;VIN-number-Res-HH-Thermal-SH-ConvElc-SH;2018
;VIN-number-Res-HH-Thermal-SH-ConvElc-SH;2019
;VIN-number-Res-HH-Thermal-SH-ConvElc-SH;2020
;VIN-number-Res-HH-Thermal-SH-ConvElc-SH;2021
;VIN-number-Res-HH-Thermal-SH-ConvElc-SC-AC;<=2000
;VIN-number-Res-HH-Thermal-SH-ConvElc-SC-AC;2001
;VIN-number-Res-HH-Thermal-SH-ConvElc-SC-AC;2002
;VIN-number-Res-HH-Thermal-SH-ConvElc-SC-AC;2003
;VIN-number-Res-HH-Thermal-SH-ConvElc-SC-AC;2004
;VIN-number-Res-HH-Thermal-SH-ConvElc-SC-AC;2005
;VIN-number-Res-HH-Thermal-SH-ConvElc-SC-AC;2006
;VIN-number-Res-HH-Thermal-SH-ConvElc-SC-AC;2007
;VIN-number-Res-HH-Thermal-SH-ConvElc-SC-AC;2008
;VIN-number-Res-HH-Thermal-SH-ConvElc-SC-AC;2009
;VIN-number-Res-HH-Thermal-SH-ConvElc-SC-AC;2010
;VIN-number-Res-HH-Thermal-SH-ConvElc-SC-AC;2011
;VIN-number-Res-HH-Thermal-SH-ConvElc-SC-AC;2012
;VIN-number-Res-HH-Thermal-SH-ConvElc-SC-AC;2013
;VIN-number-Res-HH-Thermal-SH-ConvElc-SC-AC;2014
;VIN-number-Res-HH-Thermal-SH-ConvElc-SC-AC;2015
;VIN-number-Res-HH-Thermal-SH-ConvElc-SC-AC;2016
;VIN-number-Res-HH-Thermal-SH-ConvElc-SC-AC;2017
;VIN-number-Res-HH-Thermal-SH-ConvElc-SC-AC;2018
;VIN-number-Res-HH-Thermal-SH-ConvElc-SC-AC;2019
;VIN-number-Res-HH-Thermal-SH-ConvElc-SC-AC;2020
;VIN-number-Res-HH-Thermal-SH-ConvElc-SC-AC;2021
;VIN-number-Res-HH-Thermal-SH-ConvElc-WH-LPG-NoSolar;<=2000
;VIN-number-Res-HH-Thermal-SH-ConvElc-WH-LPG-NoSolar;2001
;VIN-number-Res-HH-Thermal-SH-ConvElc-WH-LPG-NoSolar;2002
;VIN-number-Res-HH-Thermal-SH-ConvElc-WH-LPG-NoSolar;2003
;VIN-number-Res-HH-Thermal-SH-ConvElc-WH-LPG-NoSolar;2004
;VIN-number-Res-HH-Thermal-SH-ConvElc-WH-LPG-NoSolar;2005
;VIN-number-Res-HH-Thermal-SH-ConvElc-WH-LPG-NoSolar;2006
;VIN-number-Res-HH-Thermal-SH-ConvElc-WH-LPG-NoSolar;2007
;VIN-number-Res-HH-Thermal-SH-ConvElc-WH-LPG-NoSolar;2008
;VIN-number-Res-HH-Thermal-SH-ConvElc-WH-LPG-NoSolar;2009
;VIN-number-Res-HH-Thermal-SH-ConvElc-WH-LPG-NoSolar;2010
;VIN-number-Res-HH-Thermal-SH-ConvElc-WH-LPG-NoSolar;2011
;VIN-number-Res-HH-Thermal-SH-ConvElc-WH-LPG-NoSolar;2012
;VIN-number-Res-HH-Thermal-SH-ConvElc-WH-LPG-NoSolar;2013
;VIN-number-Res-HH-Thermal-SH-ConvElc-WH-LPG-NoSolar;2014
;VIN-number-Res-HH-Thermal-SH-ConvElc-WH-LPG-NoSolar;2015
;VIN-number-Res-HH-Thermal-SH-ConvElc-WH-LPG-NoSolar;2016
;VIN-number-Res-HH-Thermal-SH-ConvElc-WH-LPG-NoSolar;2017
;VIN-number-Res-HH-Thermal-SH-ConvElc-WH-LPG-NoSolar;2018
;VIN-number-Res-HH-Thermal-SH-ConvElc-WH-LPG-NoSolar;2019
;VIN-number-Res-HH-Thermal-SH-ConvElc-WH-LPG-NoSolar;2020
;VIN-number-Res-HH-Thermal-SH-ConvElc-WH-LPG-NoSolar;2021
;VIN-number-Res-HH-Thermal-SH-ConvElc-WH-LPG-Solar;<=2000
;VIN-number-Res-HH-Thermal-SH-ConvElc-WH-LPG-Solar;2001
;VIN-number-Res-HH-Thermal-SH-ConvElc-WH-LPG-Solar;2002
;VIN-number-Res-HH-Thermal-SH-ConvElc-WH-LPG-Solar;2003
;VIN-number-Res-HH-Thermal-SH-ConvElc-WH-LPG-Solar;2004
;VIN-number-Res-HH-Thermal-SH-ConvElc-WH-LPG-Solar;2005
;VIN-number-Res-HH-Thermal-SH-ConvElc-WH-LPG-Solar;2006
;VIN-number-Res-HH-Thermal-SH-ConvElc-WH-LPG-Solar;2007
;VIN-number-Res-HH-Thermal-SH-ConvElc-WH-LPG-Solar;2008
;VIN-number-Res-HH-Thermal-SH-ConvElc-WH-LPG-Solar;2009
;VIN-number-Res-HH-Thermal-SH-ConvElc-WH-LPG-Solar;2010
;VIN-number-Res-HH-Thermal-SH-ConvElc-WH-LPG-Solar;2011
;VIN-number-Res-HH-Thermal-SH-ConvElc-WH-LPG-Solar;2012
;VIN-number-Res-HH-Thermal-SH-ConvElc-WH-LPG-Solar;2013
;VIN-number-Res-HH-Thermal-SH-ConvElc-WH-LPG-Solar;2014
;VIN-number-Res-HH-Thermal-SH-ConvElc-WH-LPG-Solar;2015
;VIN-number-Res-HH-Thermal-SH-ConvElc-WH-LPG-Solar;2016
;VIN-number-Res-HH-Thermal-SH-ConvElc-WH-LPG-Solar;2017
;VIN-number-Res-HH-Thermal-SH-ConvElc-WH-LPG-Solar;2018
;VIN-number-Res-HH-Thermal-SH-ConvElc-WH-LPG-Solar;2019
;VIN-number-Res-HH-Thermal-SH-ConvElc-WH-LPG-Solar;2020
;VIN-number-Res-HH-Thermal-SH-ConvElc-WH-LPG-Solar;2021
;VIN-number-Res-HH-Thermal-SH-ConvElc-WH-Elc-NoSolar;<=2000
;VIN-number-Res-HH-Thermal-SH-ConvElc-WH-Elc-NoSolar;2001
;VIN-number-Res-HH-Thermal-SH-ConvElc-WH-Elc-NoSolar;2002
;VIN-number-Res-HH-Thermal-SH-ConvElc-WH-Elc-NoSolar;2003
;VIN-number-Res-HH-Thermal-SH-ConvElc-WH-Elc-NoSolar;2004
;VIN-number-Res-HH-Thermal-SH-ConvElc-WH-Elc-NoSolar;2005
;VIN-number-Res-HH-Thermal-SH-ConvElc-WH-Elc-NoSolar;2006
;VIN-number-Res-HH-Thermal-SH-ConvElc-WH-Elc-NoSolar;2007
;VIN-number-Res-HH-Thermal-SH-ConvElc-WH-Elc-NoSolar;2008
;VIN-number-Res-HH-Thermal-SH-ConvElc-WH-Elc-NoSolar;2009
;VIN-number-Res-HH-Thermal-SH-ConvElc-WH-Elc-NoSolar;2010
;VIN-number-Res-HH-Thermal-SH-ConvElc-WH-Elc-NoSolar;2011
;VIN-number-Res-HH-Thermal-SH-ConvElc-WH-Elc-NoSolar;2012
;VIN-number-Res-HH-Thermal-SH-ConvElc-WH-Elc-NoSolar;2013
;VIN-number-Res-HH-Thermal-SH-ConvElc-WH-Elc-NoSolar;2014
;VIN-number-Res-HH-Thermal-SH-ConvElc-WH-Elc-NoSolar;2015
;VIN-number-Res-HH-Thermal-SH-ConvElc-WH-Elc-NoSolar;2016
;VIN-number-Res-HH-Thermal-SH-ConvElc-WH-Elc-NoSolar;2017
;VIN-number-Res-HH-Thermal-SH-ConvElc-WH-Elc-NoSolar;2018
;VIN-number-Res-HH-Thermal-SH-ConvElc-WH-Elc-NoSolar;2019
;VIN-number-Res-HH-Thermal-SH-ConvElc-WH-Elc-NoSolar;2020
;VIN-number-Res-HH-Thermal-SH-ConvElc-WH-Elc-NoSolar;2021
;VIN-number-Res-HH-Thermal-SH-ConvElc-WH-Elc-Solar;<=2000
;VIN-number-Res-HH-Thermal-SH-ConvElc-WH-Elc-Solar;2001
;VIN-number-Res-HH-Thermal-SH-ConvElc-WH-Elc-Solar;2002
;VIN-number-Res-HH-Thermal-SH-ConvElc-WH-Elc-Solar;2003
;VIN-number-Res-HH-Thermal-SH-ConvElc-WH-Elc-Solar;2004
;VIN-number-Res-HH-Thermal-SH-ConvElc-WH-Elc-Solar;2005
;VIN-number-Res-HH-Thermal-SH-ConvElc-WH-Elc-Solar;2006
;VIN-number-Res-HH-Thermal-SH-ConvElc-WH-Elc-Solar;2007
;VIN-number-Res-HH-Thermal-SH-ConvElc-WH-Elc-Solar;2008
;VIN-number-Res-HH-Thermal-SH-ConvElc-WH-Elc-Solar;2009
;VIN-number-Res-HH-Thermal-SH-ConvElc-WH-Elc-Solar;2010
;VIN-number-Res-HH-Thermal-SH-ConvElc-WH-Elc-Solar;2011
;VIN-number-Res-HH-Thermal-SH-ConvElc-WH-Elc-Solar;2012
;VIN-number-Res-HH-Thermal-SH-ConvElc-WH-Elc-Solar;2013
;VIN-number-Res-HH-Thermal-SH-ConvElc-WH-Elc-Solar;2014
;VIN-number-Res-HH-Thermal-SH-ConvElc-WH-Elc-Solar;2015
;VIN-number-Res-HH-Thermal-SH-ConvElc-WH-Elc-Solar;2016
;VIN-number-Res-HH-Thermal-SH-ConvElc-WH-Elc-Solar;2017
;VIN-number-Res-HH-Thermal-SH-ConvElc-WH-Elc-Solar;2018
;VIN-number-Res-HH-Thermal-SH-ConvElc-WH-Elc-Solar;2019
;VIN-number-Res-HH-Thermal-SH-ConvElc-WH-Elc-Solar;2020
;VIN-number-Res-HH-Thermal-SH-ConvElc-WH-Elc-Solar;2021
;VIN-number-Res-HH-Thermal-SH-ConvElc-CO-LPG;<=2000
;VIN-number-Res-HH-Thermal-SH-ConvElc-CO-LPG;2001
;VIN-number-Res-HH-Thermal-SH-ConvElc-CO-LPG;2002
;VIN-number-Res-HH-Thermal-SH-ConvElc-CO-LPG;2003
;VIN-number-Res-HH-Thermal-SH-ConvElc-CO-LPG;2004
;VIN-number-Res-HH-Thermal-SH-ConvElc-CO-LPG;2005
;VIN-number-Res-HH-Thermal-SH-ConvElc-CO-LPG;2006
;VIN-number-Res-HH-Thermal-SH-ConvElc-CO-LPG;2007
;VIN-number-Res-HH-Thermal-SH-ConvElc-CO-LPG;2008
;VIN-number-Res-HH-Thermal-SH-ConvElc-CO-LPG;2009
;VIN-number-Res-HH-Thermal-SH-ConvElc-CO-LPG;2010
;VIN-number-Res-HH-Thermal-SH-ConvElc-CO-LPG;2011
;VIN-number-Res-HH-Thermal-SH-ConvElc-CO-LPG;2012
;VIN-number-Res-HH-Thermal-SH-ConvElc-CO-LPG;2013
;VIN-number-Res-HH-Thermal-SH-ConvElc-CO-LPG;2014
;VIN-number-Res-HH-Thermal-SH-ConvElc-CO-LPG;2015
;VIN-number-Res-HH-Thermal-SH-ConvElc-CO-LPG;2016
;VIN-number-Res-HH-Thermal-SH-ConvElc-CO-LPG;2017
;VIN-number-Res-HH-Thermal-SH-ConvElc-CO-LPG;2018
;VIN-number-Res-HH-Thermal-SH-ConvElc-CO-LPG;2019
;VIN-number-Res-HH-Thermal-SH-ConvElc-CO-LPG;2020
;VIN-number-Res-HH-Thermal-SH-ConvElc-CO-LPG;2021
;VIN-number-Res-HH-Thermal-SH-ConvElc-CO-Elc;<=2000
;VIN-number-Res-HH-Thermal-SH-ConvElc-CO-Elc;2001
;VIN-number-Res-HH-Thermal-SH-ConvElc-CO-Elc;2002
;VIN-number-Res-HH-Thermal-SH-ConvElc-CO-Elc;2003
;VIN-number-Res-HH-Thermal-SH-ConvElc-CO-Elc;2004
;VIN-number-Res-HH-Thermal-SH-ConvElc-CO-Elc;2005
;VIN-number-Res-HH-Thermal-SH-ConvElc-CO-Elc;2006
;VIN-number-Res-HH-Thermal-SH-ConvElc-CO-Elc;2007
;VIN-number-Res-HH-Thermal-SH-ConvElc-CO-Elc;2008
;VIN-number-Res-HH-Thermal-SH-ConvElc-CO-Elc;2009
;VIN-number-Res-HH-Thermal-SH-ConvElc-CO-Elc;2010
;VIN-number-Res-HH-Thermal-SH-ConvElc-CO-Elc;2011
;VIN-number-Res-HH-Thermal-SH-ConvElc-CO-Elc;2012
;VIN-number-Res-HH-Thermal-SH-ConvElc-CO-Elc;2013
;VIN-number-Res-HH-Thermal-SH-ConvElc-CO-Elc;2014
;VIN-number-Res-HH-Thermal-SH-ConvElc-CO-Elc;2015
;VIN-number-Res-HH-Thermal-SH-ConvElc-CO-Elc;2016
;VIN-number-Res-HH-Thermal-SH-ConvElc-CO-Elc;2017
;VIN-number-Res-HH-Thermal-SH-ConvElc-CO-Elc;2018
;VIN-number-Res-HH-Thermal-SH-ConvElc-CO-Elc;2019
;VIN-number-Res-HH-Thermal-SH-ConvElc-CO-Elc;2020
;VIN-number-Res-HH-Thermal-SH-ConvElc-CO-Elc;2021
;FEC-ktoe-Res-HH-Thermal-SH-Solids;
;FEC-ktoe-Res-HH-Thermal-SH-Solids-SH;
;FEC-ktoe-Res-HH-Thermal-SH-Solids-SH-Solids;
;FEC-ktoe-Res-HH-Thermal-SH-Solids-SH-Elec;
;FEC-ktoe-Res-HH-Thermal-SH-Solids-SC;
;FEC-ktoe-Res-HH-Thermal-SH-Solids-SC-AC-Elec;
;FEC-ktoe-Res-HH-Thermal-SH-Solids-WH;
;FEC-ktoe-Res-HH-Thermal-SH-Solids-WH-Solids-NoSolar-Solids;
;FEC-ktoe-Res-HH-Thermal-SH-Solids-WH-LPG-NoSolar-LPG;
;FEC-ktoe-Res-HH-Thermal-SH-Solids-WH-LPG-Solar;
;FEC-ktoe-Res-HH-Thermal-SH-Solids-WH-LPG-Solar-LPG;
;FEC-ktoe-Res-HH-Thermal-SH-Solids-WH-LPG-Solar-Solar;
;FEC-ktoe-Res-HH-Thermal-SH-Solids-WH-Elc-NoSolar-Elec;
;FEC-ktoe-Res-HH-Thermal-SH-Solids-WH-Elc-Solar;
;FEC-ktoe-Res-HH-Thermal-SH-Solids-WH-Elc-Solar-Elec;
;FEC-ktoe-Res-HH-Thermal-SH-Solids-WH-Elc-Solar-Solar;
;FEC-ktoe-Res-HH-Thermal-SH-Solids-CO;
;FEC-ktoe-Res-HH-Thermal-SH-Solids-CO-Solids-Solids;
;FEC-ktoe-Res-HH-Thermal-SH-Solids-CO-LPG-LPG;
;FEC-ktoe-Res-HH-Thermal-SH-Solids-CO-Elc-Elec;
;FEC-ktoe-Res-HH-Thermal-SH-LPG;
;FEC-ktoe-Res-HH-Thermal-SH-LPG-SH;
;FEC-ktoe-Res-HH-Thermal-SH-LPG-SH-LPG;
;FEC-ktoe-Res-HH-Thermal-SH-LPG-SH-Elec;
;FEC-ktoe-Res-HH-Thermal-SH-LPG-SC;
;FEC-ktoe-Res-HH-Thermal-SH-LPG-SC-AC-Elec;
;FEC-ktoe-Res-HH-Thermal-SH-LPG-WH;
;FEC-ktoe-Res-HH-Thermal-SH-LPG-WH-LPG-NoSolar-LPG;
;FEC-ktoe-Res-HH-Thermal-SH-LPG-WH-LPG-Solar;
;FEC-ktoe-Res-HH-Thermal-SH-LPG-WH-LPG-Solar-LPG;
;FEC-ktoe-Res-HH-Thermal-SH-LPG-WH-LPG-Solar-Solar;
;FEC-ktoe-Res-HH-Thermal-SH-LPG-WH-Elc-NoSolar-Elec;
;FEC-ktoe-Res-HH-Thermal-SH-LPG-WH-Elc-Solar;
;FEC-ktoe-Res-HH-Thermal-SH-LPG-WH-Elc-Solar-Elec;
;FEC-ktoe-Res-HH-Thermal-SH-LPG-WH-Elc-Solar-Solar;
;FEC-ktoe-Res-HH-Thermal-SH-LPG-CO;
;FEC-ktoe-Res-HH-Thermal-SH-LPG-CO-LPG-LPG;
;FEC-ktoe-Res-HH-Thermal-SH-LPG-CO-Elc-Elec;
;FEC-ktoe-Res-HH-Thermal-SH-Oil;
;FEC-ktoe-Res-HH-Thermal-SH-Oil-SH;
;FEC-ktoe-Res-HH-Thermal-SH-Oil-SH-Oil;
;FEC-ktoe-Res-HH-Thermal-SH-Oil-SH-Elec;
;FEC-ktoe-Res-HH-Thermal-SH-Oil-SC;
;FEC-ktoe-Res-HH-Thermal-SH-Oil-SC-AC-Elec;
;FEC-ktoe-Res-HH-Thermal-SH-Oil-WH;
;FEC-ktoe-Res-HH-Thermal-SH-Oil-WH-Oil-NoSolar-Oil;
;FEC-ktoe-Res-HH-Thermal-SH-Oil-WH-Oil-Solar;
;FEC-ktoe-Res-HH-Thermal-SH-Oil-WH-Oil-Solar-Oil;
;FEC-ktoe-Res-HH-Thermal-SH-Oil-WH-Oil-Solar-Solar;
;FEC-ktoe-Res-HH-Thermal-SH-Oil-WH-Elc-NoSolar-Elec;
;FEC-ktoe-Res-HH-Thermal-SH-Oil-WH-Elc-Solar;
;FEC-ktoe-Res-HH-Thermal-SH-Oil-WH-Elc-Solar-Elec;
;FEC-ktoe-Res-HH-Thermal-SH-Oil-WH-Elc-Solar-Solar;
;FEC-ktoe-Res-HH-Thermal-SH-Oil-CO;
;FEC-ktoe-Res-HH-Thermal-SH-Oil-CO-LPG-LPG;
;FEC-ktoe-Res-HH-Thermal-SH-Oil-CO-Elc-Elec;
;FEC-ktoe-Res-HH-Thermal-SH-Gas;
;FEC-ktoe-Res-HH-Thermal-SH-Gas-SH;
;FEC-ktoe-Res-HH-Thermal-SH-Gas-SH-Gas;
;FEC-ktoe-Res-HH-Thermal-SH-Gas-SH-Elec;
;FEC-ktoe-Res-HH-Thermal-SH-Gas-SC;
;FEC-ktoe-Res-HH-Thermal-SH-Gas-SC-AC-Elec;
;FEC-ktoe-Res-HH-Thermal-SH-Gas-WH;
;FEC-ktoe-Res-HH-Thermal-SH-Gas-WH-Gas-NoSolar-Gas;
;FEC-ktoe-Res-HH-Thermal-SH-Gas-WH-Gas-Solar;
;FEC-ktoe-Res-HH-Thermal-SH-Gas-WH-Gas-Solar-Gas;
;FEC-ktoe-Res-HH-Thermal-SH-Gas-WH-Gas-Solar-Solar;
;FEC-ktoe-Res-HH-Thermal-SH-Gas-WH-Elc-NoSolar-Elec;
;FEC-ktoe-Res-HH-Thermal-SH-Gas-WH-Elc-Solar;
;FEC-ktoe-Res-HH-Thermal-SH-Gas-WH-Elc-Solar-Elec;
;FEC-ktoe-Res-HH-Thermal-SH-Gas-WH-Elc-Solar-Solar;
;FEC-ktoe-Res-HH-Thermal-SH-Gas-CO;
;FEC-ktoe-Res-HH-Thermal-SH-Gas-CO-Gas-Gas;
;FEC-ktoe-Res-HH-Thermal-SH-Gas-CO-Elc-Elec;
;FEC-ktoe-Res-HH-Thermal-SH-Biomass;
;FEC-ktoe-Res-HH-Thermal-SH-Biomass-SH;
;FEC-ktoe-Res-HH-Thermal-SH-Biomass-SH-Biomass;
;FEC-ktoe-Res-HH-Thermal-SH-Biomass-SH-Elec;
;FEC-ktoe-Res-HH-Thermal-SH-Biomass-SC;
;FEC-ktoe-Res-HH-Thermal-SH-Biomass-SC-AC-Elec;
;FEC-ktoe-Res-HH-Thermal-SH-Biomass-WH;
;FEC-ktoe-Res-HH-Thermal-SH-Biomass-WH-Biomass-NoSolar-Biomass;
;FEC-ktoe-Res-HH-Thermal-SH-Biomass-WH-Biomass-Solar;
;FEC-ktoe-Res-HH-Thermal-SH-Biomass-WH-Biomass-Solar-Biomass;
;FEC-ktoe-Res-HH-Thermal-SH-Biomass-WH-Biomass-Solar-Solar;
;FEC-ktoe-Res-HH-Thermal-SH-Biomass-WH-LPG-NoSolar-LPG;
;FEC-ktoe-Res-HH-Thermal-SH-Biomass-WH-LPG-Solar;
;FEC-ktoe-Res-HH-Thermal-SH-Biomass-WH-LPG-Solar-LPG;
;FEC-ktoe-Res-HH-Thermal-SH-Biomass-WH-LPG-Solar-Solar;
;FEC-ktoe-Res-HH-Thermal-SH-Biomass-WH-Elc-NoSolar-Elec;
;FEC-ktoe-Res-HH-Thermal-SH-Biomass-WH-Elc-Solar;
;FEC-ktoe-Res-HH-Thermal-SH-Biomass-WH-Elc-Solar-Elec;
;FEC-ktoe-Res-HH-Thermal-SH-Biomass-WH-Elc-Solar-Solar;
;FEC-ktoe-Res-HH-Thermal-SH-Biomass-CO;
;FEC-ktoe-Res-HH-Thermal-SH-Biomass-CO-Biomass-Biomass;
;FEC-ktoe-Res-HH-Thermal-SH-Biomass-CO-LPG-LPG;
;FEC-ktoe-Res-HH-Thermal-SH-Biomass-CO-Elc-Elec;
;FEC-ktoe-Res-HH-Thermal-SH-Geo;
;FEC-ktoe-Res-HH-Thermal-SH-Geo-SH;
;FEC-ktoe-Res-HH-Thermal-SH-Geo-SH-Geo;
;FEC-ktoe-Res-HH-Thermal-SH-Geo-SH-Elec;
;FEC-ktoe-Res-HH-Thermal-SH-Geo-SC;
;FEC-ktoe-Res-HH-Thermal-SH-Geo-SC-AC-Elec;
;FEC-ktoe-Res-HH-Thermal-SH-Geo-WH;
;FEC-ktoe-Res-HH-Thermal-SH-Geo-WH-Geo-NoSolar-Geo;
;FEC-ktoe-Res-HH-Thermal-SH-Geo-WH-Geo-Solar;
;FEC-ktoe-Res-HH-Thermal-SH-Geo-WH-Geo-Solar-Geo;
;FEC-ktoe-Res-HH-Thermal-SH-Geo-WH-Geo-Solar-Solar;
;FEC-ktoe-Res-HH-Thermal-SH-Geo-WH-Elc-NoSolar-Elec;
;FEC-ktoe-Res-HH-Thermal-SH-Geo-WH-Elc-Solar;
;FEC-ktoe-Res-HH-Thermal-SH-Geo-WH-Elc-Solar-Elec;
;FEC-ktoe-Res-HH-Thermal-SH-Geo-WH-Elc-Solar-Solar;
;FEC-ktoe-Res-HH-Thermal-SH-Geo-CO;
;FEC-ktoe-Res-HH-Thermal-SH-Geo-CO-LPG-LPG;
;FEC-ktoe-Res-HH-Thermal-SH-Geo-CO-Elc-Elec;
;FEC-ktoe-Res-HH-Thermal-SH-DistrHeat;
;FEC-ktoe-Res-HH-Thermal-SH-DistrHeat-SH;
;FEC-ktoe-Res-HH-Thermal-SH-DistrHeat-SH-Steam_Distr;
;FEC-ktoe-Res-HH-Thermal-SH-DistrHeat-SH-Elec;
;FEC-ktoe-Res-HH-Thermal-SH-DistrHeat-SC;
;FEC-ktoe-Res-HH-Thermal-SH-DistrHeat-SC-AC-Elec;
;FEC-ktoe-Res-HH-Thermal-SH-DistrHeat-WH;
;FEC-ktoe-Res-HH-Thermal-SH-DistrHeat-WH-DistrHeat-NoSolar-Steam_Distr;
;FEC-ktoe-Res-HH-Thermal-SH-DistrHeat-WH-DistrHeat-Solar;
;FEC-ktoe-Res-HH-Thermal-SH-DistrHeat-WH-DistrHeat-Solar-Steam_Distr;
;FEC-ktoe-Res-HH-Thermal-SH-DistrHeat-WH-DistrHeat-Solar-Solar;
;FEC-ktoe-Res-HH-Thermal-SH-DistrHeat-WH-Elc-NoSolar-Elec;
;FEC-ktoe-Res-HH-Thermal-SH-DistrHeat-WH-Elc-Solar;
;FEC-ktoe-Res-HH-Thermal-SH-DistrHeat-WH-Elc-Solar-Elec;
;FEC-ktoe-Res-HH-Thermal-SH-DistrHeat-WH-Elc-Solar-Solar;
;FEC-ktoe-Res-HH-Thermal-SH-DistrHeat-CO;
;FEC-ktoe-Res-HH-Thermal-SH-DistrHeat-CO-LPG-LPG;
;FEC-ktoe-Res-HH-Thermal-SH-DistrHeat-CO-Elc-Elec;
;FEC-ktoe-Res-HH-Thermal-SH-AdvElc;
;FEC-ktoe-Res-HH-Thermal-SH-AdvElc-SH;
;FEC-ktoe-Res-HH-Thermal-SH-AdvElc-SH-Elec;
;FEC-ktoe-Res-HH-Thermal-SH-AdvElc-SC;
;FEC-ktoe-Res-HH-Thermal-SH-AdvElc-SC-AC-Elec;
;FEC-ktoe-Res-HH-Thermal-SH-AdvElc-WH;
;FEC-ktoe-Res-HH-Thermal-SH-AdvElc-WH-LPG-NoSolar-LPG;
;FEC-ktoe-Res-HH-Thermal-SH-AdvElc-WH-LPG-Solar;
;FEC-ktoe-Res-HH-Thermal-SH-AdvElc-WH-LPG-Solar-LPG;
;FEC-ktoe-Res-HH-Thermal-SH-AdvElc-WH-LPG-Solar-Solar;
;FEC-ktoe-Res-HH-Thermal-SH-AdvElc-WH-Elc-NoSolar-Elec;
;FEC-ktoe-Res-HH-Thermal-SH-AdvElc-WH-Elc-Solar;
;FEC-ktoe-Res-HH-Thermal-SH-AdvElc-WH-Elc-Solar-Elec;
;FEC-ktoe-Res-HH-Thermal-SH-AdvElc-WH-Elc-Solar-Solar;
;FEC-ktoe-Res-HH-Thermal-SH-AdvElc-CO;
;FEC-ktoe-Res-HH-Thermal-SH-AdvElc-CO-LPG-LPG;
;FEC-ktoe-Res-HH-Thermal-SH-AdvElc-CO-Elc-Elec;
;FEC-ktoe-Res-HH-Thermal-SH-ConvElc;
;FEC-ktoe-Res-HH-Thermal-SH-ConvElc-SH;
;FEC-ktoe-Res-HH-Thermal-SH-ConvElc-SH-Elec;
;FEC-ktoe-Res-HH-Thermal-SH-ConvElc-SC;
;FEC-ktoe-Res-HH-Thermal-SH-ConvElc-SC-AC-Elec;
;FEC-ktoe-Res-HH-Thermal-SH-ConvElc-WH;
;FEC-ktoe-Res-HH-Thermal-SH-ConvElc-WH-LPG-NoSolar-LPG;
;FEC-ktoe-Res-HH-Thermal-SH-ConvElc-WH-LPG-Solar;
;FEC-ktoe-Res-HH-Thermal-SH-ConvElc-WH-LPG-Solar-LPG;
;FEC-ktoe-Res-HH-Thermal-SH-ConvElc-WH-LPG-Solar-Solar;
;FEC-ktoe-Res-HH-Thermal-SH-ConvElc-WH-Elc-NoSolar-Elec;
;FEC-ktoe-Res-HH-Thermal-SH-ConvElc-WH-Elc-Solar;
;FEC-ktoe-Res-HH-Thermal-SH-ConvElc-WH-Elc-Solar-Elec;
;FEC-ktoe-Res-HH-Thermal-SH-ConvElc-WH-Elc-Solar-Solar;
;FEC-ktoe-Res-HH-Thermal-SH-ConvElc-CO;
;FEC-ktoe-Res-HH-Thermal-SH-ConvElc-CO-LPG-LPG;
;FEC-ktoe-Res-HH-Thermal-SH-ConvElc-CO-Elc-Elec;
;TES-ktoe-Res-HH-Thermal-SH-Solids;
;TES-ktoe-Res-HH-Thermal-SH-Solids-SH;
;TES-ktoe-Res-HH-Thermal-SH-Solids-SH-Solids;
;TES-ktoe-Res-HH-Thermal-SH-Solids-SH-Elec;
;TES-ktoe-Res-HH-Thermal-SH-Solids-SC;
;TES-ktoe-Res-HH-Thermal-SH-Solids-SC-AC-Elec;
;TES-ktoe-Res-HH-Thermal-SH-Solids-WH;
;TES-ktoe-Res-HH-Thermal-SH-Solids-WH-Solids-NoSolar-Solids;
;TES-ktoe-Res-HH-Thermal-SH-Solids-WH-LPG-NoSolar-LPG;
;TES-ktoe-Res-HH-Thermal-SH-Solids-WH-LPG-Solar;
;TES-ktoe-Res-HH-Thermal-SH-Solids-WH-LPG-Solar-LPG;
;TES-ktoe-Res-HH-Thermal-SH-Solids-WH-LPG-Solar-Solar;
;TES-ktoe-Res-HH-Thermal-SH-Solids-WH-Elc-NoSolar-Elec;
;TES-ktoe-Res-HH-Thermal-SH-Solids-WH-Elc-Solar;
;TES-ktoe-Res-HH-Thermal-SH-Solids-WH-Elc-Solar-Elec;
;TES-ktoe-Res-HH-Thermal-SH-Solids-WH-Elc-Solar-Solar;
;TES-ktoe-Res-HH-Thermal-SH-Solids-CO;
;TES-ktoe-Res-HH-Thermal-SH-Solids-CO-Solids-Solids;
;TES-ktoe-Res-HH-Thermal-SH-Solids-CO-LPG-LPG;
;TES-ktoe-Res-HH-Thermal-SH-Solids-CO-Elc-Elec;
;TES-ktoe-Res-HH-Thermal-SH-LPG;
;TES-ktoe-Res-HH-Thermal-SH-LPG-SH;
;TES-ktoe-Res-HH-Thermal-SH-LPG-SH-LPG;
;TES-ktoe-Res-HH-Thermal-SH-LPG-SH-Elec;
;TES-ktoe-Res-HH-Thermal-SH-LPG-SC;
;TES-ktoe-Res-HH-Thermal-SH-LPG-SC-AC-Elec;
;TES-ktoe-Res-HH-Thermal-SH-LPG-WH;
;TES-ktoe-Res-HH-Thermal-SH-LPG-WH-LPG-NoSolar-LPG;
;TES-ktoe-Res-HH-Thermal-SH-LPG-WH-LPG-Solar;
;TES-ktoe-Res-HH-Thermal-SH-LPG-WH-LPG-Solar-LPG;
;TES-ktoe-Res-HH-Thermal-SH-LPG-WH-LPG-Solar-Solar;
;TES-ktoe-Res-HH-Thermal-SH-LPG-WH-Elc-NoSolar-Elec;
;TES-ktoe-Res-HH-Thermal-SH-LPG-WH-Elc-Solar;
;TES-ktoe-Res-HH-Thermal-SH-LPG-WH-Elc-Solar-Elec;
;TES-ktoe-Res-HH-Thermal-SH-LPG-WH-Elc-Solar-Solar;
;TES-ktoe-Res-HH-Thermal-SH-LPG-CO;
;TES-ktoe-Res-HH-Thermal-SH-LPG-CO-LPG-LPG;
;TES-ktoe-Res-HH-Thermal-SH-LPG-CO-Elc-Elec;
;TES-ktoe-Res-HH-Thermal-SH-Oil;
;TES-ktoe-Res-HH-Thermal-SH-Oil-SH;
;TES-ktoe-Res-HH-Thermal-SH-Oil-SH-Oil;
;TES-ktoe-Res-HH-Thermal-SH-Oil-SH-Elec;
;TES-ktoe-Res-HH-Thermal-SH-Oil-SC;
;TES-ktoe-Res-HH-Thermal-SH-Oil-SC-AC-Elec;
;TES-ktoe-Res-HH-Thermal-SH-Oil-WH;
;TES-ktoe-Res-HH-Thermal-SH-Oil-WH-Oil-NoSolar-Oil;
;TES-ktoe-Res-HH-Thermal-SH-Oil-WH-Oil-Solar;
;TES-ktoe-Res-HH-Thermal-SH-Oil-WH-Oil-Solar-Oil;
;TES-ktoe-Res-HH-Thermal-SH-Oil-WH-Oil-Solar-Solar;
;TES-ktoe-Res-HH-Thermal-SH-Oil-WH-Elc-NoSolar-Elec;
;TES-ktoe-Res-HH-Thermal-SH-Oil-WH-Elc-Solar;
;TES-ktoe-Res-HH-Thermal-SH-Oil-WH-Elc-Solar-Elec;
;TES-ktoe-Res-HH-Thermal-SH-Oil-WH-Elc-Solar-Solar;
;TES-ktoe-Res-HH-Thermal-SH-Oil-CO;
;TES-ktoe-Res-HH-Thermal-SH-Oil-CO-LPG-LPG;
;TES-ktoe-Res-HH-Thermal-SH-Oil-CO-Elc-Elec;
;TES-ktoe-Res-HH-Thermal-SH-Gas;
;TES-ktoe-Res-HH-Thermal-SH-Gas-SH;
;TES-ktoe-Res-HH-Thermal-SH-Gas-SH-Gas;
;TES-ktoe-Res-HH-Thermal-SH-Gas-SH-Elec;
;TES-ktoe-Res-HH-Thermal-SH-Gas-SC;
;TES-ktoe-Res-HH-Thermal-SH-Gas-SC-AC-Elec;
;TES-ktoe-Res-HH-Thermal-SH-Gas-WH;
;TES-ktoe-Res-HH-Thermal-SH-Gas-WH-Gas-NoSolar-Gas;
;TES-ktoe-Res-HH-Thermal-SH-Gas-WH-Gas-Solar;
;TES-ktoe-Res-HH-Thermal-SH-Gas-WH-Gas-Solar-Gas;
;TES-ktoe-Res-HH-Thermal-SH-Gas-WH-Gas-Solar-Solar;
;TES-ktoe-Res-HH-Thermal-SH-Gas-WH-Elc-NoSolar-Elec;
;TES-ktoe-Res-HH-Thermal-SH-Gas-WH-Elc-Solar;
;TES-ktoe-Res-HH-Thermal-SH-Gas-WH-Elc-Solar-Elec;
;TES-ktoe-Res-HH-Thermal-SH-Gas-WH-Elc-Solar-Solar;
;TES-ktoe-Res-HH-Thermal-SH-Gas-CO;
;TES-ktoe-Res-HH-Thermal-SH-Gas-CO-Gas-Gas;
;TES-ktoe-Res-HH-Thermal-SH-Gas-CO-Elc-Elec;
;TES-ktoe-Res-HH-Thermal-SH-Biomass;
;TES-ktoe-Res-HH-Thermal-SH-Biomass-SH;
;TES-ktoe-Res-HH-Thermal-SH-Biomass-SH-Biomass;
;TES-ktoe-Res-HH-Thermal-SH-Biomass-SH-Elec;
;TES-ktoe-Res-HH-Thermal-SH-Biomass-SC;
;TES-ktoe-Res-HH-Thermal-SH-Biomass-SC-AC-Elec;
;TES-ktoe-Res-HH-Thermal-SH-Biomass-WH;
;TES-ktoe-Res-HH-Thermal-SH-Biomass-WH-Biomass-NoSolar-Biomass;
;TES-ktoe-Res-HH-Thermal-SH-Biomass-WH-Biomass-Solar;
;TES-ktoe-Res-HH-Thermal-SH-Biomass-WH-Biomass-Solar-Biomass;
;TES-ktoe-Res-HH-Thermal-SH-Biomass-WH-Biomass-Solar-Solar;
;TES-ktoe-Res-HH-Thermal-SH-Biomass-WH-LPG-NoSolar-LPG;
;TES-ktoe-Res-HH-Thermal-SH-Biomass-WH-LPG-Solar;
;TES-ktoe-Res-HH-Thermal-SH-Biomass-WH-LPG-Solar-LPG;
;TES-ktoe-Res-HH-Thermal-SH-Biomass-WH-LPG-Solar-Solar;
;TES-ktoe-Res-HH-Thermal-SH-Biomass-WH-Elc-NoSolar-Elec;
;TES-ktoe-Res-HH-Thermal-SH-Biomass-WH-Elc-Solar;
;TES-ktoe-Res-HH-Thermal-SH-Biomass-WH-Elc-Solar-Elec;
;TES-ktoe-Res-HH-Thermal-SH-Biomass-WH-Elc-Solar-Solar;
;TES-ktoe-Res-HH-Thermal-SH-Biomass-CO;
;TES-ktoe-Res-HH-Thermal-SH-Biomass-CO-Biomass-Biomass;
;TES-ktoe-Res-HH-Thermal-SH-Biomass-CO-LPG-LPG;
;TES-ktoe-Res-HH-Thermal-SH-Biomass-CO-Elc-Elec;
;TES-ktoe-Res-HH-Thermal-SH-Geo;
;TES-ktoe-Res-HH-Thermal-SH-Geo-SH;
;TES-ktoe-Res-HH-Thermal-SH-Geo-SH-Geo;
;TES-ktoe-Res-HH-Thermal-SH-Geo-SH-Elec;
;TES-ktoe-Res-HH-Thermal-SH-Geo-SC;
;TES-ktoe-Res-HH-Thermal-SH-Geo-SC-AC-Elec;
;TES-ktoe-Res-HH-Thermal-SH-Geo-WH;
;TES-ktoe-Res-HH-Thermal-SH-Geo-WH-Geo-NoSolar-Geo;
;TES-ktoe-Res-HH-Thermal-SH-Geo-WH-Geo-Solar;
;TES-ktoe-Res-HH-Thermal-SH-Geo-WH-Geo-Solar-Geo;
;TES-ktoe-Res-HH-Thermal-SH-Geo-WH-Geo-Solar-Solar;
;TES-ktoe-Res-HH-Thermal-SH-Geo-WH-Elc-NoSolar-Elec;
;TES-ktoe-Res-HH-Thermal-SH-Geo-WH-Elc-Solar;
;TES-ktoe-Res-HH-Thermal-SH-Geo-WH-Elc-Solar-Elec;
;TES-ktoe-Res-HH-Thermal-SH-Geo-WH-Elc-Solar-Solar;
;TES-ktoe-Res-HH-Thermal-SH-Geo-CO;
;TES-ktoe-Res-HH-Thermal-SH-Geo-CO-LPG-LPG;
;TES-ktoe-Res-HH-Thermal-SH-Geo-CO-Elc-Elec;
;TES-ktoe-Res-HH-Thermal-SH-DistrHeat;
;TES-ktoe-Res-HH-Thermal-SH-DistrHeat-SH;
;TES-ktoe-Res-HH-Thermal-SH-DistrHeat-SH-Steam_Distr;
;TES-ktoe-Res-HH-Thermal-SH-DistrHeat-SH-Elec;
;TES-ktoe-Res-HH-Thermal-SH-DistrHeat-SC;
;TES-ktoe-Res-HH-Thermal-SH-DistrHeat-SC-AC-Elec;
;TES-ktoe-Res-HH-Thermal-SH-DistrHeat-WH;
;TES-ktoe-Res-HH-Thermal-SH-DistrHeat-WH-DistrHeat-NoSolar-Steam_Distr;
;TES-ktoe-Res-HH-Thermal-SH-DistrHeat-WH-DistrHeat-Solar;
;TES-ktoe-Res-HH-Thermal-SH-DistrHeat-WH-DistrHeat-Solar-Steam_Distr;
;TES-ktoe-Res-HH-Thermal-SH-DistrHeat-WH-DistrHeat-Solar-Solar;
;TES-ktoe-Res-HH-Thermal-SH-DistrHeat-WH-Elc-NoSolar-Elec;
;TES-ktoe-Res-HH-Thermal-SH-DistrHeat-WH-Elc-Solar;
;TES-ktoe-Res-HH-Thermal-SH-DistrHeat-WH-Elc-Solar-Elec;
;TES-ktoe-Res-HH-Thermal-SH-DistrHeat-WH-Elc-Solar-Solar;
;TES-ktoe-Res-HH-Thermal-SH-DistrHeat-CO;
;TES-ktoe-Res-HH-Thermal-SH-DistrHeat-CO-LPG-LPG;
;TES-ktoe-Res-HH-Thermal-SH-DistrHeat-CO-Elc-Elec;
;TES-ktoe-Res-HH-Thermal-SH-AdvElc;
;TES-ktoe-Res-HH-Thermal-SH-AdvElc-SH;
;TES-ktoe-Res-HH-Thermal-SH-AdvElc-SH-Elec;
;TES-ktoe-Res-HH-Thermal-SH-AdvElc-SC;
;TES-ktoe-Res-HH-Thermal-SH-AdvElc-SC-AC-Elec;
;TES-ktoe-Res-HH-Thermal-SH-AdvElc-WH;
;TES-ktoe-Res-HH-Thermal-SH-AdvElc-WH-LPG-NoSolar-LPG;
;TES-ktoe-Res-HH-Thermal-SH-AdvElc-WH-LPG-Solar;
;TES-ktoe-Res-HH-Thermal-SH-AdvElc-WH-LPG-Solar-LPG;
;TES-ktoe-Res-HH-Thermal-SH-AdvElc-WH-LPG-Solar-Solar;
;TES-ktoe-Res-HH-Thermal-SH-AdvElc-WH-Elc-NoSolar-Elec;
;TES-ktoe-Res-HH-Thermal-SH-AdvElc-WH-Elc-Solar;
;TES-ktoe-Res-HH-Thermal-SH-AdvElc-WH-Elc-Solar-Elec;
;TES-ktoe-Res-HH-Thermal-SH-AdvElc-WH-Elc-Solar-Solar;
;TES-ktoe-Res-HH-Thermal-SH-AdvElc-CO;
;TES-ktoe-Res-HH-Thermal-SH-AdvElc-CO-LPG-LPG;
;TES-ktoe-Res-HH-Thermal-SH-AdvElc-CO-Elc-Elec;
;TES-ktoe-Res-HH-Thermal-SH-ConvElc;
;TES-ktoe-Res-HH-Thermal-SH-ConvElc-SH;
;TES-ktoe-Res-HH-Thermal-SH-ConvElc-SH-Elec;
;TES-ktoe-Res-HH-Thermal-SH-ConvElc-SC;
;TES-ktoe-Res-HH-Thermal-SH-ConvElc-SC-AC-Elec;
;TES-ktoe-Res-HH-Thermal-SH-ConvElc-WH;
;TES-ktoe-Res-HH-Thermal-SH-ConvElc-WH-LPG-NoSolar-LPG;
;TES-ktoe-Res-HH-Thermal-SH-ConvElc-WH-LPG-Solar;
;TES-ktoe-Res-HH-Thermal-SH-ConvElc-WH-LPG-Solar-LPG;
;TES-ktoe-Res-HH-Thermal-SH-ConvElc-WH-LPG-Solar-Solar;
;TES-ktoe-Res-HH-Thermal-SH-ConvElc-WH-Elc-NoSolar-Elec;
;TES-ktoe-Res-HH-Thermal-SH-ConvElc-WH-Elc-Solar;
;TES-ktoe-Res-HH-Thermal-SH-ConvElc-WH-Elc-Solar-Elec;
;TES-ktoe-Res-HH-Thermal-SH-ConvElc-WH-Elc-Solar-Solar;
;TES-ktoe-Res-HH-Thermal-SH-ConvElc-CO;
;TES-ktoe-Res-HH-Thermal-SH-ConvElc-CO-LPG-LPG;
;TES-ktoe-Res-HH-Thermal-SH-ConvElc-CO-Elc-Elec;
;Eff-ratio-Res-HH-Thermal-SH-Solids;
;Eff-ratio-Res-HH-Thermal-SH-Solids-SH;
;Eff-ratio-Res-HH-Thermal-SH-Solids-SH-Solids;
;Eff-ratio-Res-HH-Thermal-SH-Solids-SH-Elec;
;Eff-ratio-Res-HH-Thermal-SH-Solids-SC;
;Eff-ratio-Res-HH-Thermal-SH-Solids-SC-AC-Elec;
;Eff-ratio-Res-HH-Thermal-SH-Solids-WH;
;Eff-ratio-Res-HH-Thermal-SH-Solids-WH-Solids-NoSolar-Solids;
;Eff-ratio-Res-HH-Thermal-SH-Solids-WH-LPG-NoSolar-LPG;
;Eff-ratio-Res-HH-Thermal-SH-Solids-WH-LPG-Solar;
;Eff-ratio-Res-HH-Thermal-SH-Solids-WH-LPG-Solar-LPG;
;Eff-ratio-Res-HH-Thermal-SH-Solids-WH-LPG-Solar-Solar;
;Eff-ratio-Res-HH-Thermal-SH-Solids-WH-Elc-NoSolar-Elec;
;Eff-ratio-Res-HH-Thermal-SH-Solids-WH-Elc-Solar;
;Eff-ratio-Res-HH-Thermal-SH-Solids-WH-Elc-Solar-Elec;
;Eff-ratio-Res-HH-Thermal-SH-Solids-WH-Elc-Solar-Solar;
;Eff-ratio-Res-HH-Thermal-SH-Solids-CO;
;Eff-ratio-Res-HH-Thermal-SH-Solids-CO-Solids-Solids;
;Eff-ratio-Res-HH-Thermal-SH-Solids-CO-LPG-LPG;
;Eff-ratio-Res-HH-Thermal-SH-Solids-CO-Elc-Elec;
;Eff-ratio-Res-HH-Thermal-SH-LPG;
;Eff-ratio-Res-HH-Thermal-SH-LPG-SH;
;Eff-ratio-Res-HH-Thermal-SH-LPG-SH-LPG;
;Eff-ratio-Res-HH-Thermal-SH-LPG-SH-Elec;
;Eff-ratio-Res-HH-Thermal-SH-LPG-SC;
;Eff-ratio-Res-HH-Thermal-SH-LPG-SC-AC-Elec;
;Eff-ratio-Res-HH-Thermal-SH-LPG-WH;
;Eff-ratio-Res-HH-Thermal-SH-LPG-WH-LPG-NoSolar-LPG;
;Eff-ratio-Res-HH-Thermal-SH-LPG-WH-LPG-Solar;
;Eff-ratio-Res-HH-Thermal-SH-LPG-WH-LPG-Solar-LPG;
;Eff-ratio-Res-HH-Thermal-SH-LPG-WH-LPG-Solar-Solar;
;Eff-ratio-Res-HH-Thermal-SH-LPG-WH-Elc-NoSolar-Elec;
;Eff-ratio-Res-HH-Thermal-SH-LPG-WH-Elc-Solar;
;Eff-ratio-Res-HH-Thermal-SH-LPG-WH-Elc-Solar-Elec;
;Eff-ratio-Res-HH-Thermal-SH-LPG-WH-Elc-Solar-Solar;
;Eff-ratio-Res-HH-Thermal-SH-LPG-CO;
;Eff-ratio-Res-HH-Thermal-SH-LPG-CO-LPG-LPG;
;Eff-ratio-Res-HH-Thermal-SH-LPG-CO-Elc-Elec;
;Eff-ratio-Res-HH-Thermal-SH-Oil;
;Eff-ratio-Res-HH-Thermal-SH-Oil-SH;
;Eff-ratio-Res-HH-Thermal-SH-Oil-SH-Oil;
;Eff-ratio-Res-HH-Thermal-SH-Oil-SH-Elec;
;Eff-ratio-Res-HH-Thermal-SH-Oil-SC;
;Eff-ratio-Res-HH-Thermal-SH-Oil-SC-AC-Elec;
;Eff-ratio-Res-HH-Thermal-SH-Oil-WH;
;Eff-ratio-Res-HH-Thermal-SH-Oil-WH-Oil-NoSolar-Oil;
;Eff-ratio-Res-HH-Thermal-SH-Oil-WH-Oil-Solar;
;Eff-ratio-Res-HH-Thermal-SH-Oil-WH-Oil-Solar-Oil;
;Eff-ratio-Res-HH-Thermal-SH-Oil-WH-Oil-Solar-Solar;
;Eff-ratio-Res-HH-Thermal-SH-Oil-WH-Elc-NoSolar-Elec;
;Eff-ratio-Res-HH-Thermal-SH-Oil-WH-Elc-Solar;
;Eff-ratio-Res-HH-Thermal-SH-Oil-WH-Elc-Solar-Elec;
;Eff-ratio-Res-HH-Thermal-SH-Oil-WH-Elc-Solar-Solar;
;Eff-ratio-Res-HH-Thermal-SH-Oil-CO;
;Eff-ratio-Res-HH-Thermal-SH-Oil-CO-LPG-LPG;
;Eff-ratio-Res-HH-Thermal-SH-Oil-CO-Elc-Elec;
;Eff-ratio-Res-HH-Thermal-SH-Gas;
;Eff-ratio-Res-HH-Thermal-SH-Gas-SH;
;Eff-ratio-Res-HH-Thermal-SH-Gas-SH-Gas;
;Eff-ratio-Res-HH-Thermal-SH-Gas-SH-Elec;
;Eff-ratio-Res-HH-Thermal-SH-Gas-SC;
;Eff-ratio-Res-HH-Thermal-SH-Gas-SC-AC-Elec;
;Eff-ratio-Res-HH-Thermal-SH-Gas-WH;
;Eff-ratio-Res-HH-Thermal-SH-Gas-WH-Gas-NoSolar-Gas;
;Eff-ratio-Res-HH-Thermal-SH-Gas-WH-Gas-Solar;
;Eff-ratio-Res-HH-Thermal-SH-Gas-WH-Gas-Solar-Gas;
;Eff-ratio-Res-HH-Thermal-SH-Gas-WH-Gas-Solar-Solar;
;Eff-ratio-Res-HH-Thermal-SH-Gas-WH-Elc-NoSolar-Elec;
;Eff-ratio-Res-HH-Thermal-SH-Gas-WH-Elc-Solar;
;Eff-ratio-Res-HH-Thermal-SH-Gas-WH-Elc-Solar-Elec;
;Eff-ratio-Res-HH-Thermal-SH-Gas-WH-Elc-Solar-Solar;
;Eff-ratio-Res-HH-Thermal-SH-Gas-CO;
;Eff-ratio-Res-HH-Thermal-SH-Gas-CO-Gas-Gas;
;Eff-ratio-Res-HH-Thermal-SH-Gas-CO-Elc-Elec;
;Eff-ratio-Res-HH-Thermal-SH-Biomass;
;Eff-ratio-Res-HH-Thermal-SH-Biomass-SH;
;Eff-ratio-Res-HH-Thermal-SH-Biomass-SH-Biomass;
;Eff-ratio-Res-HH-Thermal-SH-Biomass-SH-Elec;
;Eff-ratio-Res-HH-Thermal-SH-Biomass-SC;
;Eff-ratio-Res-HH-Thermal-SH-Biomass-SC-AC-Elec;
;Eff-ratio-Res-HH-Thermal-SH-Biomass-WH;
;Eff-ratio-Res-HH-Thermal-SH-Biomass-WH-Biomass-NoSolar-Biomass;
;Eff-ratio-Res-HH-Thermal-SH-Biomass-WH-Biomass-Solar;
;Eff-ratio-Res-HH-Thermal-SH-Biomass-WH-Biomass-Solar-Biomass;
;Eff-ratio-Res-HH-Thermal-SH-Biomass-WH-Biomass-Solar-Solar;
;Eff-ratio-Res-HH-Thermal-SH-Biomass-WH-LPG-NoSolar-LPG;
;Eff-ratio-Res-HH-Thermal-SH-Biomass-WH-LPG-Solar;
;Eff-ratio-Res-HH-Thermal-SH-Biomass-WH-LPG-Solar-LPG;
;Eff-ratio-Res-HH-Thermal-SH-Biomass-WH-LPG-Solar-Solar;
;Eff-ratio-Res-HH-Thermal-SH-Biomass-WH-Elc-NoSolar-Elec;
;Eff-ratio-Res-HH-Thermal-SH-Biomass-WH-Elc-Solar;
;Eff-ratio-Res-HH-Thermal-SH-Biomass-WH-Elc-Solar-Elec;
;Eff-ratio-Res-HH-Thermal-SH-Biomass-WH-Elc-Solar-Solar;
;Eff-ratio-Res-HH-Thermal-SH-Biomass-CO;
;Eff-ratio-Res-HH-Thermal-SH-Biomass-CO-Biomass-Biomass;
;Eff-ratio-Res-HH-Thermal-SH-Biomass-CO-LPG-LPG;
;Eff-ratio-Res-HH-Thermal-SH-Biomass-CO-Elc-Elec;
;Eff-ratio-Res-HH-Thermal-SH-Geo;
;Eff-ratio-Res-HH-Thermal-SH-Geo-SH;
;Eff-ratio-Res-HH-Thermal-SH-Geo-SH-Geo;
;Eff-ratio-Res-HH-Thermal-SH-Geo-SH-Elec;
;Eff-ratio-Res-HH-Thermal-SH-Geo-SC;
;Eff-ratio-Res-HH-Thermal-SH-Geo-SC-AC-Elec;
;Eff-ratio-Res-HH-Thermal-SH-Geo-WH;
;Eff-ratio-Res-HH-Thermal-SH-Geo-WH-Geo-NoSolar-Geo;
;Eff-ratio-Res-HH-Thermal-SH-Geo-WH-Geo-Solar;
;Eff-ratio-Res-HH-Thermal-SH-Geo-WH-Geo-Solar-Geo;
;Eff-ratio-Res-HH-Thermal-SH-Geo-WH-Geo-Solar-Solar;
;Eff-ratio-Res-HH-Thermal-SH-Geo-WH-Elc-NoSolar-Elec;
;Eff-ratio-Res-HH-Thermal-SH-Geo-WH-Elc-Solar;
;Eff-ratio-Res-HH-Thermal-SH-Geo-WH-Elc-Solar-Elec;
;Eff-ratio-Res-HH-Thermal-SH-Geo-WH-Elc-Solar-Solar;
;Eff-ratio-Res-HH-Thermal-SH-Geo-CO;
;Eff-ratio-Res-HH-Thermal-SH-Geo-CO-LPG-LPG;
;Eff-ratio-Res-HH-Thermal-SH-Geo-CO-Elc-Elec;
;Eff-ratio-Res-HH-Thermal-SH-DistrHeat;
;Eff-ratio-Res-HH-Thermal-SH-DistrHeat-SH;
;Eff-ratio-Res-HH-Thermal-SH-DistrHeat-SH-Steam_Distr;
;Eff-ratio-Res-HH-Thermal-SH-DistrHeat-SH-Elec;
;Eff-ratio-Res-HH-Thermal-SH-DistrHeat-SC;
;Eff-ratio-Res-HH-Thermal-SH-DistrHeat-SC-AC-Elec;
;Eff-ratio-Res-HH-Thermal-SH-DistrHeat-WH;
;Eff-ratio-Res-HH-Thermal-SH-DistrHeat-WH-DistrHeat-NoSolar-Steam_Distr;
;Eff-ratio-Res-HH-Thermal-SH-DistrHeat-WH-DistrHeat-Solar;
;Eff-ratio-Res-HH-Thermal-SH-DistrHeat-WH-DistrHeat-Solar-Steam_Distr;
;Eff-ratio-Res-HH-Thermal-SH-DistrHeat-WH-DistrHeat-Solar-Solar;
;Eff-ratio-Res-HH-Thermal-SH-DistrHeat-WH-Elc-NoSolar-Elec;
;Eff-ratio-Res-HH-Thermal-SH-DistrHeat-WH-Elc-Solar;
;Eff-ratio-Res-HH-Thermal-SH-DistrHeat-WH-Elc-Solar-Elec;
;Eff-ratio-Res-HH-Thermal-SH-DistrHeat-WH-Elc-Solar-Solar;
;Eff-ratio-Res-HH-Thermal-SH-DistrHeat-CO;
;Eff-ratio-Res-HH-Thermal-SH-DistrHeat-CO-LPG-LPG;
;Eff-ratio-Res-HH-Thermal-SH-DistrHeat-CO-Elc-Elec;
;Eff-ratio-Res-HH-Thermal-SH-AdvElc;
;Eff-ratio-Res-HH-Thermal-SH-AdvElc-SH;
;Eff-ratio-Res-HH-Thermal-SH-AdvElc-SH-Elec;
;Eff-ratio-Res-HH-Thermal-SH-AdvElc-SC;
;Eff-ratio-Res-HH-Thermal-SH-AdvElc-SC-AC-Elec;
;Eff-ratio-Res-HH-Thermal-SH-AdvElc-WH;
;Eff-ratio-Res-HH-Thermal-SH-AdvElc-WH-LPG-NoSolar-LPG;
;Eff-ratio-Res-HH-Thermal-SH-AdvElc-WH-LPG-Solar;
;Eff-ratio-Res-HH-Thermal-SH-AdvElc-WH-LPG-Solar-LPG;
;Eff-ratio-Res-HH-Thermal-SH-AdvElc-WH-LPG-Solar-Solar;
;Eff-ratio-Res-HH-Thermal-SH-AdvElc-WH-Elc-NoSolar-Elec;
;Eff-ratio-Res-HH-Thermal-SH-AdvElc-WH-Elc-Solar;
;Eff-ratio-Res-HH-Thermal-SH-AdvElc-WH-Elc-Solar-Elec;
;Eff-ratio-Res-HH-Thermal-SH-AdvElc-WH-Elc-Solar-Solar;
;Eff-ratio-Res-HH-Thermal-SH-AdvElc-CO;
;Eff-ratio-Res-HH-Thermal-SH-AdvElc-CO-LPG-LPG;
;Eff-ratio-Res-HH-Thermal-SH-AdvElc-CO-Elc-Elec;
;Eff-ratio-Res-HH-Thermal-SH-ConvElc;
;Eff-ratio-Res-HH-Thermal-SH-ConvElc-SH;
;Eff-ratio-Res-HH-Thermal-SH-ConvElc-SH-Elec;
;Eff-ratio-Res-HH-Thermal-SH-ConvElc-SC;
;Eff-ratio-Res-HH-Thermal-SH-ConvElc-SC-AC-Elec;
;Eff-ratio-Res-HH-Thermal-SH-ConvElc-WH;
;Eff-ratio-Res-HH-Thermal-SH-ConvElc-WH-LPG-NoSolar-LPG;
;Eff-ratio-Res-HH-Thermal-SH-ConvElc-WH-LPG-Solar;
;Eff-ratio-Res-HH-Thermal-SH-ConvElc-WH-LPG-Solar-LPG;
;Eff-ratio-Res-HH-Thermal-SH-ConvElc-WH-LPG-Solar-Solar;
;Eff-ratio-Res-HH-Thermal-SH-ConvElc-WH-Elc-NoSolar-Elec;
;Eff-ratio-Res-HH-Thermal-SH-ConvElc-WH-Elc-Solar;
;Eff-ratio-Res-HH-Thermal-SH-ConvElc-WH-Elc-Solar-Elec;
;Eff-ratio-Res-HH-Thermal-SH-ConvElc-WH-Elc-Solar-Solar;
;Eff-ratio-Res-HH-Thermal-SH-ConvElc-CO;
;Eff-ratio-Res-HH-Thermal-SH-ConvElc-CO-LPG-LPG;
;Eff-ratio-Res-HH-Thermal-SH-ConvElc-CO-Elc-Elec;
;EMI-ktCO2-Res-HH-Thermal-SH-Solids;
;EMI-ktCO2-Res-HH-Thermal-SH-Solids-SH;
;EMI-ktCO2-Res-HH-Thermal-SH-Solids-SH-Solids;
;EMI-ktCO2-Res-HH-Thermal-SH-Solids-SH-Elec;
;EMI-ktCO2-Res-HH-Thermal-SH-Solids-SC;
;EMI-ktCO2-Res-HH-Thermal-SH-Solids-SC-AC-Elec;
;EMI-ktCO2-Res-HH-Thermal-SH-Solids-WH;
;EMI-ktCO2-Res-HH-Thermal-SH-Solids-WH-Solids-NoSolar-Solids;
;EMI-ktCO2-Res-HH-Thermal-SH-Solids-WH-LPG-NoSolar-LPG;
;EMI-ktCO2-Res-HH-Thermal-SH-Solids-WH-LPG-Solar;
;EMI-ktCO2-Res-HH-Thermal-SH-Solids-WH-LPG-Solar-LPG;
;EMI-ktCO2-Res-HH-Thermal-SH-Solids-WH-LPG-Solar-Solar;
;EMI-ktCO2-Res-HH-Thermal-SH-Solids-WH-Elc-NoSolar-Elec;
;EMI-ktCO2-Res-HH-Thermal-SH-Solids-WH-Elc-Solar;
;EMI-ktCO2-Res-HH-Thermal-SH-Solids-WH-Elc-Solar-Elec;
;EMI-ktCO2-Res-HH-Thermal-SH-Solids-WH-Elc-Solar-Solar;
;EMI-ktCO2-Res-HH-Thermal-SH-Solids-CO;
;EMI-ktCO2-Res-HH-Thermal-SH-Solids-CO-Solids-Solids;
;EMI-ktCO2-Res-HH-Thermal-SH-Solids-CO-LPG-LPG;
;EMI-ktCO2-Res-HH-Thermal-SH-Solids-CO-Elc-Elec;
;EMI-ktCO2-Res-HH-Thermal-SH-LPG;
;EMI-ktCO2-Res-HH-Thermal-SH-LPG-SH;
;EMI-ktCO2-Res-HH-Thermal-SH-LPG-SH-LPG;
;EMI-ktCO2-Res-HH-Thermal-SH-LPG-SH-Elec;
;EMI-ktCO2-Res-HH-Thermal-SH-LPG-SC;
;EMI-ktCO2-Res-HH-Thermal-SH-LPG-SC-AC-Elec;
;EMI-ktCO2-Res-HH-Thermal-SH-LPG-WH;
;EMI-ktCO2-Res-HH-Thermal-SH-LPG-WH-LPG-NoSolar-LPG;
;EMI-ktCO2-Res-HH-Thermal-SH-LPG-WH-LPG-Solar;
;EMI-ktCO2-Res-HH-Thermal-SH-LPG-WH-LPG-Solar-LPG;
;EMI-ktCO2-Res-HH-Thermal-SH-LPG-WH-LPG-Solar-Solar;
;EMI-ktCO2-Res-HH-Thermal-SH-LPG-WH-Elc-NoSolar-Elec;
;EMI-ktCO2-Res-HH-Thermal-SH-LPG-WH-Elc-Solar;
;EMI-ktCO2-Res-HH-Thermal-SH-LPG-WH-Elc-Solar-Elec;
;EMI-ktCO2-Res-HH-Thermal-SH-LPG-WH-Elc-Solar-Solar;
;EMI-ktCO2-Res-HH-Thermal-SH-LPG-CO;
;EMI-ktCO2-Res-HH-Thermal-SH-LPG-CO-LPG-LPG;
;EMI-ktCO2-Res-HH-Thermal-SH-LPG-CO-Elc-Elec;
;EMI-ktCO2-Res-HH-Thermal-SH-Oil;
;EMI-ktCO2-Res-HH-Thermal-SH-Oil-SH;
;EMI-ktCO2-Res-HH-Thermal-SH-Oil-SH-Oil;
;EMI-ktCO2-Res-HH-Thermal-SH-Oil-SH-Elec;
;EMI-ktCO2-Res-HH-Thermal-SH-Oil-SC;
;EMI-ktCO2-Res-HH-Thermal-SH-Oil-SC-AC-Elec;
;EMI-ktCO2-Res-HH-Thermal-SH-Oil-WH;
;EMI-ktCO2-Res-HH-Thermal-SH-Oil-WH-Oil-NoSolar-Oil;
;EMI-ktCO2-Res-HH-Thermal-SH-Oil-WH-Oil-Solar;
;EMI-ktCO2-Res-HH-Thermal-SH-Oil-WH-Oil-Solar-Oil;
;EMI-ktCO2-Res-HH-Thermal-SH-Oil-WH-Oil-Solar-Solar;
;EMI-ktCO2-Res-HH-Thermal-SH-Oil-WH-Elc-NoSolar-Elec;
;EMI-ktCO2-Res-HH-Thermal-SH-Oil-WH-Elc-Solar;
;EMI-ktCO2-Res-HH-Thermal-SH-Oil-WH-Elc-Solar-Elec;
;EMI-ktCO2-Res-HH-Thermal-SH-Oil-WH-Elc-Solar-Solar;
;EMI-ktCO2-Res-HH-Thermal-SH-Oil-CO;
;EMI-ktCO2-Res-HH-Thermal-SH-Oil-CO-LPG-LPG;
;EMI-ktCO2-Res-HH-Thermal-SH-Oil-CO-Elc-Elec;
;EMI-ktCO2-Res-HH-Thermal-SH-Gas;
;EMI-ktCO2-Res-HH-Thermal-SH-Gas-SH;
;EMI-ktCO2-Res-HH-Thermal-SH-Gas-SH-Gas;
;EMI-ktCO2-Res-HH-Thermal-SH-Gas-SH-Elec;
;EMI-ktCO2-Res-HH-Thermal-SH-Gas-SC;
;EMI-ktCO2-Res-HH-Thermal-SH-Gas-SC-AC-Elec;
;EMI-ktCO2-Res-HH-Thermal-SH-Gas-WH;
;EMI-ktCO2-Res-HH-Thermal-SH-Gas-WH-Gas-NoSolar-Gas;
;EMI-ktCO2-Res-HH-Thermal-SH-Gas-WH-Gas-Solar;
;EMI-ktCO2-Res-HH-Thermal-SH-Gas-WH-Gas-Solar-Gas;
;EMI-ktCO2-Res-HH-Thermal-SH-Gas-WH-Gas-Solar-Solar;
;EMI-ktCO2-Res-HH-Thermal-SH-Gas-WH-Elc-NoSolar-Elec;
;EMI-ktCO2-Res-HH-Thermal-SH-Gas-WH-Elc-Solar;
;EMI-ktCO2-Res-HH-Thermal-SH-Gas-WH-Elc-Solar-Elec;
;EMI-ktCO2-Res-HH-Thermal-SH-Gas-WH-Elc-Solar-Solar;
;EMI-ktCO2-Res-HH-Thermal-SH-Gas-CO;
;EMI-ktCO2-Res-HH-Thermal-SH-Gas-CO-Gas-Gas;
;EMI-ktCO2-Res-HH-Thermal-SH-Gas-CO-Elc-Elec;
;EMI-ktCO2-Res-HH-Thermal-SH-Biomass;
;EMI-ktCO2-Res-HH-Thermal-SH-Biomass-SH;
;EMI-ktCO2-Res-HH-Thermal-SH-Biomass-SH-Biomass;
;EMI-ktCO2-Res-HH-Thermal-SH-Biomass-SH-Elec;
;EMI-ktCO2-Res-HH-Thermal-SH-Biomass-SC;
;EMI-ktCO2-Res-HH-Thermal-SH-Biomass-SC-AC-Elec;
;EMI-ktCO2-Res-HH-Thermal-SH-Biomass-WH;
;EMI-ktCO2-Res-HH-Thermal-SH-Biomass-WH-Biomass-NoSolar-Biomass;
;EMI-ktCO2-Res-HH-Thermal-SH-Biomass-WH-Biomass-Solar;
;EMI-ktCO2-Res-HH-Thermal-SH-Biomass-WH-Biomass-Solar-Biomass;
;EMI-ktCO2-Res-HH-Thermal-SH-Biomass-WH-Biomass-Solar-Solar;
;EMI-ktCO2-Res-HH-Thermal-SH-Biomass-WH-LPG-NoSolar-LPG;
;EMI-ktCO2-Res-HH-Thermal-SH-Biomass-WH-LPG-Solar;
;EMI-ktCO2-Res-HH-Thermal-SH-Biomass-WH-LPG-Solar-LPG;
;EMI-ktCO2-Res-HH-Thermal-SH-Biomass-WH-LPG-Solar-Solar;
;EMI-ktCO2-Res-HH-Thermal-SH-Biomass-WH-Elc-NoSolar-Elec;
;EMI-ktCO2-Res-HH-Thermal-SH-Biomass-WH-Elc-Solar;
;EMI-ktCO2-Res-HH-Thermal-SH-Biomass-WH-Elc-Solar-Elec;
;EMI-ktCO2-Res-HH-Thermal-SH-Biomass-WH-Elc-Solar-Solar;
;EMI-ktCO2-Res-HH-Thermal-SH-Biomass-CO;
;EMI-ktCO2-Res-HH-Thermal-SH-Biomass-CO-Biomass-Biomass;
;EMI-ktCO2-Res-HH-Thermal-SH-Biomass-CO-LPG-LPG;
;EMI-ktCO2-Res-HH-Thermal-SH-Biomass-CO-Elc-Elec;
;EMI-ktCO2-Res-HH-Thermal-SH-Geo;
;EMI-ktCO2-Res-HH-Thermal-SH-Geo-SH;
;EMI-ktCO2-Res-HH-Thermal-SH-Geo-SH-Geo;
;EMI-ktCO2-Res-HH-Thermal-SH-Geo-SH-Elec;
;EMI-ktCO2-Res-HH-Thermal-SH-Geo-SC;
;EMI-ktCO2-Res-HH-Thermal-SH-Geo-SC-AC-Elec;
;EMI-ktCO2-Res-HH-Thermal-SH-Geo-WH;
;EMI-ktCO2-Res-HH-Thermal-SH-Geo-WH-Geo-NoSolar-Geo;
;EMI-ktCO2-Res-HH-Thermal-SH-Geo-WH-Geo-Solar;
;EMI-ktCO2-Res-HH-Thermal-SH-Geo-WH-Geo-Solar-Geo;
;EMI-ktCO2-Res-HH-Thermal-SH-Geo-WH-Geo-Solar-Solar;
;EMI-ktCO2-Res-HH-Thermal-SH-Geo-WH-Elc-NoSolar-Elec;
;EMI-ktCO2-Res-HH-Thermal-SH-Geo-WH-Elc-Solar;
;EMI-ktCO2-Res-HH-Thermal-SH-Geo-WH-Elc-Solar-Elec;
;EMI-ktCO2-Res-HH-Thermal-SH-Geo-WH-Elc-Solar-Solar;
;EMI-ktCO2-Res-HH-Thermal-SH-Geo-CO;
;EMI-ktCO2-Res-HH-Thermal-SH-Geo-CO-LPG-LPG;
;EMI-ktCO2-Res-HH-Thermal-SH-Geo-CO-Elc-Elec;
;EMI-ktCO2-Res-HH-Thermal-SH-DistrHeat;
;EMI-ktCO2-Res-HH-Thermal-SH-DistrHeat-SH;
;EMI-ktCO2-Res-HH-Thermal-SH-DistrHeat-SH-Steam_Distr;
;EMI-ktCO2-Res-HH-Thermal-SH-DistrHeat-SH-Elec;
;EMI-ktCO2-Res-HH-Thermal-SH-DistrHeat-SC;
;EMI-ktCO2-Res-HH-Thermal-SH-DistrHeat-SC-AC-Elec;
;EMI-ktCO2-Res-HH-Thermal-SH-DistrHeat-WH;
;EMI-ktCO2-Res-HH-Thermal-SH-DistrHeat-WH-DistrHeat-NoSolar-Steam_Distr;
;EMI-ktCO2-Res-HH-Thermal-SH-DistrHeat-WH-DistrHeat-Solar;
;EMI-ktCO2-Res-HH-Thermal-SH-DistrHeat-WH-DistrHeat-Solar-Steam_Distr;
;EMI-ktCO2-Res-HH-Thermal-SH-DistrHeat-WH-DistrHeat-Solar-Solar;
;EMI-ktCO2-Res-HH-Thermal-SH-DistrHeat-WH-Elc-NoSolar-Elec;
;EMI-ktCO2-Res-HH-Thermal-SH-DistrHeat-WH-Elc-Solar;
;EMI-ktCO2-Res-HH-Thermal-SH-DistrHeat-WH-Elc-Solar-Elec;
;EMI-ktCO2-Res-HH-Thermal-SH-DistrHeat-WH-Elc-Solar-Solar;
;EMI-ktCO2-Res-HH-Thermal-SH-DistrHeat-CO;
;EMI-ktCO2-Res-HH-Thermal-SH-DistrHeat-CO-LPG-LPG;
;EMI-ktCO2-Res-HH-Thermal-SH-DistrHeat-CO-Elc-Elec;
;EMI-ktCO2-Res-HH-Thermal-SH-AdvElc;
;EMI-ktCO2-Res-HH-Thermal-SH-AdvElc-SH;
;EMI-ktCO2-Res-HH-Thermal-SH-AdvElc-SH-Elec;
;EMI-ktCO2-Res-HH-Thermal-SH-AdvElc-SC;
;EMI-ktCO2-Res-HH-Thermal-SH-AdvElc-SC-AC-Elec;
;EMI-ktCO2-Res-HH-Thermal-SH-AdvElc-WH;
;EMI-ktCO2-Res-HH-Thermal-SH-AdvElc-WH-LPG-NoSolar-LPG;
;EMI-ktCO2-Res-HH-Thermal-SH-AdvElc-WH-LPG-Solar;
;EMI-ktCO2-Res-HH-Thermal-SH-AdvElc-WH-LPG-Solar-LPG;
;EMI-ktCO2-Res-HH-Thermal-SH-AdvElc-WH-LPG-Solar-Solar;
;EMI-ktCO2-Res-HH-Thermal-SH-AdvElc-WH-Elc-NoSolar-Elec;
;EMI-ktCO2-Res-HH-Thermal-SH-AdvElc-WH-Elc-Solar;
;EMI-ktCO2-Res-HH-Thermal-SH-AdvElc-WH-Elc-Solar-Elec;
;EMI-ktCO2-Res-HH-Thermal-SH-AdvElc-WH-Elc-Solar-Solar;
;EMI-ktCO2-Res-HH-Thermal-SH-AdvElc-CO;
;EMI-ktCO2-Res-HH-Thermal-SH-AdvElc-CO-LPG-LPG;
;EMI-ktCO2-Res-HH-Thermal-SH-AdvElc-CO-Elc-Elec;
;EMI-ktCO2-Res-HH-Thermal-SH-ConvElc;
;EMI-ktCO2-Res-HH-Thermal-SH-ConvElc-SH;
;EMI-ktCO2-Res-HH-Thermal-SH-ConvElc-SH-Elec;
;EMI-ktCO2-Res-HH-Thermal-SH-ConvElc-SC;
;EMI-ktCO2-Res-HH-Thermal-SH-ConvElc-SC-AC-Elec;
;EMI-ktCO2-Res-HH-Thermal-SH-ConvElc-WH;
;EMI-ktCO2-Res-HH-Thermal-SH-ConvElc-WH-LPG-NoSolar-LPG;
;EMI-ktCO2-Res-HH-Thermal-SH-ConvElc-WH-LPG-Solar;
;EMI-ktCO2-Res-HH-Thermal-SH-ConvElc-WH-LPG-Solar-LPG;
;EMI-ktCO2-Res-HH-Thermal-SH-ConvElc-WH-LPG-Solar-Solar;
;EMI-ktCO2-Res-HH-Thermal-SH-ConvElc-WH-Elc-NoSolar-Elec;
;EMI-ktCO2-Res-HH-Thermal-SH-ConvElc-WH-Elc-Solar;
;EMI-ktCO2-Res-HH-Thermal-SH-ConvElc-WH-Elc-Solar-Elec;
;EMI-ktCO2-Res-HH-Thermal-SH-ConvElc-WH-Elc-Solar-Solar;
;EMI-ktCO2-Res-HH-Thermal-SH-ConvElc-CO;
;EMI-ktCO2-Res-HH-Thermal-SH-ConvElc-CO-LPG-LPG;
;EMI-ktCO2-Res-HH-Thermal-SH-ConvElc-CO-Elc-Elec;
;FEC_per_household-kWh-Res-HH-Thermal-SH-Solids;
;FEC_per_household-kWh-Res-HH-Thermal-SH-Solids-SH;
;FEC_per_household-kWh-Res-HH-Thermal-SH-Solids-SH-Solids;
;FEC_per_household-kWh-Res-HH-Thermal-SH-Solids-SH-Elec;
;FEC_per_household-kWh-Res-HH-Thermal-SH-Solids-SC;
;FEC_per_household-kWh-Res-HH-Thermal-SH-Solids-SC-AC-Elec;
;FEC_per_household-kWh-Res-HH-Thermal-SH-Solids-WH;
;FEC_per_household-kWh-Res-HH-Thermal-SH-Solids-WH-Solids-NoSolar-Solids;
;FEC_per_household-kWh-Res-HH-Thermal-SH-Solids-WH-LPG-NoSolar-LPG;
;FEC_per_household-kWh-Res-HH-Thermal-SH-Solids-WH-LPG-Solar;
;FEC_per_household-kWh-Res-HH-Thermal-SH-Solids-WH-LPG-Solar-LPG;
;FEC_per_household-kWh-Res-HH-Thermal-SH-Solids-WH-LPG-Solar-Solar;
;FEC_per_household-kWh-Res-HH-Thermal-SH-Solids-WH-Elc-NoSolar-Elec;
;FEC_per_household-kWh-Res-HH-Thermal-SH-Solids-WH-Elc-Solar;
;FEC_per_household-kWh-Res-HH-Thermal-SH-Solids-WH-Elc-Solar-Elec;
;FEC_per_household-kWh-Res-HH-Thermal-SH-Solids-WH-Elc-Solar-Solar;
;FEC_per_household-kWh-Res-HH-Thermal-SH-Solids-CO;
;FEC_per_household-kWh-Res-HH-Thermal-SH-Solids-CO-Solids-Solids;
;FEC_per_household-kWh-Res-HH-Thermal-SH-Solids-CO-LPG-LPG;
;FEC_per_household-kWh-Res-HH-Thermal-SH-Solids-CO-Elc-Elec;
;FEC_per_household-kWh-Res-HH-Thermal-SH-LPG;
;FEC_per_household-kWh-Res-HH-Thermal-SH-LPG-SH;
;FEC_per_household-kWh-Res-HH-Thermal-SH-LPG-SH-LPG;
;FEC_per_household-kWh-Res-HH-Thermal-SH-LPG-SH-Elec;
;FEC_per_household-kWh-Res-HH-Thermal-SH-LPG-SC;
;FEC_per_household-kWh-Res-HH-Thermal-SH-LPG-SC-AC-Elec;
;FEC_per_household-kWh-Res-HH-Thermal-SH-LPG-WH;
;FEC_per_household-kWh-Res-HH-Thermal-SH-LPG-WH-LPG-NoSolar-LPG;
;FEC_per_household-kWh-Res-HH-Thermal-SH-LPG-WH-LPG-Solar;
;FEC_per_household-kWh-Res-HH-Thermal-SH-LPG-WH-LPG-Solar-LPG;
;FEC_per_household-kWh-Res-HH-Thermal-SH-LPG-WH-LPG-Solar-Solar;
;FEC_per_household-kWh-Res-HH-Thermal-SH-LPG-WH-Elc-NoSolar-Elec;
;FEC_per_household-kWh-Res-HH-Thermal-SH-LPG-WH-Elc-Solar;
;FEC_per_household-kWh-Res-HH-Thermal-SH-LPG-WH-Elc-Solar-Elec;
;FEC_per_household-kWh-Res-HH-Thermal-SH-LPG-WH-Elc-Solar-Solar;
;FEC_per_household-kWh-Res-HH-Thermal-SH-LPG-CO;
;FEC_per_household-kWh-Res-HH-Thermal-SH-LPG-CO-LPG-LPG;
;FEC_per_household-kWh-Res-HH-Thermal-SH-LPG-CO-Elc-Elec;
;FEC_per_household-kWh-Res-HH-Thermal-SH-Oil;
;FEC_per_household-kWh-Res-HH-Thermal-SH-Oil-SH;
;FEC_per_household-kWh-Res-HH-Thermal-SH-Oil-SH-Oil;
;FEC_per_household-kWh-Res-HH-Thermal-SH-Oil-SH-Elec;
;FEC_per_household-kWh-Res-HH-Thermal-SH-Oil-SC;
;FEC_per_household-kWh-Res-HH-Thermal-SH-Oil-SC-AC-Elec;
;FEC_per_household-kWh-Res-HH-Thermal-SH-Oil-WH;
;FEC_per_household-kWh-Res-HH-Thermal-SH-Oil-WH-Oil-NoSolar-Oil;
;FEC_per_household-kWh-Res-HH-Thermal-SH-Oil-WH-Oil-Solar;
;FEC_per_household-kWh-Res-HH-Thermal-SH-Oil-WH-Oil-Solar-Oil;
;FEC_per_household-kWh-Res-HH-Thermal-SH-Oil-WH-Oil-Solar-Solar;
;FEC_per_household-kWh-Res-HH-Thermal-SH-Oil-WH-Elc-NoSolar-Elec;
;FEC_per_household-kWh-Res-HH-Thermal-SH-Oil-WH-Elc-Solar;
;FEC_per_household-kWh-Res-HH-Thermal-SH-Oil-WH-Elc-Solar-Elec;
;FEC_per_household-kWh-Res-HH-Thermal-SH-Oil-WH-Elc-Solar-Solar;
;FEC_per_household-kWh-Res-HH-Thermal-SH-Oil-CO;
;FEC_per_household-kWh-Res-HH-Thermal-SH-Oil-CO-LPG-LPG;
;FEC_per_household-kWh-Res-HH-Thermal-SH-Oil-CO-Elc-Elec;
;FEC_per_household-kWh-Res-HH-Thermal-SH-Gas;
;FEC_per_household-kWh-Res-HH-Thermal-SH-Gas-SH;
;FEC_per_household-kWh-Res-HH-Thermal-SH-Gas-SH-Gas;
;FEC_per_household-kWh-Res-HH-Thermal-SH-Gas-SH-Elec;
;FEC_per_household-kWh-Res-HH-Thermal-SH-Gas-SC;
;FEC_per_household-kWh-Res-HH-Thermal-SH-Gas-SC-AC-Elec;
;FEC_per_household-kWh-Res-HH-Thermal-SH-Gas-WH;
;FEC_per_household-kWh-Res-HH-Thermal-SH-Gas-WH-Gas-NoSolar-Gas;
;FEC_per_household-kWh-Res-HH-Thermal-SH-Gas-WH-Gas-Solar;
;FEC_per_household-kWh-Res-HH-Thermal-SH-Gas-WH-Gas-Solar-Gas;
;FEC_per_household-kWh-Res-HH-Thermal-SH-Gas-WH-Gas-Solar-Solar;
;FEC_per_household-kWh-Res-HH-Thermal-SH-Gas-WH-Elc-NoSolar-Elec;
;FEC_per_household-kWh-Res-HH-Thermal-SH-Gas-WH-Elc-Solar;
;FEC_per_household-kWh-Res-HH-Thermal-SH-Gas-WH-Elc-Solar-Elec;
;FEC_per_household-kWh-Res-HH-Thermal-SH-Gas-WH-Elc-Solar-Solar;
;FEC_per_household-kWh-Res-HH-Thermal-SH-Gas-CO;
;FEC_per_household-kWh-Res-HH-Thermal-SH-Gas-CO-Gas-Gas;
;FEC_per_household-kWh-Res-HH-Thermal-SH-Gas-CO-Elc-Elec;
;FEC_per_household-kWh-Res-HH-Thermal-SH-Biomass;
;FEC_per_household-kWh-Res-HH-Thermal-SH-Biomass-SH;
;FEC_per_household-kWh-Res-HH-Thermal-SH-Biomass-SH-Biomass;
;FEC_per_household-kWh-Res-HH-Thermal-SH-Biomass-SH-Elec;
;FEC_per_household-kWh-Res-HH-Thermal-SH-Biomass-SC;
;FEC_per_household-kWh-Res-HH-Thermal-SH-Biomass-SC-AC-Elec;
;FEC_per_household-kWh-Res-HH-Thermal-SH-Biomass-WH;
;FEC_per_household-kWh-Res-HH-Thermal-SH-Biomass-WH-Biomass-NoSolar-Biomass;
;FEC_per_household-kWh-Res-HH-Thermal-SH-Biomass-WH-Biomass-Solar;
;FEC_per_household-kWh-Res-HH-Thermal-SH-Biomass-WH-Biomass-Solar-Biomass;
;FEC_per_household-kWh-Res-HH-Thermal-SH-Biomass-WH-Biomass-Solar-Solar;
;FEC_per_household-kWh-Res-HH-Thermal-SH-Biomass-WH-LPG-NoSolar-LPG;
;FEC_per_household-kWh-Res-HH-Thermal-SH-Biomass-WH-LPG-Solar;
;FEC_per_household-kWh-Res-HH-Thermal-SH-Biomass-WH-LPG-Solar-LPG;
;FEC_per_household-kWh-Res-HH-Thermal-SH-Biomass-WH-LPG-Solar-Solar;
;FEC_per_household-kWh-Res-HH-Thermal-SH-Biomass-WH-Elc-NoSolar-Elec;
;FEC_per_household-kWh-Res-HH-Thermal-SH-Biomass-WH-Elc-Solar;
;FEC_per_household-kWh-Res-HH-Thermal-SH-Biomass-WH-Elc-Solar-Elec;
;FEC_per_household-kWh-Res-HH-Thermal-SH-Biomass-WH-Elc-Solar-Solar;
;FEC_per_household-kWh-Res-HH-Thermal-SH-Biomass-CO;
;FEC_per_household-kWh-Res-HH-Thermal-SH-Biomass-CO-Biomass-Biomass;
;FEC_per_household-kWh-Res-HH-Thermal-SH-Biomass-CO-LPG-LPG;
;FEC_per_household-kWh-Res-HH-Thermal-SH-Biomass-CO-Elc-Elec;
;FEC_per_household-kWh-Res-HH-Thermal-SH-Geo;
;FEC_per_household-kWh-Res-HH-Thermal-SH-Geo-SH;
;FEC_per_household-kWh-Res-HH-Thermal-SH-Geo-SH-Geo;
;FEC_per_household-kWh-Res-HH-Thermal-SH-Geo-SH-Elec;
;FEC_per_household-kWh-Res-HH-Thermal-SH-Geo-SC;
;FEC_per_household-kWh-Res-HH-Thermal-SH-Geo-SC-AC-Elec;
;FEC_per_household-kWh-Res-HH-Thermal-SH-Geo-WH;
;FEC_per_household-kWh-Res-HH-Thermal-SH-Geo-WH-Geo-NoSolar-Geo;
;FEC_per_household-kWh-Res-HH-Thermal-SH-Geo-WH-Geo-Solar;
;FEC_per_household-kWh-Res-HH-Thermal-SH-Geo-WH-Geo-Solar-Geo;
;FEC_per_household-kWh-Res-HH-Thermal-SH-Geo-WH-Geo-Solar-Solar;
;FEC_per_household-kWh-Res-HH-Thermal-SH-Geo-WH-Elc-NoSolar-Elec;
;FEC_per_household-kWh-Res-HH-Thermal-SH-Geo-WH-Elc-Solar;
;FEC_per_household-kWh-Res-HH-Thermal-SH-Geo-WH-Elc-Solar-Elec;
;FEC_per_household-kWh-Res-HH-Thermal-SH-Geo-WH-Elc-Solar-Solar;
;FEC_per_household-kWh-Res-HH-Thermal-SH-Geo-CO;
;FEC_per_household-kWh-Res-HH-Thermal-SH-Geo-CO-LPG-LPG;
;FEC_per_household-kWh-Res-HH-Thermal-SH-Geo-CO-Elc-Elec;
;FEC_per_household-kWh-Res-HH-Thermal-SH-DistrHeat;
;FEC_per_household-kWh-Res-HH-Thermal-SH-DistrHeat-SH;
;FEC_per_household-kWh-Res-HH-Thermal-SH-DistrHeat-SH-Steam_Distr;
;FEC_per_household-kWh-Res-HH-Thermal-SH-DistrHeat-SH-Elec;
;FEC_per_household-kWh-Res-HH-Thermal-SH-DistrHeat-SC;
;FEC_per_household-kWh-Res-HH-Thermal-SH-DistrHeat-SC-AC-Elec;
;FEC_per_household-kWh-Res-HH-Thermal-SH-DistrHeat-WH;
;FEC_per_household-kWh-Res-HH-Thermal-SH-DistrHeat-WH-DistrHeat-NoSolar-Steam_Distr;
;FEC_per_household-kWh-Res-HH-Thermal-SH-DistrHeat-WH-DistrHeat-Solar;
;FEC_per_household-kWh-Res-HH-Thermal-SH-DistrHeat-WH-DistrHeat-Solar-Steam_Distr;
;FEC_per_household-kWh-Res-HH-Thermal-SH-DistrHeat-WH-DistrHeat-Solar-Solar;
;FEC_per_household-kWh-Res-HH-Thermal-SH-DistrHeat-WH-Elc-NoSolar-Elec;
;FEC_per_household-kWh-Res-HH-Thermal-SH-DistrHeat-WH-Elc-Solar;
;FEC_per_household-kWh-Res-HH-Thermal-SH-DistrHeat-WH-Elc-Solar-Elec;
;FEC_per_household-kWh-Res-HH-Thermal-SH-DistrHeat-WH-Elc-Solar-Solar;
;FEC_per_household-kWh-Res-HH-Thermal-SH-DistrHeat-CO;
;FEC_per_household-kWh-Res-HH-Thermal-SH-DistrHeat-CO-LPG-LPG;
;FEC_per_household-kWh-Res-HH-Thermal-SH-DistrHeat-CO-Elc-Elec;
;FEC_per_household-kWh-Res-HH-Thermal-SH-AdvElc;
;FEC_per_household-kWh-Res-HH-Thermal-SH-AdvElc-SH;
;FEC_per_household-kWh-Res-HH-Thermal-SH-AdvElc-SH-Elec;
;FEC_per_household-kWh-Res-HH-Thermal-SH-AdvElc-SC;
;FEC_per_household-kWh-Res-HH-Thermal-SH-AdvElc-SC-AC-Elec;
;FEC_per_household-kWh-Res-HH-Thermal-SH-AdvElc-WH;
;FEC_per_household-kWh-Res-HH-Thermal-SH-AdvElc-WH-LPG-NoSolar-LPG;
;FEC_per_household-kWh-Res-HH-Thermal-SH-AdvElc-WH-LPG-Solar;
;FEC_per_household-kWh-Res-HH-Thermal-SH-AdvElc-WH-LPG-Solar-LPG;
;FEC_per_household-kWh-Res-HH-Thermal-SH-AdvElc-WH-LPG-Solar-Solar;
;FEC_per_household-kWh-Res-HH-Thermal-SH-AdvElc-WH-Elc-NoSolar-Elec;
;FEC_per_household-kWh-Res-HH-Thermal-SH-AdvElc-WH-Elc-Solar;
;FEC_per_household-kWh-Res-HH-Thermal-SH-AdvElc-WH-Elc-Solar-Elec;
;FEC_per_household-kWh-Res-HH-Thermal-SH-AdvElc-WH-Elc-Solar-Solar;
;FEC_per_household-kWh-Res-HH-Thermal-SH-AdvElc-CO;
;FEC_per_household-kWh-Res-HH-Thermal-SH-AdvElc-CO-LPG-LPG;
;FEC_per_household-kWh-Res-HH-Thermal-SH-AdvElc-CO-Elc-Elec;
;FEC_per_household-kWh-Res-HH-Thermal-SH-ConvElc;
;FEC_per_household-kWh-Res-HH-Thermal-SH-ConvElc-SH;
;FEC_per_household-kWh-Res-HH-Thermal-SH-ConvElc-SH-Elec;
;FEC_per_household-kWh-Res-HH-Thermal-SH-ConvElc-SC;
;FEC_per_household-kWh-Res-HH-Thermal-SH-ConvElc-SC-AC-Elec;
;FEC_per_household-kWh-Res-HH-Thermal-SH-ConvElc-WH;
;FEC_per_household-kWh-Res-HH-Thermal-SH-ConvElc-WH-LPG-NoSolar-LPG;
;FEC_per_household-kWh-Res-HH-Thermal-SH-ConvElc-WH-LPG-Solar;
;FEC_per_household-kWh-Res-HH-Thermal-SH-ConvElc-WH-LPG-Solar-LPG;
;FEC_per_household-kWh-Res-HH-Thermal-SH-ConvElc-WH-LPG-Solar-Solar;
;FEC_per_household-kWh-Res-HH-Thermal-SH-ConvElc-WH-Elc-NoSolar-Elec;
;FEC_per_household-kWh-Res-HH-Thermal-SH-ConvElc-WH-Elc-Solar;
;FEC_per_household-kWh-Res-HH-Thermal-SH-ConvElc-WH-Elc-Solar-Elec;
;FEC_per_household-kWh-Res-HH-Thermal-SH-ConvElc-WH-Elc-Solar-Solar;
;FEC_per_household-kWh-Res-HH-Thermal-SH-ConvElc-CO;
;FEC_per_household-kWh-Res-HH-Thermal-SH-ConvElc-CO-LPG-LPG;
;FEC_per_household-kWh-Res-HH-Thermal-SH-ConvElc-CO-Elc-Elec;
;TES_per_household-kWh-Res-HH-Thermal-SH-Solids;
;TES_per_household-kWh-Res-HH-Thermal-SH-Solids-SH;
;TES_per_household-kWh-Res-HH-Thermal-SH-Solids-SH-Solids;
;TES_per_household-kWh-Res-HH-Thermal-SH-Solids-SH-Elec;
;TES_per_household-kWh-Res-HH-Thermal-SH-Solids-SC;
;TES_per_household-kWh-Res-HH-Thermal-SH-Solids-SC-AC-Elec;
;TES_per_household-kWh-Res-HH-Thermal-SH-Solids-WH;
;TES_per_household-kWh-Res-HH-Thermal-SH-Solids-WH-Solids-NoSolar-Solids;
;TES_per_household-kWh-Res-HH-Thermal-SH-Solids-WH-LPG-NoSolar-LPG;
;TES_per_household-kWh-Res-HH-Thermal-SH-Solids-WH-LPG-Solar;
;TES_per_household-kWh-Res-HH-Thermal-SH-Solids-WH-LPG-Solar-LPG;
;TES_per_household-kWh-Res-HH-Thermal-SH-Solids-WH-LPG-Solar-Solar;
;TES_per_household-kWh-Res-HH-Thermal-SH-Solids-WH-Elc-NoSolar-Elec;
;TES_per_household-kWh-Res-HH-Thermal-SH-Solids-WH-Elc-Solar;
;TES_per_household-kWh-Res-HH-Thermal-SH-Solids-WH-Elc-Solar-Elec;
;TES_per_household-kWh-Res-HH-Thermal-SH-Solids-WH-Elc-Solar-Solar;
;TES_per_household-kWh-Res-HH-Thermal-SH-Solids-CO;
;TES_per_household-kWh-Res-HH-Thermal-SH-Solids-CO-Solids-Solids;
;TES_per_household-kWh-Res-HH-Thermal-SH-Solids-CO-LPG-LPG;
;TES_per_household-kWh-Res-HH-Thermal-SH-Solids-CO-Elc-Elec;
;TES_per_household-kWh-Res-HH-Thermal-SH-LPG;
;TES_per_household-kWh-Res-HH-Thermal-SH-LPG-SH;
;TES_per_household-kWh-Res-HH-Thermal-SH-LPG-SH-LPG;
;TES_per_household-kWh-Res-HH-Thermal-SH-LPG-SH-Elec;
;TES_per_household-kWh-Res-HH-Thermal-SH-LPG-SC;
;TES_per_household-kWh-Res-HH-Thermal-SH-LPG-SC-AC-Elec;
;TES_per_household-kWh-Res-HH-Thermal-SH-LPG-WH;
;TES_per_household-kWh-Res-HH-Thermal-SH-LPG-WH-LPG-NoSolar-LPG;
;TES_per_household-kWh-Res-HH-Thermal-SH-LPG-WH-LPG-Solar;
;TES_per_household-kWh-Res-HH-Thermal-SH-LPG-WH-LPG-Solar-LPG;
;TES_per_household-kWh-Res-HH-Thermal-SH-LPG-WH-LPG-Solar-Solar;
;TES_per_household-kWh-Res-HH-Thermal-SH-LPG-WH-Elc-NoSolar-Elec;
;TES_per_household-kWh-Res-HH-Thermal-SH-LPG-WH-Elc-Solar;
;TES_per_household-kWh-Res-HH-Thermal-SH-LPG-WH-Elc-Solar-Elec;
;TES_per_household-kWh-Res-HH-Thermal-SH-LPG-WH-Elc-Solar-Solar;
;TES_per_household-kWh-Res-HH-Thermal-SH-LPG-CO;
;TES_per_household-kWh-Res-HH-Thermal-SH-LPG-CO-LPG-LPG;
;TES_per_household-kWh-Res-HH-Thermal-SH-LPG-CO-Elc-Elec;
;TES_per_household-kWh-Res-HH-Thermal-SH-Oil;
;TES_per_household-kWh-Res-HH-Thermal-SH-Oil-SH;
;TES_per_household-kWh-Res-HH-Thermal-SH-Oil-SH-Oil;
;TES_per_household-kWh-Res-HH-Thermal-SH-Oil-SH-Elec;
;TES_per_household-kWh-Res-HH-Thermal-SH-Oil-SC;
;TES_per_household-kWh-Res-HH-Thermal-SH-Oil-SC-AC-Elec;
;TES_per_household-kWh-Res-HH-Thermal-SH-Oil-WH;
;TES_per_household-kWh-Res-HH-Thermal-SH-Oil-WH-Oil-NoSolar-Oil;
;TES_per_household-kWh-Res-HH-Thermal-SH-Oil-WH-Oil-Solar;
;TES_per_household-kWh-Res-HH-Thermal-SH-Oil-WH-Oil-Solar-Oil;
;TES_per_household-kWh-Res-HH-Thermal-SH-Oil-WH-Oil-Solar-Solar;
;TES_per_household-kWh-Res-HH-Thermal-SH-Oil-WH-Elc-NoSolar-Elec;
;TES_per_household-kWh-Res-HH-Thermal-SH-Oil-WH-Elc-Solar;
;TES_per_household-kWh-Res-HH-Thermal-SH-Oil-WH-Elc-Solar-Elec;
;TES_per_household-kWh-Res-HH-Thermal-SH-Oil-WH-Elc-Solar-Solar;
;TES_per_household-kWh-Res-HH-Thermal-SH-Oil-CO;
;TES_per_household-kWh-Res-HH-Thermal-SH-Oil-CO-LPG-LPG;
;TES_per_household-kWh-Res-HH-Thermal-SH-Oil-CO-Elc-Elec;
;TES_per_household-kWh-Res-HH-Thermal-SH-Gas;
;TES_per_household-kWh-Res-HH-Thermal-SH-Gas-SH;
;TES_per_household-kWh-Res-HH-Thermal-SH-Gas-SH-Gas;
;TES_per_household-kWh-Res-HH-Thermal-SH-Gas-SH-Elec;
;TES_per_household-kWh-Res-HH-Thermal-SH-Gas-SC;
;TES_per_household-kWh-Res-HH-Thermal-SH-Gas-SC-AC-Elec;
;TES_per_household-kWh-Res-HH-Thermal-SH-Gas-WH;
;TES_per_household-kWh-Res-HH-Thermal-SH-Gas-WH-Gas-NoSolar-Gas;
;TES_per_household-kWh-Res-HH-Thermal-SH-Gas-WH-Gas-Solar;
;TES_per_household-kWh-Res-HH-Thermal-SH-Gas-WH-Gas-Solar-Gas;
;TES_per_household-kWh-Res-HH-Thermal-SH-Gas-WH-Gas-Solar-Solar;
;TES_per_household-kWh-Res-HH-Thermal-SH-Gas-WH-Elc-NoSolar-Elec;
;TES_per_household-kWh-Res-HH-Thermal-SH-Gas-WH-Elc-Solar;
;TES_per_household-kWh-Res-HH-Thermal-SH-Gas-WH-Elc-Solar-Elec;
;TES_per_household-kWh-Res-HH-Thermal-SH-Gas-WH-Elc-Solar-Solar;
;TES_per_household-kWh-Res-HH-Thermal-SH-Gas-CO;
;TES_per_household-kWh-Res-HH-Thermal-SH-Gas-CO-Gas-Gas;
;TES_per_household-kWh-Res-HH-Thermal-SH-Gas-CO-Elc-Elec;
;TES_per_household-kWh-Res-HH-Thermal-SH-Biomass;
;TES_per_household-kWh-Res-HH-Thermal-SH-Biomass-SH;
;TES_per_household-kWh-Res-HH-Thermal-SH-Biomass-SH-Biomass;
;TES_per_household-kWh-Res-HH-Thermal-SH-Biomass-SH-Elec;
;TES_per_household-kWh-Res-HH-Thermal-SH-Biomass-SC;
;TES_per_household-kWh-Res-HH-Thermal-SH-Biomass-SC-AC-Elec;
;TES_per_household-kWh-Res-HH-Thermal-SH-Biomass-WH;
;TES_per_household-kWh-Res-HH-Thermal-SH-Biomass-WH-Biomass-NoSolar-Biomass;
;TES_per_household-kWh-Res-HH-Thermal-SH-Biomass-WH-Biomass-Solar;
;TES_per_household-kWh-Res-HH-Thermal-SH-Biomass-WH-Biomass-Solar-Biomass;
;TES_per_household-kWh-Res-HH-Thermal-SH-Biomass-WH-Biomass-Solar-Solar;
;TES_per_household-kWh-Res-HH-Thermal-SH-Biomass-WH-LPG-NoSolar-LPG;
;TES_per_household-kWh-Res-HH-Thermal-SH-Biomass-WH-LPG-Solar;
;TES_per_household-kWh-Res-HH-Thermal-SH-Biomass-WH-LPG-Solar-LPG;
;TES_per_household-kWh-Res-HH-Thermal-SH-Biomass-WH-LPG-Solar-Solar;
;TES_per_household-kWh-Res-HH-Thermal-SH-Biomass-WH-Elc-NoSolar-Elec;
;TES_per_household-kWh-Res-HH-Thermal-SH-Biomass-WH-Elc-Solar;
;TES_per_household-kWh-Res-HH-Thermal-SH-Biomass-WH-Elc-Solar-Elec;
;TES_per_household-kWh-Res-HH-Thermal-SH-Biomass-WH-Elc-Solar-Solar;
;TES_per_household-kWh-Res-HH-Thermal-SH-Biomass-CO;
;TES_per_household-kWh-Res-HH-Thermal-SH-Biomass-CO-Biomass-Biomass;
;TES_per_household-kWh-Res-HH-Thermal-SH-Biomass-CO-LPG-LPG;
;TES_per_household-kWh-Res-HH-Thermal-SH-Biomass-CO-Elc-Elec;
;TES_per_household-kWh-Res-HH-Thermal-SH-Geo;
;TES_per_household-kWh-Res-HH-Thermal-SH-Geo-SH;
;TES_per_household-kWh-Res-HH-Thermal-SH-Geo-SH-Geo;
;TES_per_household-kWh-Res-HH-Thermal-SH-Geo-SH-Elec;
;TES_per_household-kWh-Res-HH-Thermal-SH-Geo-SC;
;TES_per_household-kWh-Res-HH-Thermal-SH-Geo-SC-AC-Elec;
;TES_per_household-kWh-Res-HH-Thermal-SH-Geo-WH;
;TES_per_household-kWh-Res-HH-Thermal-SH-Geo-WH-Geo-NoSolar-Geo;
;TES_per_household-kWh-Res-HH-Thermal-SH-Geo-WH-Geo-Solar;
;TES_per_household-kWh-Res-HH-Thermal-SH-Geo-WH-Geo-Solar-Geo;
;TES_per_household-kWh-Res-HH-Thermal-SH-Geo-WH-Geo-Solar-Solar;
;TES_per_household-kWh-Res-HH-Thermal-SH-Geo-WH-Elc-NoSolar-Elec;
;TES_per_household-kWh-Res-HH-Thermal-SH-Geo-WH-Elc-Solar;
;TES_per_household-kWh-Res-HH-Thermal-SH-Geo-WH-Elc-Solar-Elec;
;TES_per_household-kWh-Res-HH-Thermal-SH-Geo-WH-Elc-Solar-Solar;
;TES_per_household-kWh-Res-HH-Thermal-SH-Geo-CO;
;TES_per_household-kWh-Res-HH-Thermal-SH-Geo-CO-LPG-LPG;
;TES_per_household-kWh-Res-HH-Thermal-SH-Geo-CO-Elc-Elec;
;TES_per_household-kWh-Res-HH-Thermal-SH-DistrHeat;
;TES_per_household-kWh-Res-HH-Thermal-SH-DistrHeat-SH;
;TES_per_household-kWh-Res-HH-Thermal-SH-DistrHeat-SH-Steam_Distr;
;TES_per_household-kWh-Res-HH-Thermal-SH-DistrHeat-SH-Elec;
;TES_per_household-kWh-Res-HH-Thermal-SH-DistrHeat-SC;
;TES_per_household-kWh-Res-HH-Thermal-SH-DistrHeat-SC-AC-Elec;
;TES_per_household-kWh-Res-HH-Thermal-SH-DistrHeat-WH;
;TES_per_household-kWh-Res-HH-Thermal-SH-DistrHeat-WH-DistrHeat-NoSolar-Steam_Distr;
;TES_per_household-kWh-Res-HH-Thermal-SH-DistrHeat-WH-DistrHeat-Solar;
;TES_per_household-kWh-Res-HH-Thermal-SH-DistrHeat-WH-DistrHeat-Solar-Steam_Distr;
;TES_per_household-kWh-Res-HH-Thermal-SH-DistrHeat-WH-DistrHeat-Solar-Solar;
;TES_per_household-kWh-Res-HH-Thermal-SH-DistrHeat-WH-Elc-NoSolar-Elec;
;TES_per_household-kWh-Res-HH-Thermal-SH-DistrHeat-WH-Elc-Solar;
;TES_per_household-kWh-Res-HH-Thermal-SH-DistrHeat-WH-Elc-Solar-Elec;
;TES_per_household-kWh-Res-HH-Thermal-SH-DistrHeat-WH-Elc-Solar-Solar;
;TES_per_household-kWh-Res-HH-Thermal-SH-DistrHeat-CO;
;TES_per_household-kWh-Res-HH-Thermal-SH-DistrHeat-CO-LPG-LPG;
;TES_per_household-kWh-Res-HH-Thermal-SH-DistrHeat-CO-Elc-Elec;
;TES_per_household-kWh-Res-HH-Thermal-SH-AdvElc;
;TES_per_household-kWh-Res-HH-Thermal-SH-AdvElc-SH;
;TES_per_household-kWh-Res-HH-Thermal-SH-AdvElc-SH-Elec;
;TES_per_household-kWh-Res-HH-Thermal-SH-AdvElc-SC;
;TES_per_household-kWh-Res-HH-Thermal-SH-AdvElc-SC-AC-Elec;
;TES_per_household-kWh-Res-HH-Thermal-SH-AdvElc-WH;
;TES_per_household-kWh-Res-HH-Thermal-SH-AdvElc-WH-LPG-NoSolar-LPG;
;TES_per_household-kWh-Res-HH-Thermal-SH-AdvElc-WH-LPG-Solar;
;TES_per_household-kWh-Res-HH-Thermal-SH-AdvElc-WH-LPG-Solar-LPG;
;TES_per_household-kWh-Res-HH-Thermal-SH-AdvElc-WH-LPG-Solar-Solar;
;TES_per_household-kWh-Res-HH-Thermal-SH-AdvElc-WH-Elc-NoSolar-Elec;
;TES_per_household-kWh-Res-HH-Thermal-SH-AdvElc-WH-Elc-Solar;
;TES_per_household-kWh-Res-HH-Thermal-SH-AdvElc-WH-Elc-Solar-Elec;
;TES_per_household-kWh-Res-HH-Thermal-SH-AdvElc-WH-Elc-Solar-Solar;
;TES_per_household-kWh-Res-HH-Thermal-SH-AdvElc-CO;
;TES_per_household-kWh-Res-HH-Thermal-SH-AdvElc-CO-LPG-LPG;
;TES_per_household-kWh-Res-HH-Thermal-SH-AdvElc-CO-Elc-Elec;
;TES_per_household-kWh-Res-HH-Thermal-SH-ConvElc;
;TES_per_household-kWh-Res-HH-Thermal-SH-ConvElc-SH;
;TES_per_household-kWh-Res-HH-Thermal-SH-ConvElc-SH-Elec;
;TES_per_household-kWh-Res-HH-Thermal-SH-ConvElc-SC;
;TES_per_household-kWh-Res-HH-Thermal-SH-ConvElc-SC-AC-Elec;
;TES_per_household-kWh-Res-HH-Thermal-SH-ConvElc-WH;
;TES_per_household-kWh-Res-HH-Thermal-SH-ConvElc-WH-LPG-NoSolar-LPG;
;TES_per_household-kWh-Res-HH-Thermal-SH-ConvElc-WH-LPG-Solar;
;TES_per_household-kWh-Res-HH-Thermal-SH-ConvElc-WH-LPG-Solar-LPG;
;TES_per_household-kWh-Res-HH-Thermal-SH-ConvElc-WH-LPG-Solar-Solar;
;TES_per_household-kWh-Res-HH-Thermal-SH-ConvElc-WH-Elc-NoSolar-Elec;
;TES_per_household-kWh-Res-HH-Thermal-SH-ConvElc-WH-Elc-Solar;
;TES_per_household-kWh-Res-HH-Thermal-SH-ConvElc-WH-Elc-Solar-Elec;
;TES_per_household-kWh-Res-HH-Thermal-SH-ConvElc-WH-Elc-Solar-Solar;
;TES_per_household-kWh-Res-HH-Thermal-SH-ConvElc-CO;
;TES_per_household-kWh-Res-HH-Thermal-SH-ConvElc-CO-LPG-LPG;
;TES_per_household-kWh-Res-HH-Thermal-SH-ConvElc-CO-Elc-Elec;
;EMI_per_household-kgCO2-Res-HH-Thermal-SH-Solids;
;EMI_per_household-kgCO2-Res-HH-Thermal-SH-Solids-SH;
;EMI_per_household-kgCO2-Res-HH-Thermal-SH-Solids-SH-Solids;
;EMI_per_household-kgCO2-Res-HH-Thermal-SH-Solids-SH-Elec;
;EMI_per_household-kgCO2-Res-HH-Thermal-SH-Solids-SC;
;EMI_per_household-kgCO2-Res-HH-Thermal-SH-Solids-SC-AC-Elec;
;EMI_per_household-kgCO2-Res-HH-Thermal-SH-Solids-WH;
;EMI_per_household-kgCO2-Res-HH-Thermal-SH-Solids-WH-Solids-NoSolar-Solids;
;EMI_per_household-kgCO2-Res-HH-Thermal-SH-Solids-WH-LPG-NoSolar-LPG;
;EMI_per_household-kgCO2-Res-HH-Thermal-SH-Solids-WH-LPG-Solar;
;EMI_per_household-kgCO2-Res-HH-Thermal-SH-Solids-WH-LPG-Solar-LPG;
;EMI_per_household-kgCO2-Res-HH-Thermal-SH-Solids-WH-LPG-Solar-Solar;
;EMI_per_household-kgCO2-Res-HH-Thermal-SH-Solids-WH-Elc-NoSolar-Elec;
;EMI_per_household-kgCO2-Res-HH-Thermal-SH-Solids-WH-Elc-Solar;
;EMI_per_household-kgCO2-Res-HH-Thermal-SH-Solids-WH-Elc-Solar-Elec;
;EMI_per_household-kgCO2-Res-HH-Thermal-SH-Solids-WH-Elc-Solar-Solar;
;EMI_per_household-kgCO2-Res-HH-Thermal-SH-Solids-CO;
;EMI_per_household-kgCO2-Res-HH-Thermal-SH-Solids-CO-Solids-Solids;
;EMI_per_household-kgCO2-Res-HH-Thermal-SH-Solids-CO-LPG-LPG;
;EMI_per_household-kgCO2-Res-HH-Thermal-SH-Solids-CO-Elc-Elec;
;EMI_per_household-kgCO2-Res-HH-Thermal-SH-LPG;
;EMI_per_household-kgCO2-Res-HH-Thermal-SH-LPG-SH;
;EMI_per_household-kgCO2-Res-HH-Thermal-SH-LPG-SH-LPG;
;EMI_per_household-kgCO2-Res-HH-Thermal-SH-LPG-SH-Elec;
;EMI_per_household-kgCO2-Res-HH-Thermal-SH-LPG-SC;
;EMI_per_household-kgCO2-Res-HH-Thermal-SH-LPG-SC-AC-Elec;
;EMI_per_household-kgCO2-Res-HH-Thermal-SH-LPG-WH;
;EMI_per_household-kgCO2-Res-HH-Thermal-SH-LPG-WH-LPG-NoSolar-LPG;
;EMI_per_household-kgCO2-Res-HH-Thermal-SH-LPG-WH-LPG-Solar;
;EMI_per_household-kgCO2-Res-HH-Thermal-SH-LPG-WH-LPG-Solar-LPG;
;EMI_per_household-kgCO2-Res-HH-Thermal-SH-LPG-WH-LPG-Solar-Solar;
;EMI_per_household-kgCO2-Res-HH-Thermal-SH-LPG-WH-Elc-NoSolar-Elec;
;EMI_per_household-kgCO2-Res-HH-Thermal-SH-LPG-WH-Elc-Solar;
;EMI_per_household-kgCO2-Res-HH-Thermal-SH-LPG-WH-Elc-Solar-Elec;
;EMI_per_household-kgCO2-Res-HH-Thermal-SH-LPG-WH-Elc-Solar-Solar;
;EMI_per_household-kgCO2-Res-HH-Thermal-SH-LPG-CO;
;EMI_per_household-kgCO2-Res-HH-Thermal-SH-LPG-CO-LPG-LPG;
;EMI_per_household-kgCO2-Res-HH-Thermal-SH-LPG-CO-Elc-Elec;
;EMI_per_household-kgCO2-Res-HH-Thermal-SH-Oil;
;EMI_per_household-kgCO2-Res-HH-Thermal-SH-Oil-SH;
;EMI_per_household-kgCO2-Res-HH-Thermal-SH-Oil-SH-Oil;
;EMI_per_household-kgCO2-Res-HH-Thermal-SH-Oil-SH-Elec;
;EMI_per_household-kgCO2-Res-HH-Thermal-SH-Oil-SC;
;EMI_per_household-kgCO2-Res-HH-Thermal-SH-Oil-SC-AC-Elec;
;EMI_per_household-kgCO2-Res-HH-Thermal-SH-Oil-WH;
;EMI_per_household-kgCO2-Res-HH-Thermal-SH-Oil-WH-Oil-NoSolar-Oil;
;EMI_per_household-kgCO2-Res-HH-Thermal-SH-Oil-WH-Oil-Solar;
;EMI_per_household-kgCO2-Res-HH-Thermal-SH-Oil-WH-Oil-Solar-Oil;
;EMI_per_household-kgCO2-Res-HH-Thermal-SH-Oil-WH-Oil-Solar-Solar;
;EMI_per_household-kgCO2-Res-HH-Thermal-SH-Oil-WH-Elc-NoSolar-Elec;
;EMI_per_household-kgCO2-Res-HH-Thermal-SH-Oil-WH-Elc-Solar;
;EMI_per_household-kgCO2-Res-HH-Thermal-SH-Oil-WH-Elc-Solar-Elec;
;EMI_per_household-kgCO2-Res-HH-Thermal-SH-Oil-WH-Elc-Solar-Solar;
;EMI_per_household-kgCO2-Res-HH-Thermal-SH-Oil-CO;
;EMI_per_household-kgCO2-Res-HH-Thermal-SH-Oil-CO-LPG-LPG;
;EMI_per_household-kgCO2-Res-HH-Thermal-SH-Oil-CO-Elc-Elec;
;EMI_per_household-kgCO2-Res-HH-Thermal-SH-Gas;
;EMI_per_household-kgCO2-Res-HH-Thermal-SH-Gas-SH;
;EMI_per_household-kgCO2-Res-HH-Thermal-SH-Gas-SH-Gas;
;EMI_per_household-kgCO2-Res-HH-Thermal-SH-Gas-SH-Elec;
;EMI_per_household-kgCO2-Res-HH-Thermal-SH-Gas-SC;
;EMI_per_household-kgCO2-Res-HH-Thermal-SH-Gas-SC-AC-Elec;
;EMI_per_household-kgCO2-Res-HH-Thermal-SH-Gas-WH;
;EMI_per_household-kgCO2-Res-HH-Thermal-SH-Gas-WH-Gas-NoSolar-Gas;
;EMI_per_household-kgCO2-Res-HH-Thermal-SH-Gas-WH-Gas-Solar;
;EMI_per_household-kgCO2-Res-HH-Thermal-SH-Gas-WH-Gas-Solar-Gas;
;EMI_per_household-kgCO2-Res-HH-Thermal-SH-Gas-WH-Gas-Solar-Solar;
;EMI_per_household-kgCO2-Res-HH-Thermal-SH-Gas-WH-Elc-NoSolar-Elec;
;EMI_per_household-kgCO2-Res-HH-Thermal-SH-Gas-WH-Elc-Solar;
;EMI_per_household-kgCO2-Res-HH-Thermal-SH-Gas-WH-Elc-Solar-Elec;
;EMI_per_household-kgCO2-Res-HH-Thermal-SH-Gas-WH-Elc-Solar-Solar;
;EMI_per_household-kgCO2-Res-HH-Thermal-SH-Gas-CO;
;EMI_per_household-kgCO2-Res-HH-Thermal-SH-Gas-CO-Gas-Gas;
;EMI_per_household-kgCO2-Res-HH-Thermal-SH-Gas-CO-Elc-Elec;
;EMI_per_household-kgCO2-Res-HH-Thermal-SH-Biomass;
;EMI_per_household-kgCO2-Res-HH-Thermal-SH-Biomass-SH;
;EMI_per_household-kgCO2-Res-HH-Thermal-SH-Biomass-SH-Biomass;
;EMI_per_household-kgCO2-Res-HH-Thermal-SH-Biomass-SH-Elec;
;EMI_per_household-kgCO2-Res-HH-Thermal-SH-Biomass-SC;
;EMI_per_household-kgCO2-Res-HH-Thermal-SH-Biomass-SC-AC-Elec;
;EMI_per_household-kgCO2-Res-HH-Thermal-SH-Biomass-WH;
;EMI_per_household-kgCO2-Res-HH-Thermal-SH-Biomass-WH-Biomass-NoSolar-Biomass;
;EMI_per_household-kgCO2-Res-HH-Thermal-SH-Biomass-WH-Biomass-Solar;
;EMI_per_household-kgCO2-Res-HH-Thermal-SH-Biomass-WH-Biomass-Solar-Biomass;
;EMI_per_household-kgCO2-Res-HH-Thermal-SH-Biomass-WH-Biomass-Solar-Solar;
;EMI_per_household-kgCO2-Res-HH-Thermal-SH-Biomass-WH-LPG-NoSolar-LPG;
;EMI_per_household-kgCO2-Res-HH-Thermal-SH-Biomass-WH-LPG-Solar;
;EMI_per_household-kgCO2-Res-HH-Thermal-SH-Biomass-WH-LPG-Solar-LPG;
;EMI_per_household-kgCO2-Res-HH-Thermal-SH-Biomass-WH-LPG-Solar-Solar;
;EMI_per_household-kgCO2-Res-HH-Thermal-SH-Biomass-WH-Elc-NoSolar-Elec;
;EMI_per_household-kgCO2-Res-HH-Thermal-SH-Biomass-WH-Elc-Solar;
;EMI_per_household-kgCO2-Res-HH-Thermal-SH-Biomass-WH-Elc-Solar-Elec;
;EMI_per_household-kgCO2-Res-HH-Thermal-SH-Biomass-WH-Elc-Solar-Solar;
;EMI_per_household-kgCO2-Res-HH-Thermal-SH-Biomass-CO;
;EMI_per_household-kgCO2-Res-HH-Thermal-SH-Biomass-CO-Biomass-Biomass;
;EMI_per_household-kgCO2-Res-HH-Thermal-SH-Biomass-CO-LPG-LPG;
;EMI_per_household-kgCO2-Res-HH-Thermal-SH-Biomass-CO-Elc-Elec;
;EMI_per_household-kgCO2-Res-HH-Thermal-SH-Geo;
;EMI_per_household-kgCO2-Res-HH-Thermal-SH-Geo-SH;
;EMI_per_household-kgCO2-Res-HH-Thermal-SH-Geo-SH-Geo;
;EMI_per_household-kgCO2-Res-HH-Thermal-SH-Geo-SH-Elec;
;EMI_per_household-kgCO2-Res-HH-Thermal-SH-Geo-SC;
;EMI_per_household-kgCO2-Res-HH-Thermal-SH-Geo-SC-AC-Elec;
;EMI_per_household-kgCO2-Res-HH-Thermal-SH-Geo-WH;
;EMI_per_household-kgCO2-Res-HH-Thermal-SH-Geo-WH-Geo-NoSolar-Geo;
;EMI_per_household-kgCO2-Res-HH-Thermal-SH-Geo-WH-Geo-Solar;
;EMI_per_household-kgCO2-Res-HH-Thermal-SH-Geo-WH-Geo-Solar-Geo;
;EMI_per_household-kgCO2-Res-HH-Thermal-SH-Geo-WH-Geo-Solar-Solar;
;EMI_per_household-kgCO2-Res-HH-Thermal-SH-Geo-WH-Elc-NoSolar-Elec;
;EMI_per_household-kgCO2-Res-HH-Thermal-SH-Geo-WH-Elc-Solar;
;EMI_per_household-kgCO2-Res-HH-Thermal-SH-Geo-WH-Elc-Solar-Elec;
;EMI_per_household-kgCO2-Res-HH-Thermal-SH-Geo-WH-Elc-Solar-Solar;
;EMI_per_household-kgCO2-Res-HH-Thermal-SH-Geo-CO;
;EMI_per_household-kgCO2-Res-HH-Thermal-SH-Geo-CO-LPG-LPG;
;EMI_per_household-kgCO2-Res-HH-Thermal-SH-Geo-CO-Elc-Elec;
;EMI_per_household-kgCO2-Res-HH-Thermal-SH-DistrHeat;
;EMI_per_household-kgCO2-Res-HH-Thermal-SH-DistrHeat-SH;
;EMI_per_household-kgCO2-Res-HH-Thermal-SH-DistrHeat-SH-Steam_Distr;
;EMI_per_household-kgCO2-Res-HH-Thermal-SH-DistrHeat-SH-Elec;
;EMI_per_household-kgCO2-Res-HH-Thermal-SH-DistrHeat-SC;
;EMI_per_household-kgCO2-Res-HH-Thermal-SH-DistrHeat-SC-AC-Elec;
;EMI_per_household-kgCO2-Res-HH-Thermal-SH-DistrHeat-WH;
;EMI_per_household-kgCO2-Res-HH-Thermal-SH-DistrHeat-WH-DistrHeat-NoSolar-Steam_Distr;
;EMI_per_household-kgCO2-Res-HH-Thermal-SH-DistrHeat-WH-DistrHeat-Solar;
;EMI_per_household-kgCO2-Res-HH-Thermal-SH-DistrHeat-WH-DistrHeat-Solar-Steam_Distr;
;EMI_per_household-kgCO2-Res-HH-Thermal-SH-DistrHeat-WH-DistrHeat-Solar-Solar;
;EMI_per_household-kgCO2-Res-HH-Thermal-SH-DistrHeat-WH-Elc-NoSolar-Elec;
;EMI_per_household-kgCO2-Res-HH-Thermal-SH-DistrHeat-WH-Elc-Solar;
;EMI_per_household-kgCO2-Res-HH-Thermal-SH-DistrHeat-WH-Elc-Solar-Elec;
;EMI_per_household-kgCO2-Res-HH-Thermal-SH-DistrHeat-WH-Elc-Solar-Solar;
;EMI_per_household-kgCO2-Res-HH-Thermal-SH-DistrHeat-CO;
;EMI_per_household-kgCO2-Res-HH-Thermal-SH-DistrHeat-CO-LPG-LPG;
;EMI_per_household-kgCO2-Res-HH-Thermal-SH-DistrHeat-CO-Elc-Elec;
;EMI_per_household-kgCO2-Res-HH-Thermal-SH-AdvElc;
;EMI_per_household-kgCO2-Res-HH-Thermal-SH-AdvElc-SH;
;EMI_per_household-kgCO2-Res-HH-Thermal-SH-AdvElc-SH-Elec;
;EMI_per_household-kgCO2-Res-HH-Thermal-SH-AdvElc-SC;
;EMI_per_household-kgCO2-Res-HH-Thermal-SH-AdvElc-SC-AC-Elec;
;EMI_per_household-kgCO2-Res-HH-Thermal-SH-AdvElc-WH;
;EMI_per_household-kgCO2-Res-HH-Thermal-SH-AdvElc-WH-LPG-NoSolar-LPG;
;EMI_per_household-kgCO2-Res-HH-Thermal-SH-AdvElc-WH-LPG-Solar;
;EMI_per_household-kgCO2-Res-HH-Thermal-SH-AdvElc-WH-LPG-Solar-LPG;
;EMI_per_household-kgCO2-Res-HH-Thermal-SH-AdvElc-WH-LPG-Solar-Solar;
;EMI_per_household-kgCO2-Res-HH-Thermal-SH-AdvElc-WH-Elc-NoSolar-Elec;
;EMI_per_household-kgCO2-Res-HH-Thermal-SH-AdvElc-WH-Elc-Solar;
;EMI_per_household-kgCO2-Res-HH-Thermal-SH-AdvElc-WH-Elc-Solar-Elec;
;EMI_per_household-kgCO2-Res-HH-Thermal-SH-AdvElc-WH-Elc-Solar-Solar;
;EMI_per_household-kgCO2-Res-HH-Thermal-SH-AdvElc-CO;
;EMI_per_household-kgCO2-Res-HH-Thermal-SH-AdvElc-CO-LPG-LPG;
;EMI_per_household-kgCO2-Res-HH-Thermal-SH-AdvElc-CO-Elc-Elec;
;EMI_per_household-kgCO2-Res-HH-Thermal-SH-ConvElc;
;EMI_per_household-kgCO2-Res-HH-Thermal-SH-ConvElc-SH;
;EMI_per_household-kgCO2-Res-HH-Thermal-SH-ConvElc-SH-Elec;
;EMI_per_household-kgCO2-Res-HH-Thermal-SH-ConvElc-SC;
;EMI_per_household-kgCO2-Res-HH-Thermal-SH-ConvElc-SC-AC-Elec;
;EMI_per_household-kgCO2-Res-HH-Thermal-SH-ConvElc-WH;
;EMI_per_household-kgCO2-Res-HH-Thermal-SH-ConvElc-WH-LPG-NoSolar-LPG;
;EMI_per_household-kgCO2-Res-HH-Thermal-SH-ConvElc-WH-LPG-Solar;
;EMI_per_household-kgCO2-Res-HH-Thermal-SH-ConvElc-WH-LPG-Solar-LPG;
;EMI_per_household-kgCO2-Res-HH-Thermal-SH-ConvElc-WH-LPG-Solar-Solar;
;EMI_per_household-kgCO2-Res-HH-Thermal-SH-ConvElc-WH-Elc-NoSolar-Elec;
;EMI_per_household-kgCO2-Res-HH-Thermal-SH-ConvElc-WH-Elc-Solar;
;EMI_per_household-kgCO2-Res-HH-Thermal-SH-ConvElc-WH-Elc-Solar-Elec;
;EMI_per_household-kgCO2-Res-HH-Thermal-SH-ConvElc-WH-Elc-Solar-Solar;
;EMI_per_household-kgCO2-Res-HH-Thermal-SH-ConvElc-CO;
;EMI_per_household-kgCO2-Res-HH-Thermal-SH-ConvElc-CO-LPG-LPG;
;EMI_per_household-kgCO2-Res-HH-Thermal-SH-ConvElc-CO-Elc-Elec;
;FEC_per_sqm-kWh-Res-HH-Thermal-SH-Solids;
;FEC_per_sqm-kWh-Res-HH-Thermal-SH-Solids-SH;
;FEC_per_sqm-kWh-Res-HH-Thermal-SH-Solids-SH-Solids;
;FEC_per_sqm-kWh-Res-HH-Thermal-SH-Solids-SH-Elec;
;FEC_per_sqm-kWh-Res-HH-Thermal-SH-Solids-SC;
;FEC_per_sqm-kWh-Res-HH-Thermal-SH-Solids-SC-AC-Elec;
;FEC_per_sqm-kWh-Res-HH-Thermal-SH-Solids-WH;
;FEC_per_sqm-kWh-Res-HH-Thermal-SH-Solids-WH-Solids-NoSolar-Solids;
;FEC_per_sqm-kWh-Res-HH-Thermal-SH-Solids-WH-LPG-NoSolar-LPG;
;FEC_per_sqm-kWh-Res-HH-Thermal-SH-Solids-WH-LPG-Solar;
;FEC_per_sqm-kWh-Res-HH-Thermal-SH-Solids-WH-LPG-Solar-LPG;
;FEC_per_sqm-kWh-Res-HH-Thermal-SH-Solids-WH-LPG-Solar-Solar;
;FEC_per_sqm-kWh-Res-HH-Thermal-SH-Solids-WH-Elc-NoSolar-Elec;
;FEC_per_sqm-kWh-Res-HH-Thermal-SH-Solids-WH-Elc-Solar;
;FEC_per_sqm-kWh-Res-HH-Thermal-SH-Solids-WH-Elc-Solar-Elec;
;FEC_per_sqm-kWh-Res-HH-Thermal-SH-Solids-WH-Elc-Solar-Solar;
;FEC_per_sqm-kWh-Res-HH-Thermal-SH-Solids-CO;
;FEC_per_sqm-kWh-Res-HH-Thermal-SH-Solids-CO-Solids-Solids;
;FEC_per_sqm-kWh-Res-HH-Thermal-SH-Solids-CO-LPG-LPG;
;FEC_per_sqm-kWh-Res-HH-Thermal-SH-Solids-CO-Elc-Elec;
;FEC_per_sqm-kWh-Res-HH-Thermal-SH-LPG;
;FEC_per_sqm-kWh-Res-HH-Thermal-SH-LPG-SH;
;FEC_per_sqm-kWh-Res-HH-Thermal-SH-LPG-SH-LPG;
;FEC_per_sqm-kWh-Res-HH-Thermal-SH-LPG-SH-Elec;
;FEC_per_sqm-kWh-Res-HH-Thermal-SH-LPG-SC;
;FEC_per_sqm-kWh-Res-HH-Thermal-SH-LPG-SC-AC-Elec;
;FEC_per_sqm-kWh-Res-HH-Thermal-SH-LPG-WH;
;FEC_per_sqm-kWh-Res-HH-Thermal-SH-LPG-WH-LPG-NoSolar-LPG;
;FEC_per_sqm-kWh-Res-HH-Thermal-SH-LPG-WH-LPG-Solar;
;FEC_per_sqm-kWh-Res-HH-Thermal-SH-LPG-WH-LPG-Solar-LPG;
;FEC_per_sqm-kWh-Res-HH-Thermal-SH-LPG-WH-LPG-Solar-Solar;
;FEC_per_sqm-kWh-Res-HH-Thermal-SH-LPG-WH-Elc-NoSolar-Elec;
;FEC_per_sqm-kWh-Res-HH-Thermal-SH-LPG-WH-Elc-Solar;
;FEC_per_sqm-kWh-Res-HH-Thermal-SH-LPG-WH-Elc-Solar-Elec;
;FEC_per_sqm-kWh-Res-HH-Thermal-SH-LPG-WH-Elc-Solar-Solar;
;FEC_per_sqm-kWh-Res-HH-Thermal-SH-LPG-CO;
;FEC_per_sqm-kWh-Res-HH-Thermal-SH-LPG-CO-LPG-LPG;
;FEC_per_sqm-kWh-Res-HH-Thermal-SH-LPG-CO-Elc-Elec;
;FEC_per_sqm-kWh-Res-HH-Thermal-SH-Oil;
;FEC_per_sqm-kWh-Res-HH-Thermal-SH-Oil-SH;
;FEC_per_sqm-kWh-Res-HH-Thermal-SH-Oil-SH-Oil;
;FEC_per_sqm-kWh-Res-HH-Thermal-SH-Oil-SH-Elec;
;FEC_per_sqm-kWh-Res-HH-Thermal-SH-Oil-SC;
;FEC_per_sqm-kWh-Res-HH-Thermal-SH-Oil-SC-AC-Elec;
;FEC_per_sqm-kWh-Res-HH-Thermal-SH-Oil-WH;
;FEC_per_sqm-kWh-Res-HH-Thermal-SH-Oil-WH-Oil-NoSolar-Oil;
;FEC_per_sqm-kWh-Res-HH-Thermal-SH-Oil-WH-Oil-Solar;
;FEC_per_sqm-kWh-Res-HH-Thermal-SH-Oil-WH-Oil-Solar-Oil;
;FEC_per_sqm-kWh-Res-HH-Thermal-SH-Oil-WH-Oil-Solar-Solar;
;FEC_per_sqm-kWh-Res-HH-Thermal-SH-Oil-WH-Elc-NoSolar-Elec;
;FEC_per_sqm-kWh-Res-HH-Thermal-SH-Oil-WH-Elc-Solar;
;FEC_per_sqm-kWh-Res-HH-Thermal-SH-Oil-WH-Elc-Solar-Elec;
;FEC_per_sqm-kWh-Res-HH-Thermal-SH-Oil-WH-Elc-Solar-Solar;
;FEC_per_sqm-kWh-Res-HH-Thermal-SH-Oil-CO;
;FEC_per_sqm-kWh-Res-HH-Thermal-SH-Oil-CO-LPG-LPG;
;FEC_per_sqm-kWh-Res-HH-Thermal-SH-Oil-CO-Elc-Elec;
;FEC_per_sqm-kWh-Res-HH-Thermal-SH-Gas;
;FEC_per_sqm-kWh-Res-HH-Thermal-SH-Gas-SH;
;FEC_per_sqm-kWh-Res-HH-Thermal-SH-Gas-SH-Gas;
;FEC_per_sqm-kWh-Res-HH-Thermal-SH-Gas-SH-Elec;
;FEC_per_sqm-kWh-Res-HH-Thermal-SH-Gas-SC;
;FEC_per_sqm-kWh-Res-HH-Thermal-SH-Gas-SC-AC-Elec;
;FEC_per_sqm-kWh-Res-HH-Thermal-SH-Gas-WH;
;FEC_per_sqm-kWh-Res-HH-Thermal-SH-Gas-WH-Gas-NoSolar-Gas;
;FEC_per_sqm-kWh-Res-HH-Thermal-SH-Gas-WH-Gas-Solar;
;FEC_per_sqm-kWh-Res-HH-Thermal-SH-Gas-WH-Gas-Solar-Gas;
;FEC_per_sqm-kWh-Res-HH-Thermal-SH-Gas-WH-Gas-Solar-Solar;
;FEC_per_sqm-kWh-Res-HH-Thermal-SH-Gas-WH-Elc-NoSolar-Elec;
;FEC_per_sqm-kWh-Res-HH-Thermal-SH-Gas-WH-Elc-Solar;
;FEC_per_sqm-kWh-Res-HH-Thermal-SH-Gas-WH-Elc-Solar-Elec;
;FEC_per_sqm-kWh-Res-HH-Thermal-SH-Gas-WH-Elc-Solar-Solar;
;FEC_per_sqm-kWh-Res-HH-Thermal-SH-Gas-CO;
;FEC_per_sqm-kWh-Res-HH-Thermal-SH-Gas-CO-Gas-Gas;
;FEC_per_sqm-kWh-Res-HH-Thermal-SH-Gas-CO-Elc-Elec;
;FEC_per_sqm-kWh-Res-HH-Thermal-SH-Biomass;
;FEC_per_sqm-kWh-Res-HH-Thermal-SH-Biomass-SH;
;FEC_per_sqm-kWh-Res-HH-Thermal-SH-Biomass-SH-Biomass;
;FEC_per_sqm-kWh-Res-HH-Thermal-SH-Biomass-SH-Elec;
;FEC_per_sqm-kWh-Res-HH-Thermal-SH-Biomass-SC;
;FEC_per_sqm-kWh-Res-HH-Thermal-SH-Biomass-SC-AC-Elec;
;FEC_per_sqm-kWh-Res-HH-Thermal-SH-Biomass-WH;
;FEC_per_sqm-kWh-Res-HH-Thermal-SH-Biomass-WH-Biomass-NoSolar-Biomass;
;FEC_per_sqm-kWh-Res-HH-Thermal-SH-Biomass-WH-Biomass-Solar;
;FEC_per_sqm-kWh-Res-HH-Thermal-SH-Biomass-WH-Biomass-Solar-Biomass;
;FEC_per_sqm-kWh-Res-HH-Thermal-SH-Biomass-WH-Biomass-Solar-Solar;
;FEC_per_sqm-kWh-Res-HH-Thermal-SH-Biomass-WH-LPG-NoSolar-LPG;
;FEC_per_sqm-kWh-Res-HH-Thermal-SH-Biomass-WH-LPG-Solar;
;FEC_per_sqm-kWh-Res-HH-Thermal-SH-Biomass-WH-LPG-Solar-LPG;
;FEC_per_sqm-kWh-Res-HH-Thermal-SH-Biomass-WH-LPG-Solar-Solar;
;FEC_per_sqm-kWh-Res-HH-Thermal-SH-Biomass-WH-Elc-NoSolar-Elec;
;FEC_per_sqm-kWh-Res-HH-Thermal-SH-Biomass-WH-Elc-Solar;
;FEC_per_sqm-kWh-Res-HH-Thermal-SH-Biomass-WH-Elc-Solar-Elec;
;FEC_per_sqm-kWh-Res-HH-Thermal-SH-Biomass-WH-Elc-Solar-Solar;
;FEC_per_sqm-kWh-Res-HH-Thermal-SH-Biomass-CO;
;FEC_per_sqm-kWh-Res-HH-Thermal-SH-Biomass-CO-Biomass-Biomass;
;FEC_per_sqm-kWh-Res-HH-Thermal-SH-Biomass-CO-LPG-LPG;
;FEC_per_sqm-kWh-Res-HH-Thermal-SH-Biomass-CO-Elc-Elec;
;FEC_per_sqm-kWh-Res-HH-Thermal-SH-Geo;
;FEC_per_sqm-kWh-Res-HH-Thermal-SH-Geo-SH;
;FEC_per_sqm-kWh-Res-HH-Thermal-SH-Geo-SH-Geo;
;FEC_per_sqm-kWh-Res-HH-Thermal-SH-Geo-SH-Elec;
;FEC_per_sqm-kWh-Res-HH-Thermal-SH-Geo-SC;
;FEC_per_sqm-kWh-Res-HH-Thermal-SH-Geo-SC-AC-Elec;
;FEC_per_sqm-kWh-Res-HH-Thermal-SH-Geo-WH;
;FEC_per_sqm-kWh-Res-HH-Thermal-SH-Geo-WH-Geo-NoSolar-Geo;
;FEC_per_sqm-kWh-Res-HH-Thermal-SH-Geo-WH-Geo-Solar;
;FEC_per_sqm-kWh-Res-HH-Thermal-SH-Geo-WH-Geo-Solar-Geo;
;FEC_per_sqm-kWh-Res-HH-Thermal-SH-Geo-WH-Geo-Solar-Solar;
;FEC_per_sqm-kWh-Res-HH-Thermal-SH-Geo-WH-Elc-NoSolar-Elec;
;FEC_per_sqm-kWh-Res-HH-Thermal-SH-Geo-WH-Elc-Solar;
;FEC_per_sqm-kWh-Res-HH-Thermal-SH-Geo-WH-Elc-Solar-Elec;
;FEC_per_sqm-kWh-Res-HH-Thermal-SH-Geo-WH-Elc-Solar-Solar;
;FEC_per_sqm-kWh-Res-HH-Thermal-SH-Geo-CO;
;FEC_per_sqm-kWh-Res-HH-Thermal-SH-Geo-CO-LPG-LPG;
;FEC_per_sqm-kWh-Res-HH-Thermal-SH-Geo-CO-Elc-Elec;
;FEC_per_sqm-kWh-Res-HH-Thermal-SH-DistrHeat;
;FEC_per_sqm-kWh-Res-HH-Thermal-SH-DistrHeat-SH;
;FEC_per_sqm-kWh-Res-HH-Thermal-SH-DistrHeat-SH-Steam_Distr;
;FEC_per_sqm-kWh-Res-HH-Thermal-SH-DistrHeat-SH-Elec;
;FEC_per_sqm-kWh-Res-HH-Thermal-SH-DistrHeat-SC;
;FEC_per_sqm-kWh-Res-HH-Thermal-SH-DistrHeat-SC-AC-Elec;
;FEC_per_sqm-kWh-Res-HH-Thermal-SH-DistrHeat-WH;
;FEC_per_sqm-kWh-Res-HH-Thermal-SH-DistrHeat-WH-DistrHeat-NoSolar-Steam_Distr;
;FEC_per_sqm-kWh-Res-HH-Thermal-SH-DistrHeat-WH-DistrHeat-Solar;
;FEC_per_sqm-kWh-Res-HH-Thermal-SH-DistrHeat-WH-DistrHeat-Solar-Steam_Distr;
;FEC_per_sqm-kWh-Res-HH-Thermal-SH-DistrHeat-WH-DistrHeat-Solar-Solar;
;FEC_per_sqm-kWh-Res-HH-Thermal-SH-DistrHeat-WH-Elc-NoSolar-Elec;
;FEC_per_sqm-kWh-Res-HH-Thermal-SH-DistrHeat-WH-Elc-Solar;
;FEC_per_sqm-kWh-Res-HH-Thermal-SH-DistrHeat-WH-Elc-Solar-Elec;
;FEC_per_sqm-kWh-Res-HH-Thermal-SH-DistrHeat-WH-Elc-Solar-Solar;
;FEC_per_sqm-kWh-Res-HH-Thermal-SH-DistrHeat-CO;
;FEC_per_sqm-kWh-Res-HH-Thermal-SH-DistrHeat-CO-LPG-LPG;
;FEC_per_sqm-kWh-Res-HH-Thermal-SH-DistrHeat-CO-Elc-Elec;
;FEC_per_sqm-kWh-Res-HH-Thermal-SH-AdvElc;
;FEC_per_sqm-kWh-Res-HH-Thermal-SH-AdvElc-SH;
;FEC_per_sqm-kWh-Res-HH-Thermal-SH-AdvElc-SH-Elec;
;FEC_per_sqm-kWh-Res-HH-Thermal-SH-AdvElc-SC;
;FEC_per_sqm-kWh-Res-HH-Thermal-SH-AdvElc-SC-AC-Elec;
;FEC_per_sqm-kWh-Res-HH-Thermal-SH-AdvElc-WH;
;FEC_per_sqm-kWh-Res-HH-Thermal-SH-AdvElc-WH-LPG-NoSolar-LPG;
;FEC_per_sqm-kWh-Res-HH-Thermal-SH-AdvElc-WH-LPG-Solar;
;FEC_per_sqm-kWh-Res-HH-Thermal-SH-AdvElc-WH-LPG-Solar-LPG;
;FEC_per_sqm-kWh-Res-HH-Thermal-SH-AdvElc-WH-LPG-Solar-Solar;
;FEC_per_sqm-kWh-Res-HH-Thermal-SH-AdvElc-WH-Elc-NoSolar-Elec;
;FEC_per_sqm-kWh-Res-HH-Thermal-SH-AdvElc-WH-Elc-Solar;
;FEC_per_sqm-kWh-Res-HH-Thermal-SH-AdvElc-WH-Elc-Solar-Elec;
;FEC_per_sqm-kWh-Res-HH-Thermal-SH-AdvElc-WH-Elc-Solar-Solar;
;FEC_per_sqm-kWh-Res-HH-Thermal-SH-AdvElc-CO;
;FEC_per_sqm-kWh-Res-HH-Thermal-SH-AdvElc-CO-LPG-LPG;
;FEC_per_sqm-kWh-Res-HH-Thermal-SH-AdvElc-CO-Elc-Elec;
;FEC_per_sqm-kWh-Res-HH-Thermal-SH-ConvElc;
;FEC_per_sqm-kWh-Res-HH-Thermal-SH-ConvElc-SH;
;FEC_per_sqm-kWh-Res-HH-Thermal-SH-ConvElc-SH-Elec;
;FEC_per_sqm-kWh-Res-HH-Thermal-SH-ConvElc-SC;
;FEC_per_sqm-kWh-Res-HH-Thermal-SH-ConvElc-SC-AC-Elec;
;FEC_per_sqm-kWh-Res-HH-Thermal-SH-ConvElc-WH;
;FEC_per_sqm-kWh-Res-HH-Thermal-SH-ConvElc-WH-LPG-NoSolar-LPG;
;FEC_per_sqm-kWh-Res-HH-Thermal-SH-ConvElc-WH-LPG-Solar;
;FEC_per_sqm-kWh-Res-HH-Thermal-SH-ConvElc-WH-LPG-Solar-LPG;
;FEC_per_sqm-kWh-Res-HH-Thermal-SH-ConvElc-WH-LPG-Solar-Solar;
;FEC_per_sqm-kWh-Res-HH-Thermal-SH-ConvElc-WH-Elc-NoSolar-Elec;
;FEC_per_sqm-kWh-Res-HH-Thermal-SH-ConvElc-WH-Elc-Solar;
;FEC_per_sqm-kWh-Res-HH-Thermal-SH-ConvElc-WH-Elc-Solar-Elec;
;FEC_per_sqm-kWh-Res-HH-Thermal-SH-ConvElc-WH-Elc-Solar-Solar;
;FEC_per_sqm-kWh-Res-HH-Thermal-SH-ConvElc-CO;
;FEC_per_sqm-kWh-Res-HH-Thermal-SH-ConvElc-CO-LPG-LPG;
;FEC_per_sqm-kWh-Res-HH-Thermal-SH-ConvElc-CO-Elc-Elec;
;TES_per_sqm-kWh-Res-HH-Thermal-SH-Solids;
;TES_per_sqm-kWh-Res-HH-Thermal-SH-Solids-SH;
;TES_per_sqm-kWh-Res-HH-Thermal-SH-Solids-SH-Solids;
;TES_per_sqm-kWh-Res-HH-Thermal-SH-Solids-SH-Elec;
;TES_per_sqm-kWh-Res-HH-Thermal-SH-Solids-SC;
;TES_per_sqm-kWh-Res-HH-Thermal-SH-Solids-SC-AC-Elec;
;TES_per_sqm-kWh-Res-HH-Thermal-SH-Solids-WH;
;TES_per_sqm-kWh-Res-HH-Thermal-SH-Solids-WH-Solids-NoSolar-Solids;
;TES_per_sqm-kWh-Res-HH-Thermal-SH-Solids-WH-LPG-NoSolar-LPG;
;TES_per_sqm-kWh-Res-HH-Thermal-SH-Solids-WH-LPG-Solar;
;TES_per_sqm-kWh-Res-HH-Thermal-SH-Solids-WH-LPG-Solar-LPG;
;TES_per_sqm-kWh-Res-HH-Thermal-SH-Solids-WH-LPG-Solar-Solar;
;TES_per_sqm-kWh-Res-HH-Thermal-SH-Solids-WH-Elc-NoSolar-Elec;
;TES_per_sqm-kWh-Res-HH-Thermal-SH-Solids-WH-Elc-Solar;
;TES_per_sqm-kWh-Res-HH-Thermal-SH-Solids-WH-Elc-Solar-Elec;
;TES_per_sqm-kWh-Res-HH-Thermal-SH-Solids-WH-Elc-Solar-Solar;
;TES_per_sqm-kWh-Res-HH-Thermal-SH-Solids-CO;
;TES_per_sqm-kWh-Res-HH-Thermal-SH-Solids-CO-Solids-Solids;
;TES_per_sqm-kWh-Res-HH-Thermal-SH-Solids-CO-LPG-LPG;
;TES_per_sqm-kWh-Res-HH-Thermal-SH-Solids-CO-Elc-Elec;
;TES_per_sqm-kWh-Res-HH-Thermal-SH-LPG;
;TES_per_sqm-kWh-Res-HH-Thermal-SH-LPG-SH;
;TES_per_sqm-kWh-Res-HH-Thermal-SH-LPG-SH-LPG;
;TES_per_sqm-kWh-Res-HH-Thermal-SH-LPG-SH-Elec;
;TES_per_sqm-kWh-Res-HH-Thermal-SH-LPG-SC;
;TES_per_sqm-kWh-Res-HH-Thermal-SH-LPG-SC-AC-Elec;
;TES_per_sqm-kWh-Res-HH-Thermal-SH-LPG-WH;
;TES_per_sqm-kWh-Res-HH-Thermal-SH-LPG-WH-LPG-NoSolar-LPG;
;TES_per_sqm-kWh-Res-HH-Thermal-SH-LPG-WH-LPG-Solar;
;TES_per_sqm-kWh-Res-HH-Thermal-SH-LPG-WH-LPG-Solar-LPG;
;TES_per_sqm-kWh-Res-HH-Thermal-SH-LPG-WH-LPG-Solar-Solar;
;TES_per_sqm-kWh-Res-HH-Thermal-SH-LPG-WH-Elc-NoSolar-Elec;
;TES_per_sqm-kWh-Res-HH-Thermal-SH-LPG-WH-Elc-Solar;
;TES_per_sqm-kWh-Res-HH-Thermal-SH-LPG-WH-Elc-Solar-Elec;
;TES_per_sqm-kWh-Res-HH-Thermal-SH-LPG-WH-Elc-Solar-Solar;
;TES_per_sqm-kWh-Res-HH-Thermal-SH-LPG-CO;
;TES_per_sqm-kWh-Res-HH-Thermal-SH-LPG-CO-LPG-LPG;
;TES_per_sqm-kWh-Res-HH-Thermal-SH-LPG-CO-Elc-Elec;
;TES_per_sqm-kWh-Res-HH-Thermal-SH-Oil;
;TES_per_sqm-kWh-Res-HH-Thermal-SH-Oil-SH;
;TES_per_sqm-kWh-Res-HH-Thermal-SH-Oil-SH-Oil;
;TES_per_sqm-kWh-Res-HH-Thermal-SH-Oil-SH-Elec;
;TES_per_sqm-kWh-Res-HH-Thermal-SH-Oil-SC;
;TES_per_sqm-kWh-Res-HH-Thermal-SH-Oil-SC-AC-Elec;
;TES_per_sqm-kWh-Res-HH-Thermal-SH-Oil-WH;
;TES_per_sqm-kWh-Res-HH-Thermal-SH-Oil-WH-Oil-NoSolar-Oil;
;TES_per_sqm-kWh-Res-HH-Thermal-SH-Oil-WH-Oil-Solar;
;TES_per_sqm-kWh-Res-HH-Thermal-SH-Oil-WH-Oil-Solar-Oil;
;TES_per_sqm-kWh-Res-HH-Thermal-SH-Oil-WH-Oil-Solar-Solar;
;TES_per_sqm-kWh-Res-HH-Thermal-SH-Oil-WH-Elc-NoSolar-Elec;
;TES_per_sqm-kWh-Res-HH-Thermal-SH-Oil-WH-Elc-Solar;
;TES_per_sqm-kWh-Res-HH-Thermal-SH-Oil-WH-Elc-Solar-Elec;
;TES_per_sqm-kWh-Res-HH-Thermal-SH-Oil-WH-Elc-Solar-Solar;
;TES_per_sqm-kWh-Res-HH-Thermal-SH-Oil-CO;
;TES_per_sqm-kWh-Res-HH-Thermal-SH-Oil-CO-LPG-LPG;
;TES_per_sqm-kWh-Res-HH-Thermal-SH-Oil-CO-Elc-Elec;
;TES_per_sqm-kWh-Res-HH-Thermal-SH-Gas;
;TES_per_sqm-kWh-Res-HH-Thermal-SH-Gas-SH;
;TES_per_sqm-kWh-Res-HH-Thermal-SH-Gas-SH-Gas;
;TES_per_sqm-kWh-Res-HH-Thermal-SH-Gas-SH-Elec;
;TES_per_sqm-kWh-Res-HH-Thermal-SH-Gas-SC;
;TES_per_sqm-kWh-Res-HH-Thermal-SH-Gas-SC-AC-Elec;
;TES_per_sqm-kWh-Res-HH-Thermal-SH-Gas-WH;
;TES_per_sqm-kWh-Res-HH-Thermal-SH-Gas-WH-Gas-NoSolar-Gas;
;TES_per_sqm-kWh-Res-HH-Thermal-SH-Gas-WH-Gas-Solar;
;TES_per_sqm-kWh-Res-HH-Thermal-SH-Gas-WH-Gas-Solar-Gas;
;TES_per_sqm-kWh-Res-HH-Thermal-SH-Gas-WH-Gas-Solar-Solar;
;TES_per_sqm-kWh-Res-HH-Thermal-SH-Gas-WH-Elc-NoSolar-Elec;
;TES_per_sqm-kWh-Res-HH-Thermal-SH-Gas-WH-Elc-Solar;
;TES_per_sqm-kWh-Res-HH-Thermal-SH-Gas-WH-Elc-Solar-Elec;
;TES_per_sqm-kWh-Res-HH-Thermal-SH-Gas-WH-Elc-Solar-Solar;
;TES_per_sqm-kWh-Res-HH-Thermal-SH-Gas-CO;
;TES_per_sqm-kWh-Res-HH-Thermal-SH-Gas-CO-Gas-Gas;
;TES_per_sqm-kWh-Res-HH-Thermal-SH-Gas-CO-Elc-Elec;
;TES_per_sqm-kWh-Res-HH-Thermal-SH-Biomass;
;TES_per_sqm-kWh-Res-HH-Thermal-SH-Biomass-SH;
;TES_per_sqm-kWh-Res-HH-Thermal-SH-Biomass-SH-Biomass;
;TES_per_sqm-kWh-Res-HH-Thermal-SH-Biomass-SH-Elec;
;TES_per_sqm-kWh-Res-HH-Thermal-SH-Biomass-SC;
;TES_per_sqm-kWh-Res-HH-Thermal-SH-Biomass-SC-AC-Elec;
;TES_per_sqm-kWh-Res-HH-Thermal-SH-Biomass-WH;
;TES_per_sqm-kWh-Res-HH-Thermal-SH-Biomass-WH-Biomass-NoSolar-Biomass;
;TES_per_sqm-kWh-Res-HH-Thermal-SH-Biomass-WH-Biomass-Solar;
;TES_per_sqm-kWh-Res-HH-Thermal-SH-Biomass-WH-Biomass-Solar-Biomass;
;TES_per_sqm-kWh-Res-HH-Thermal-SH-Biomass-WH-Biomass-Solar-Solar;
;TES_per_sqm-kWh-Res-HH-Thermal-SH-Biomass-WH-LPG-NoSolar-LPG;
;TES_per_sqm-kWh-Res-HH-Thermal-SH-Biomass-WH-LPG-Solar;
;TES_per_sqm-kWh-Res-HH-Thermal-SH-Biomass-WH-LPG-Solar-LPG;
;TES_per_sqm-kWh-Res-HH-Thermal-SH-Biomass-WH-LPG-Solar-Solar;
;TES_per_sqm-kWh-Res-HH-Thermal-SH-Biomass-WH-Elc-NoSolar-Elec;
;TES_per_sqm-kWh-Res-HH-Thermal-SH-Biomass-WH-Elc-Solar;
;TES_per_sqm-kWh-Res-HH-Thermal-SH-Biomass-WH-Elc-Solar-Elec;
;TES_per_sqm-kWh-Res-HH-Thermal-SH-Biomass-WH-Elc-Solar-Solar;
;TES_per_sqm-kWh-Res-HH-Thermal-SH-Biomass-CO;
;TES_per_sqm-kWh-Res-HH-Thermal-SH-Biomass-CO-Biomass-Biomass;
;TES_per_sqm-kWh-Res-HH-Thermal-SH-Biomass-CO-LPG-LPG;
;TES_per_sqm-kWh-Res-HH-Thermal-SH-Biomass-CO-Elc-Elec;
;TES_per_sqm-kWh-Res-HH-Thermal-SH-Geo;
;TES_per_sqm-kWh-Res-HH-Thermal-SH-Geo-SH;
;TES_per_sqm-kWh-Res-HH-Thermal-SH-Geo-SH-Geo;
;TES_per_sqm-kWh-Res-HH-Thermal-SH-Geo-SH-Elec;
;TES_per_sqm-kWh-Res-HH-Thermal-SH-Geo-SC;
;TES_per_sqm-kWh-Res-HH-Thermal-SH-Geo-SC-AC-Elec;
;TES_per_sqm-kWh-Res-HH-Thermal-SH-Geo-WH;
;TES_per_sqm-kWh-Res-HH-Thermal-SH-Geo-WH-Geo-NoSolar-Geo;
;TES_per_sqm-kWh-Res-HH-Thermal-SH-Geo-WH-Geo-Solar;
;TES_per_sqm-kWh-Res-HH-Thermal-SH-Geo-WH-Geo-Solar-Geo;
;TES_per_sqm-kWh-Res-HH-Thermal-SH-Geo-WH-Geo-Solar-Solar;
;TES_per_sqm-kWh-Res-HH-Thermal-SH-Geo-WH-Elc-NoSolar-Elec;
;TES_per_sqm-kWh-Res-HH-Thermal-SH-Geo-WH-Elc-Solar;
;TES_per_sqm-kWh-Res-HH-Thermal-SH-Geo-WH-Elc-Solar-Elec;
;TES_per_sqm-kWh-Res-HH-Thermal-SH-Geo-WH-Elc-Solar-Solar;
;TES_per_sqm-kWh-Res-HH-Thermal-SH-Geo-CO;
;TES_per_sqm-kWh-Res-HH-Thermal-SH-Geo-CO-LPG-LPG;
;TES_per_sqm-kWh-Res-HH-Thermal-SH-Geo-CO-Elc-Elec;
;TES_per_sqm-kWh-Res-HH-Thermal-SH-DistrHeat;
;TES_per_sqm-kWh-Res-HH-Thermal-SH-DistrHeat-SH;
;TES_per_sqm-kWh-Res-HH-Thermal-SH-DistrHeat-SH-Steam_Distr;
;TES_per_sqm-kWh-Res-HH-Thermal-SH-DistrHeat-SH-Elec;
;TES_per_sqm-kWh-Res-HH-Thermal-SH-DistrHeat-SC;
;TES_per_sqm-kWh-Res-HH-Thermal-SH-DistrHeat-SC-AC-Elec;
;TES_per_sqm-kWh-Res-HH-Thermal-SH-DistrHeat-WH;
;TES_per_sqm-kWh-Res-HH-Thermal-SH-DistrHeat-WH-DistrHeat-NoSolar-Steam_Distr;
;TES_per_sqm-kWh-Res-HH-Thermal-SH-DistrHeat-WH-DistrHeat-Solar;
;TES_per_sqm-kWh-Res-HH-Thermal-SH-DistrHeat-WH-DistrHeat-Solar-Steam_Distr;
;TES_per_sqm-kWh-Res-HH-Thermal-SH-DistrHeat-WH-DistrHeat-Solar-Solar;
;TES_per_sqm-kWh-Res-HH-Thermal-SH-DistrHeat-WH-Elc-NoSolar-Elec;
;TES_per_sqm-kWh-Res-HH-Thermal-SH-DistrHeat-WH-Elc-Solar;
;TES_per_sqm-kWh-Res-HH-Thermal-SH-DistrHeat-WH-Elc-Solar-Elec;
;TES_per_sqm-kWh-Res-HH-Thermal-SH-DistrHeat-WH-Elc-Solar-Solar;
;TES_per_sqm-kWh-Res-HH-Thermal-SH-DistrHeat-CO;
;TES_per_sqm-kWh-Res-HH-Thermal-SH-DistrHeat-CO-LPG-LPG;
;TES_per_sqm-kWh-Res-HH-Thermal-SH-DistrHeat-CO-Elc-Elec;
;TES_per_sqm-kWh-Res-HH-Thermal-SH-AdvElc;
;TES_per_sqm-kWh-Res-HH-Thermal-SH-AdvElc-SH;
;TES_per_sqm-kWh-Res-HH-Thermal-SH-AdvElc-SH-Elec;
;TES_per_sqm-kWh-Res-HH-Thermal-SH-AdvElc-SC;
;TES_per_sqm-kWh-Res-HH-Thermal-SH-AdvElc-SC-AC-Elec;
;TES_per_sqm-kWh-Res-HH-Thermal-SH-AdvElc-WH;
;TES_per_sqm-kWh-Res-HH-Thermal-SH-AdvElc-WH-LPG-NoSolar-LPG;
;TES_per_sqm-kWh-Res-HH-Thermal-SH-AdvElc-WH-LPG-Solar;
;TES_per_sqm-kWh-Res-HH-Thermal-SH-AdvElc-WH-LPG-Solar-LPG;
;TES_per_sqm-kWh-Res-HH-Thermal-SH-AdvElc-WH-LPG-Solar-Solar;
;TES_per_sqm-kWh-Res-HH-Thermal-SH-AdvElc-WH-Elc-NoSolar-Elec;
;TES_per_sqm-kWh-Res-HH-Thermal-SH-AdvElc-WH-Elc-Solar;
;TES_per_sqm-kWh-Res-HH-Thermal-SH-AdvElc-WH-Elc-Solar-Elec;
;TES_per_sqm-kWh-Res-HH-Thermal-SH-AdvElc-WH-Elc-Solar-Solar;
;TES_per_sqm-kWh-Res-HH-Thermal-SH-AdvElc-CO;
;TES_per_sqm-kWh-Res-HH-Thermal-SH-AdvElc-CO-LPG-LPG;
;TES_per_sqm-kWh-Res-HH-Thermal-SH-AdvElc-CO-Elc-Elec;
;TES_per_sqm-kWh-Res-HH-Thermal-SH-ConvElc;
;TES_per_sqm-kWh-Res-HH-Thermal-SH-ConvElc-SH;
;TES_per_sqm-kWh-Res-HH-Thermal-SH-ConvElc-SH-Elec;
;TES_per_sqm-kWh-Res-HH-Thermal-SH-ConvElc-SC;
;TES_per_sqm-kWh-Res-HH-Thermal-SH-ConvElc-SC-AC-Elec;
;TES_per_sqm-kWh-Res-HH-Thermal-SH-ConvElc-WH;
;TES_per_sqm-kWh-Res-HH-Thermal-SH-ConvElc-WH-LPG-NoSolar-LPG;
;TES_per_sqm-kWh-Res-HH-Thermal-SH-ConvElc-WH-LPG-Solar;
;TES_per_sqm-kWh-Res-HH-Thermal-SH-ConvElc-WH-LPG-Solar-LPG;
;TES_per_sqm-kWh-Res-HH-Thermal-SH-ConvElc-WH-LPG-Solar-Solar;
;TES_per_sqm-kWh-Res-HH-Thermal-SH-ConvElc-WH-Elc-NoSolar-Elec;
;TES_per_sqm-kWh-Res-HH-Thermal-SH-ConvElc-WH-Elc-Solar;
;TES_per_sqm-kWh-Res-HH-Thermal-SH-ConvElc-WH-Elc-Solar-Elec;
;TES_per_sqm-kWh-Res-HH-Thermal-SH-ConvElc-WH-Elc-Solar-Solar;
;TES_per_sqm-kWh-Res-HH-Thermal-SH-ConvElc-CO;
;TES_per_sqm-kWh-Res-HH-Thermal-SH-ConvElc-CO-LPG-LPG;
;TES_per_sqm-kWh-Res-HH-Thermal-SH-ConvElc-CO-Elc-Elec;
;EMI_per_sqm-kgCO2-Res-HH-Thermal-SH-Solids;
;EMI_per_sqm-kgCO2-Res-HH-Thermal-SH-Solids-SH;
;EMI_per_sqm-kgCO2-Res-HH-Thermal-SH-Solids-SH-Solids;
;EMI_per_sqm-kgCO2-Res-HH-Thermal-SH-Solids-SH-Elec;
;EMI_per_sqm-kgCO2-Res-HH-Thermal-SH-Solids-SC;
;EMI_per_sqm-kgCO2-Res-HH-Thermal-SH-Solids-SC-AC-Elec;
;EMI_per_sqm-kgCO2-Res-HH-Thermal-SH-Solids-WH;
;EMI_per_sqm-kgCO2-Res-HH-Thermal-SH-Solids-WH-Solids-NoSolar-Solids;
;EMI_per_sqm-kgCO2-Res-HH-Thermal-SH-Solids-WH-LPG-NoSolar-LPG;
;EMI_per_sqm-kgCO2-Res-HH-Thermal-SH-Solids-WH-LPG-Solar;
;EMI_per_sqm-kgCO2-Res-HH-Thermal-SH-Solids-WH-LPG-Solar-LPG;
;EMI_per_sqm-kgCO2-Res-HH-Thermal-SH-Solids-WH-LPG-Solar-Solar;
;EMI_per_sqm-kgCO2-Res-HH-Thermal-SH-Solids-WH-Elc-NoSolar-Elec;
;EMI_per_sqm-kgCO2-Res-HH-Thermal-SH-Solids-WH-Elc-Solar;
;EMI_per_sqm-kgCO2-Res-HH-Thermal-SH-Solids-WH-Elc-Solar-Elec;
;EMI_per_sqm-kgCO2-Res-HH-Thermal-SH-Solids-WH-Elc-Solar-Solar;
;EMI_per_sqm-kgCO2-Res-HH-Thermal-SH-Solids-CO;
;EMI_per_sqm-kgCO2-Res-HH-Thermal-SH-Solids-CO-Solids-Solids;
;EMI_per_sqm-kgCO2-Res-HH-Thermal-SH-Solids-CO-LPG-LPG;
;EMI_per_sqm-kgCO2-Res-HH-Thermal-SH-Solids-CO-Elc-Elec;
;EMI_per_sqm-kgCO2-Res-HH-Thermal-SH-LPG;
;EMI_per_sqm-kgCO2-Res-HH-Thermal-SH-LPG-SH;
;EMI_per_sqm-kgCO2-Res-HH-Thermal-SH-LPG-SH-LPG;
;EMI_per_sqm-kgCO2-Res-HH-Thermal-SH-LPG-SH-Elec;
;EMI_per_sqm-kgCO2-Res-HH-Thermal-SH-LPG-SC;
;EMI_per_sqm-kgCO2-Res-HH-Thermal-SH-LPG-SC-AC-Elec;
;EMI_per_sqm-kgCO2-Res-HH-Thermal-SH-LPG-WH;
;EMI_per_sqm-kgCO2-Res-HH-Thermal-SH-LPG-WH-LPG-NoSolar-LPG;
;EMI_per_sqm-kgCO2-Res-HH-Thermal-SH-LPG-WH-LPG-Solar;
;EMI_per_sqm-kgCO2-Res-HH-Thermal-SH-LPG-WH-LPG-Solar-LPG;
;EMI_per_sqm-kgCO2-Res-HH-Thermal-SH-LPG-WH-LPG-Solar-Solar;
;EMI_per_sqm-kgCO2-Res-HH-Thermal-SH-LPG-WH-Elc-NoSolar-Elec;
;EMI_per_sqm-kgCO2-Res-HH-Thermal-SH-LPG-WH-Elc-Solar;
;EMI_per_sqm-kgCO2-Res-HH-Thermal-SH-LPG-WH-Elc-Solar-Elec;
;EMI_per_sqm-kgCO2-Res-HH-Thermal-SH-LPG-WH-Elc-Solar-Solar;
;EMI_per_sqm-kgCO2-Res-HH-Thermal-SH-LPG-CO;
;EMI_per_sqm-kgCO2-Res-HH-Thermal-SH-LPG-CO-LPG-LPG;
;EMI_per_sqm-kgCO2-Res-HH-Thermal-SH-LPG-CO-Elc-Elec;
;EMI_per_sqm-kgCO2-Res-HH-Thermal-SH-Oil;
;EMI_per_sqm-kgCO2-Res-HH-Thermal-SH-Oil-SH;
;EMI_per_sqm-kgCO2-Res-HH-Thermal-SH-Oil-SH-Oil;
;EMI_per_sqm-kgCO2-Res-HH-Thermal-SH-Oil-SH-Elec;
;EMI_per_sqm-kgCO2-Res-HH-Thermal-SH-Oil-SC;
;EMI_per_sqm-kgCO2-Res-HH-Thermal-SH-Oil-SC-AC-Elec;
;EMI_per_sqm-kgCO2-Res-HH-Thermal-SH-Oil-WH;
;EMI_per_sqm-kgCO2-Res-HH-Thermal-SH-Oil-WH-Oil-NoSolar-Oil;
;EMI_per_sqm-kgCO2-Res-HH-Thermal-SH-Oil-WH-Oil-Solar;
;EMI_per_sqm-kgCO2-Res-HH-Thermal-SH-Oil-WH-Oil-Solar-Oil;
;EMI_per_sqm-kgCO2-Res-HH-Thermal-SH-Oil-WH-Oil-Solar-Solar;
;EMI_per_sqm-kgCO2-Res-HH-Thermal-SH-Oil-WH-Elc-NoSolar-Elec;
;EMI_per_sqm-kgCO2-Res-HH-Thermal-SH-Oil-WH-Elc-Solar;
;EMI_per_sqm-kgCO2-Res-HH-Thermal-SH-Oil-WH-Elc-Solar-Elec;
;EMI_per_sqm-kgCO2-Res-HH-Thermal-SH-Oil-WH-Elc-Solar-Solar;
;EMI_per_sqm-kgCO2-Res-HH-Thermal-SH-Oil-CO;
;EMI_per_sqm-kgCO2-Res-HH-Thermal-SH-Oil-CO-LPG-LPG;
;EMI_per_sqm-kgCO2-Res-HH-Thermal-SH-Oil-CO-Elc-Elec;
;EMI_per_sqm-kgCO2-Res-HH-Thermal-SH-Gas;
;EMI_per_sqm-kgCO2-Res-HH-Thermal-SH-Gas-SH;
;EMI_per_sqm-kgCO2-Res-HH-Thermal-SH-Gas-SH-Gas;
;EMI_per_sqm-kgCO2-Res-HH-Thermal-SH-Gas-SH-Elec;
;EMI_per_sqm-kgCO2-Res-HH-Thermal-SH-Gas-SC;
;EMI_per_sqm-kgCO2-Res-HH-Thermal-SH-Gas-SC-AC-Elec;
;EMI_per_sqm-kgCO2-Res-HH-Thermal-SH-Gas-WH;
;EMI_per_sqm-kgCO2-Res-HH-Thermal-SH-Gas-WH-Gas-NoSolar-Gas;
;EMI_per_sqm-kgCO2-Res-HH-Thermal-SH-Gas-WH-Gas-Solar;
;EMI_per_sqm-kgCO2-Res-HH-Thermal-SH-Gas-WH-Gas-Solar-Gas;
;EMI_per_sqm-kgCO2-Res-HH-Thermal-SH-Gas-WH-Gas-Solar-Solar;
;EMI_per_sqm-kgCO2-Res-HH-Thermal-SH-Gas-WH-Elc-NoSolar-Elec;
;EMI_per_sqm-kgCO2-Res-HH-Thermal-SH-Gas-WH-Elc-Solar;
;EMI_per_sqm-kgCO2-Res-HH-Thermal-SH-Gas-WH-Elc-Solar-Elec;
;EMI_per_sqm-kgCO2-Res-HH-Thermal-SH-Gas-WH-Elc-Solar-Solar;
;EMI_per_sqm-kgCO2-Res-HH-Thermal-SH-Gas-CO;
;EMI_per_sqm-kgCO2-Res-HH-Thermal-SH-Gas-CO-Gas-Gas;
;EMI_per_sqm-kgCO2-Res-HH-Thermal-SH-Gas-CO-Elc-Elec;
;EMI_per_sqm-kgCO2-Res-HH-Thermal-SH-Biomass;
;EMI_per_sqm-kgCO2-Res-HH-Thermal-SH-Biomass-SH;
;EMI_per_sqm-kgCO2-Res-HH-Thermal-SH-Biomass-SH-Biomass;
;EMI_per_sqm-kgCO2-Res-HH-Thermal-SH-Biomass-SH-Elec;
;EMI_per_sqm-kgCO2-Res-HH-Thermal-SH-Biomass-SC;
;EMI_per_sqm-kgCO2-Res-HH-Thermal-SH-Biomass-SC-AC-Elec;
;EMI_per_sqm-kgCO2-Res-HH-Thermal-SH-Biomass-WH;
;EMI_per_sqm-kgCO2-Res-HH-Thermal-SH-Biomass-WH-Biomass-NoSolar-Biomass;
;EMI_per_sqm-kgCO2-Res-HH-Thermal-SH-Biomass-WH-Biomass-Solar;
;EMI_per_sqm-kgCO2-Res-HH-Thermal-SH-Biomass-WH-Biomass-Solar-Biomass;
;EMI_per_sqm-kgCO2-Res-HH-Thermal-SH-Biomass-WH-Biomass-Solar-Solar;
;EMI_per_sqm-kgCO2-Res-HH-Thermal-SH-Biomass-WH-LPG-NoSolar-LPG;
;EMI_per_sqm-kgCO2-Res-HH-Thermal-SH-Biomass-WH-LPG-Solar;
;EMI_per_sqm-kgCO2-Res-HH-Thermal-SH-Biomass-WH-LPG-Solar-LPG;
;EMI_per_sqm-kgCO2-Res-HH-Thermal-SH-Biomass-WH-LPG-Solar-Solar;
;EMI_per_sqm-kgCO2-Res-HH-Thermal-SH-Biomass-WH-Elc-NoSolar-Elec;
;EMI_per_sqm-kgCO2-Res-HH-Thermal-SH-Biomass-WH-Elc-Solar;
;EMI_per_sqm-kgCO2-Res-HH-Thermal-SH-Biomass-WH-Elc-Solar-Elec;
;EMI_per_sqm-kgCO2-Res-HH-Thermal-SH-Biomass-WH-Elc-Solar-Solar;
;EMI_per_sqm-kgCO2-Res-HH-Thermal-SH-Biomass-CO;
;EMI_per_sqm-kgCO2-Res-HH-Thermal-SH-Biomass-CO-Biomass-Biomass;
;EMI_per_sqm-kgCO2-Res-HH-Thermal-SH-Biomass-CO-LPG-LPG;
;EMI_per_sqm-kgCO2-Res-HH-Thermal-SH-Biomass-CO-Elc-Elec;
;EMI_per_sqm-kgCO2-Res-HH-Thermal-SH-Geo;
;EMI_per_sqm-kgCO2-Res-HH-Thermal-SH-Geo-SH;
;EMI_per_sqm-kgCO2-Res-HH-Thermal-SH-Geo-SH-Geo;
;EMI_per_sqm-kgCO2-Res-HH-Thermal-SH-Geo-SH-Elec;
;EMI_per_sqm-kgCO2-Res-HH-Thermal-SH-Geo-SC;
;EMI_per_sqm-kgCO2-Res-HH-Thermal-SH-Geo-SC-AC-Elec;
;EMI_per_sqm-kgCO2-Res-HH-Thermal-SH-Geo-WH;
;EMI_per_sqm-kgCO2-Res-HH-Thermal-SH-Geo-WH-Geo-NoSolar-Geo;
;EMI_per_sqm-kgCO2-Res-HH-Thermal-SH-Geo-WH-Geo-Solar;
;EMI_per_sqm-kgCO2-Res-HH-Thermal-SH-Geo-WH-Geo-Solar-Geo;
;EMI_per_sqm-kgCO2-Res-HH-Thermal-SH-Geo-WH-Geo-Solar-Solar;
;EMI_per_sqm-kgCO2-Res-HH-Thermal-SH-Geo-WH-Elc-NoSolar-Elec;
;EMI_per_sqm-kgCO2-Res-HH-Thermal-SH-Geo-WH-Elc-Solar;
;EMI_per_sqm-kgCO2-Res-HH-Thermal-SH-Geo-WH-Elc-Solar-Elec;
;EMI_per_sqm-kgCO2-Res-HH-Thermal-SH-Geo-WH-Elc-Solar-Solar;
;EMI_per_sqm-kgCO2-Res-HH-Thermal-SH-Geo-CO;
;EMI_per_sqm-kgCO2-Res-HH-Thermal-SH-Geo-CO-LPG-LPG;
;EMI_per_sqm-kgCO2-Res-HH-Thermal-SH-Geo-CO-Elc-Elec;
;EMI_per_sqm-kgCO2-Res-HH-Thermal-SH-DistrHeat;
;EMI_per_sqm-kgCO2-Res-HH-Thermal-SH-DistrHeat-SH;
;EMI_per_sqm-kgCO2-Res-HH-Thermal-SH-DistrHeat-SH-Steam_Distr;
;EMI_per_sqm-kgCO2-Res-HH-Thermal-SH-DistrHeat-SH-Elec;
;EMI_per_sqm-kgCO2-Res-HH-Thermal-SH-DistrHeat-SC;
;EMI_per_sqm-kgCO2-Res-HH-Thermal-SH-DistrHeat-SC-AC-Elec;
;EMI_per_sqm-kgCO2-Res-HH-Thermal-SH-DistrHeat-WH;
;EMI_per_sqm-kgCO2-Res-HH-Thermal-SH-DistrHeat-WH-DistrHeat-NoSolar-Steam_Distr;
;EMI_per_sqm-kgCO2-Res-HH-Thermal-SH-DistrHeat-WH-DistrHeat-Solar;
;EMI_per_sqm-kgCO2-Res-HH-Thermal-SH-DistrHeat-WH-DistrHeat-Solar-Steam_Distr;
;EMI_per_sqm-kgCO2-Res-HH-Thermal-SH-DistrHeat-WH-DistrHeat-Solar-Solar;
;EMI_per_sqm-kgCO2-Res-HH-Thermal-SH-DistrHeat-WH-Elc-NoSolar-Elec;
;EMI_per_sqm-kgCO2-Res-HH-Thermal-SH-DistrHeat-WH-Elc-Solar;
;EMI_per_sqm-kgCO2-Res-HH-Thermal-SH-DistrHeat-WH-Elc-Solar-Elec;
;EMI_per_sqm-kgCO2-Res-HH-Thermal-SH-DistrHeat-WH-Elc-Solar-Solar;
;EMI_per_sqm-kgCO2-Res-HH-Thermal-SH-DistrHeat-CO;
;EMI_per_sqm-kgCO2-Res-HH-Thermal-SH-DistrHeat-CO-LPG-LPG;
;EMI_per_sqm-kgCO2-Res-HH-Thermal-SH-DistrHeat-CO-Elc-Elec;
;EMI_per_sqm-kgCO2-Res-HH-Thermal-SH-AdvElc;
;EMI_per_sqm-kgCO2-Res-HH-Thermal-SH-AdvElc-SH;
;EMI_per_sqm-kgCO2-Res-HH-Thermal-SH-AdvElc-SH-Elec;
;EMI_per_sqm-kgCO2-Res-HH-Thermal-SH-AdvElc-SC;
;EMI_per_sqm-kgCO2-Res-HH-Thermal-SH-AdvElc-SC-AC-Elec;
;EMI_per_sqm-kgCO2-Res-HH-Thermal-SH-AdvElc-WH;
;EMI_per_sqm-kgCO2-Res-HH-Thermal-SH-AdvElc-WH-LPG-NoSolar-LPG;
;EMI_per_sqm-kgCO2-Res-HH-Thermal-SH-AdvElc-WH-LPG-Solar;
;EMI_per_sqm-kgCO2-Res-HH-Thermal-SH-AdvElc-WH-LPG-Solar-LPG;
;EMI_per_sqm-kgCO2-Res-HH-Thermal-SH-AdvElc-WH-LPG-Solar-Solar;
;EMI_per_sqm-kgCO2-Res-HH-Thermal-SH-AdvElc-WH-Elc-NoSolar-Elec;
;EMI_per_sqm-kgCO2-Res-HH-Thermal-SH-AdvElc-WH-Elc-Solar;
;EMI_per_sqm-kgCO2-Res-HH-Thermal-SH-AdvElc-WH-Elc-Solar-Elec;
;EMI_per_sqm-kgCO2-Res-HH-Thermal-SH-AdvElc-WH-Elc-Solar-Solar;
;EMI_per_sqm-kgCO2-Res-HH-Thermal-SH-AdvElc-CO;
;EMI_per_sqm-kgCO2-Res-HH-Thermal-SH-AdvElc-CO-LPG-LPG;
;EMI_per_sqm-kgCO2-Res-HH-Thermal-SH-AdvElc-CO-Elc-Elec;
;EMI_per_sqm-kgCO2-Res-HH-Thermal-SH-ConvElc;
;EMI_per_sqm-kgCO2-Res-HH-Thermal-SH-ConvElc-SH;
;EMI_per_sqm-kgCO2-Res-HH-Thermal-SH-ConvElc-SH-Elec;
;EMI_per_sqm-kgCO2-Res-HH-Thermal-SH-ConvElc-SC;
;EMI_per_sqm-kgCO2-Res-HH-Thermal-SH-ConvElc-SC-AC-Elec;
;EMI_per_sqm-kgCO2-Res-HH-Thermal-SH-ConvElc-WH;
;EMI_per_sqm-kgCO2-Res-HH-Thermal-SH-ConvElc-WH-LPG-NoSolar-LPG;
;EMI_per_sqm-kgCO2-Res-HH-Thermal-SH-ConvElc-WH-LPG-Solar;
;EMI_per_sqm-kgCO2-Res-HH-Thermal-SH-ConvElc-WH-LPG-Solar-LPG;
;EMI_per_sqm-kgCO2-Res-HH-Thermal-SH-ConvElc-WH-LPG-Solar-Solar;
;EMI_per_sqm-kgCO2-Res-HH-Thermal-SH-ConvElc-WH-Elc-NoSolar-Elec;
;EMI_per_sqm-kgCO2-Res-HH-Thermal-SH-ConvElc-WH-Elc-Solar;
;EMI_per_sqm-kgCO2-Res-HH-Thermal-SH-ConvElc-WH-Elc-Solar-Elec;
;EMI_per_sqm-kgCO2-Res-HH-Thermal-SH-ConvElc-WH-Elc-Solar-Solar;
;EMI_per_sqm-kgCO2-Res-HH-Thermal-SH-ConvElc-CO;
;EMI_per_sqm-kgCO2-Res-HH-Thermal-SH-ConvElc-CO-LPG-LPG;
;EMI_per_sqm-kgCO2-Res-HH-Thermal-SH-ConvElc-CO-Elc-Elec;
;FEC-ktoe-Res-HHnew-Thermal-SH-Solids;
;FEC-ktoe-Res-HHnew-Thermal-SH-Solids-SH;
;FEC-ktoe-Res-HHnew-Thermal-SH-Solids-SH-Solids;
;FEC-ktoe-Res-HHnew-Thermal-SH-Solids-SH-Elec;
;FEC-ktoe-Res-HHnew-Thermal-SH-Solids-SC;
;FEC-ktoe-Res-HHnew-Thermal-SH-Solids-SC-AC-Elec;
;FEC-ktoe-Res-HHnew-Thermal-SH-Solids-WH;
;FEC-ktoe-Res-HHnew-Thermal-SH-Solids-WH-Solids-NoSolar-Solids;
;FEC-ktoe-Res-HHnew-Thermal-SH-Solids-WH-LPG-NoSolar-LPG;
;FEC-ktoe-Res-HHnew-Thermal-SH-Solids-WH-LPG-Solar;
;FEC-ktoe-Res-HHnew-Thermal-SH-Solids-WH-LPG-Solar-LPG;
;FEC-ktoe-Res-HHnew-Thermal-SH-Solids-WH-LPG-Solar-Solar;
;FEC-ktoe-Res-HHnew-Thermal-SH-Solids-WH-Elc-NoSolar-Elec;
;FEC-ktoe-Res-HHnew-Thermal-SH-Solids-WH-Elc-Solar;
;FEC-ktoe-Res-HHnew-Thermal-SH-Solids-WH-Elc-Solar-Elec;
;FEC-ktoe-Res-HHnew-Thermal-SH-Solids-WH-Elc-Solar-Solar;
;FEC-ktoe-Res-HHnew-Thermal-SH-Solids-CO;
;FEC-ktoe-Res-HHnew-Thermal-SH-Solids-CO-Solids-Solids;
;FEC-ktoe-Res-HHnew-Thermal-SH-Solids-CO-LPG-LPG;
;FEC-ktoe-Res-HHnew-Thermal-SH-Solids-CO-Elc-Elec;
;FEC-ktoe-Res-HHnew-Thermal-SH-LPG;
;FEC-ktoe-Res-HHnew-Thermal-SH-LPG-SH;
;FEC-ktoe-Res-HHnew-Thermal-SH-LPG-SH-LPG;
;FEC-ktoe-Res-HHnew-Thermal-SH-LPG-SH-Elec;
;FEC-ktoe-Res-HHnew-Thermal-SH-LPG-SC;
;FEC-ktoe-Res-HHnew-Thermal-SH-LPG-SC-AC-Elec;
;FEC-ktoe-Res-HHnew-Thermal-SH-LPG-WH;
;FEC-ktoe-Res-HHnew-Thermal-SH-LPG-WH-LPG-NoSolar-LPG;
;FEC-ktoe-Res-HHnew-Thermal-SH-LPG-WH-LPG-Solar;
;FEC-ktoe-Res-HHnew-Thermal-SH-LPG-WH-LPG-Solar-LPG;
;FEC-ktoe-Res-HHnew-Thermal-SH-LPG-WH-LPG-Solar-Solar;
;FEC-ktoe-Res-HHnew-Thermal-SH-LPG-WH-Elc-NoSolar-Elec;
;FEC-ktoe-Res-HHnew-Thermal-SH-LPG-WH-Elc-Solar;
;FEC-ktoe-Res-HHnew-Thermal-SH-LPG-WH-Elc-Solar-Elec;
;FEC-ktoe-Res-HHnew-Thermal-SH-LPG-WH-Elc-Solar-Solar;
;FEC-ktoe-Res-HHnew-Thermal-SH-LPG-CO;
;FEC-ktoe-Res-HHnew-Thermal-SH-LPG-CO-LPG-LPG;
;FEC-ktoe-Res-HHnew-Thermal-SH-LPG-CO-Elc-Elec;
;FEC-ktoe-Res-HHnew-Thermal-SH-Oil;
;FEC-ktoe-Res-HHnew-Thermal-SH-Oil-SH;
;FEC-ktoe-Res-HHnew-Thermal-SH-Oil-SH-Oil;
;FEC-ktoe-Res-HHnew-Thermal-SH-Oil-SH-Elec;
;FEC-ktoe-Res-HHnew-Thermal-SH-Oil-SC;
;FEC-ktoe-Res-HHnew-Thermal-SH-Oil-SC-AC-Elec;
;FEC-ktoe-Res-HHnew-Thermal-SH-Oil-WH;
;FEC-ktoe-Res-HHnew-Thermal-SH-Oil-WH-Oil-NoSolar-Oil;
;FEC-ktoe-Res-HHnew-Thermal-SH-Oil-WH-Oil-Solar;
;FEC-ktoe-Res-HHnew-Thermal-SH-Oil-WH-Oil-Solar-Oil;
;FEC-ktoe-Res-HHnew-Thermal-SH-Oil-WH-Oil-Solar-Solar;
;FEC-ktoe-Res-HHnew-Thermal-SH-Oil-WH-Elc-NoSolar-Elec;
;FEC-ktoe-Res-HHnew-Thermal-SH-Oil-WH-Elc-Solar;
;FEC-ktoe-Res-HHnew-Thermal-SH-Oil-WH-Elc-Solar-Elec;
;FEC-ktoe-Res-HHnew-Thermal-SH-Oil-WH-Elc-Solar-Solar;
;FEC-ktoe-Res-HHnew-Thermal-SH-Oil-CO;
;FEC-ktoe-Res-HHnew-Thermal-SH-Oil-CO-LPG-LPG;
;FEC-ktoe-Res-HHnew-Thermal-SH-Oil-CO-Elc-Elec;
;FEC-ktoe-Res-HHnew-Thermal-SH-Gas;
;FEC-ktoe-Res-HHnew-Thermal-SH-Gas-SH;
;FEC-ktoe-Res-HHnew-Thermal-SH-Gas-SH-Gas;
;FEC-ktoe-Res-HHnew-Thermal-SH-Gas-SH-Elec;
;FEC-ktoe-Res-HHnew-Thermal-SH-Gas-SC;
;FEC-ktoe-Res-HHnew-Thermal-SH-Gas-SC-AC-Elec;
;FEC-ktoe-Res-HHnew-Thermal-SH-Gas-WH;
;FEC-ktoe-Res-HHnew-Thermal-SH-Gas-WH-Gas-NoSolar-Gas;
;FEC-ktoe-Res-HHnew-Thermal-SH-Gas-WH-Gas-Solar;
;FEC-ktoe-Res-HHnew-Thermal-SH-Gas-WH-Gas-Solar-Gas;
;FEC-ktoe-Res-HHnew-Thermal-SH-Gas-WH-Gas-Solar-Solar;
;FEC-ktoe-Res-HHnew-Thermal-SH-Gas-WH-Elc-NoSolar-Elec;
;FEC-ktoe-Res-HHnew-Thermal-SH-Gas-WH-Elc-Solar;
;FEC-ktoe-Res-HHnew-Thermal-SH-Gas-WH-Elc-Solar-Elec;
;FEC-ktoe-Res-HHnew-Thermal-SH-Gas-WH-Elc-Solar-Solar;
;FEC-ktoe-Res-HHnew-Thermal-SH-Gas-CO;
;FEC-ktoe-Res-HHnew-Thermal-SH-Gas-CO-Gas-Gas;
;FEC-ktoe-Res-HHnew-Thermal-SH-Gas-CO-Elc-Elec;
;FEC-ktoe-Res-HHnew-Thermal-SH-Biomass;
;FEC-ktoe-Res-HHnew-Thermal-SH-Biomass-SH;
;FEC-ktoe-Res-HHnew-Thermal-SH-Biomass-SH-Biomass;
;FEC-ktoe-Res-HHnew-Thermal-SH-Biomass-SH-Elec;
;FEC-ktoe-Res-HHnew-Thermal-SH-Biomass-SC;
;FEC-ktoe-Res-HHnew-Thermal-SH-Biomass-SC-AC-Elec;
;FEC-ktoe-Res-HHnew-Thermal-SH-Biomass-WH;
;FEC-ktoe-Res-HHnew-Thermal-SH-Biomass-WH-Biomass-NoSolar-Biomass;
;FEC-ktoe-Res-HHnew-Thermal-SH-Biomass-WH-Biomass-Solar;
;FEC-ktoe-Res-HHnew-Thermal-SH-Biomass-WH-Biomass-Solar-Biomass;
;FEC-ktoe-Res-HHnew-Thermal-SH-Biomass-WH-Biomass-Solar-Solar;
;FEC-ktoe-Res-HHnew-Thermal-SH-Biomass-WH-LPG-NoSolar-LPG;
;FEC-ktoe-Res-HHnew-Thermal-SH-Biomass-WH-LPG-Solar;
;FEC-ktoe-Res-HHnew-Thermal-SH-Biomass-WH-LPG-Solar-LPG;
;FEC-ktoe-Res-HHnew-Thermal-SH-Biomass-WH-LPG-Solar-Solar;
;FEC-ktoe-Res-HHnew-Thermal-SH-Biomass-WH-Elc-NoSolar-Elec;
;FEC-ktoe-Res-HHnew-Thermal-SH-Biomass-WH-Elc-Solar;
;FEC-ktoe-Res-HHnew-Thermal-SH-Biomass-WH-Elc-Solar-Elec;
;FEC-ktoe-Res-HHnew-Thermal-SH-Biomass-WH-Elc-Solar-Solar;
;FEC-ktoe-Res-HHnew-Thermal-SH-Biomass-CO;
;FEC-ktoe-Res-HHnew-Thermal-SH-Biomass-CO-Biomass-Biomass;
;FEC-ktoe-Res-HHnew-Thermal-SH-Biomass-CO-LPG-LPG;
;FEC-ktoe-Res-HHnew-Thermal-SH-Biomass-CO-Elc-Elec;
;FEC-ktoe-Res-HHnew-Thermal-SH-Geo;
;FEC-ktoe-Res-HHnew-Thermal-SH-Geo-SH;
;FEC-ktoe-Res-HHnew-Thermal-SH-Geo-SH-Geo;
;FEC-ktoe-Res-HHnew-Thermal-SH-Geo-SH-Elec;
;FEC-ktoe-Res-HHnew-Thermal-SH-Geo-SC;
;FEC-ktoe-Res-HHnew-Thermal-SH-Geo-SC-AC-Elec;
;FEC-ktoe-Res-HHnew-Thermal-SH-Geo-WH;
;FEC-ktoe-Res-HHnew-Thermal-SH-Geo-WH-Geo-NoSolar-Geo;
;FEC-ktoe-Res-HHnew-Thermal-SH-Geo-WH-Geo-Solar;
;FEC-ktoe-Res-HHnew-Thermal-SH-Geo-WH-Geo-Solar-Geo;
;FEC-ktoe-Res-HHnew-Thermal-SH-Geo-WH-Geo-Solar-Solar;
;FEC-ktoe-Res-HHnew-Thermal-SH-Geo-WH-Elc-NoSolar-Elec;
;FEC-ktoe-Res-HHnew-Thermal-SH-Geo-WH-Elc-Solar;
;FEC-ktoe-Res-HHnew-Thermal-SH-Geo-WH-Elc-Solar-Elec;
;FEC-ktoe-Res-HHnew-Thermal-SH-Geo-WH-Elc-Solar-Solar;
;FEC-ktoe-Res-HHnew-Thermal-SH-Geo-CO;
;FEC-ktoe-Res-HHnew-Thermal-SH-Geo-CO-LPG-LPG;
;FEC-ktoe-Res-HHnew-Thermal-SH-Geo-CO-Elc-Elec;
;FEC-ktoe-Res-HHnew-Thermal-SH-DistrHeat;
;FEC-ktoe-Res-HHnew-Thermal-SH-DistrHeat-SH;
;FEC-ktoe-Res-HHnew-Thermal-SH-DistrHeat-SH-Steam_Distr;
;FEC-ktoe-Res-HHnew-Thermal-SH-DistrHeat-SH-Elec;
;FEC-ktoe-Res-HHnew-Thermal-SH-DistrHeat-SC;
;FEC-ktoe-Res-HHnew-Thermal-SH-DistrHeat-SC-AC-Elec;
;FEC-ktoe-Res-HHnew-Thermal-SH-DistrHeat-WH;
;FEC-ktoe-Res-HHnew-Thermal-SH-DistrHeat-WH-DistrHeat-NoSolar-Steam_Distr;
;FEC-ktoe-Res-HHnew-Thermal-SH-DistrHeat-WH-DistrHeat-Solar;
;FEC-ktoe-Res-HHnew-Thermal-SH-DistrHeat-WH-DistrHeat-Solar-Steam_Distr;
;FEC-ktoe-Res-HHnew-Thermal-SH-DistrHeat-WH-DistrHeat-Solar-Solar;
;FEC-ktoe-Res-HHnew-Thermal-SH-DistrHeat-WH-Elc-NoSolar-Elec;
;FEC-ktoe-Res-HHnew-Thermal-SH-DistrHeat-WH-Elc-Solar;
;FEC-ktoe-Res-HHnew-Thermal-SH-DistrHeat-WH-Elc-Solar-Elec;
;FEC-ktoe-Res-HHnew-Thermal-SH-DistrHeat-WH-Elc-Solar-Solar;
;FEC-ktoe-Res-HHnew-Thermal-SH-DistrHeat-CO;
;FEC-ktoe-Res-HHnew-Thermal-SH-DistrHeat-CO-LPG-LPG;
;FEC-ktoe-Res-HHnew-Thermal-SH-DistrHeat-CO-Elc-Elec;
;FEC-ktoe-Res-HHnew-Thermal-SH-AdvElc;
;FEC-ktoe-Res-HHnew-Thermal-SH-AdvElc-SH;
;FEC-ktoe-Res-HHnew-Thermal-SH-AdvElc-SH-Elec;
;FEC-ktoe-Res-HHnew-Thermal-SH-AdvElc-SC;
;FEC-ktoe-Res-HHnew-Thermal-SH-AdvElc-SC-AC-Elec;
;FEC-ktoe-Res-HHnew-Thermal-SH-AdvElc-WH;
;FEC-ktoe-Res-HHnew-Thermal-SH-AdvElc-WH-LPG-NoSolar-LPG;
;FEC-ktoe-Res-HHnew-Thermal-SH-AdvElc-WH-LPG-Solar;
;FEC-ktoe-Res-HHnew-Thermal-SH-AdvElc-WH-LPG-Solar-LPG;
;FEC-ktoe-Res-HHnew-Thermal-SH-AdvElc-WH-LPG-Solar-Solar;
;FEC-ktoe-Res-HHnew-Thermal-SH-AdvElc-WH-Elc-NoSolar-Elec;
;FEC-ktoe-Res-HHnew-Thermal-SH-AdvElc-WH-Elc-Solar;
;FEC-ktoe-Res-HHnew-Thermal-SH-AdvElc-WH-Elc-Solar-Elec;
;FEC-ktoe-Res-HHnew-Thermal-SH-AdvElc-WH-Elc-Solar-Solar;
;FEC-ktoe-Res-HHnew-Thermal-SH-AdvElc-CO;
;FEC-ktoe-Res-HHnew-Thermal-SH-AdvElc-CO-LPG-LPG;
;FEC-ktoe-Res-HHnew-Thermal-SH-AdvElc-CO-Elc-Elec;
;FEC-ktoe-Res-HHnew-Thermal-SH-ConvElc;
;FEC-ktoe-Res-HHnew-Thermal-SH-ConvElc-SH;
;FEC-ktoe-Res-HHnew-Thermal-SH-ConvElc-SH-Elec;
;FEC-ktoe-Res-HHnew-Thermal-SH-ConvElc-SC;
;FEC-ktoe-Res-HHnew-Thermal-SH-ConvElc-SC-AC-Elec;
;FEC-ktoe-Res-HHnew-Thermal-SH-ConvElc-WH;
;FEC-ktoe-Res-HHnew-Thermal-SH-ConvElc-WH-LPG-NoSolar-LPG;
;FEC-ktoe-Res-HHnew-Thermal-SH-ConvElc-WH-LPG-Solar;
;FEC-ktoe-Res-HHnew-Thermal-SH-ConvElc-WH-LPG-Solar-LPG;
;FEC-ktoe-Res-HHnew-Thermal-SH-ConvElc-WH-LPG-Solar-Solar;
;FEC-ktoe-Res-HHnew-Thermal-SH-ConvElc-WH-Elc-NoSolar-Elec;
;FEC-ktoe-Res-HHnew-Thermal-SH-ConvElc-WH-Elc-Solar;
;FEC-ktoe-Res-HHnew-Thermal-SH-ConvElc-WH-Elc-Solar-Elec;
;FEC-ktoe-Res-HHnew-Thermal-SH-ConvElc-WH-Elc-Solar-Solar;
;FEC-ktoe-Res-HHnew-Thermal-SH-ConvElc-CO;
;FEC-ktoe-Res-HHnew-Thermal-SH-ConvElc-CO-LPG-LPG;
;FEC-ktoe-Res-HHnew-Thermal-SH-ConvElc-CO-Elc-Elec;
;TES-ktoe-Res-HHnew-Thermal-SH-Solids;
;TES-ktoe-Res-HHnew-Thermal-SH-Solids-SH;
;TES-ktoe-Res-HHnew-Thermal-SH-Solids-SH-Solids;
;TES-ktoe-Res-HHnew-Thermal-SH-Solids-SH-Elec;
;TES-ktoe-Res-HHnew-Thermal-SH-Solids-SC;
;TES-ktoe-Res-HHnew-Thermal-SH-Solids-SC-AC-Elec;
;TES-ktoe-Res-HHnew-Thermal-SH-Solids-WH;
;TES-ktoe-Res-HHnew-Thermal-SH-Solids-WH-Solids-NoSolar-Solids;
;TES-ktoe-Res-HHnew-Thermal-SH-Solids-WH-LPG-NoSolar-LPG;
;TES-ktoe-Res-HHnew-Thermal-SH-Solids-WH-LPG-Solar;
;TES-ktoe-Res-HHnew-Thermal-SH-Solids-WH-LPG-Solar-LPG;
;TES-ktoe-Res-HHnew-Thermal-SH-Solids-WH-LPG-Solar-Solar;
;TES-ktoe-Res-HHnew-Thermal-SH-Solids-WH-Elc-NoSolar-Elec;
;TES-ktoe-Res-HHnew-Thermal-SH-Solids-WH-Elc-Solar;
;TES-ktoe-Res-HHnew-Thermal-SH-Solids-WH-Elc-Solar-Elec;
;TES-ktoe-Res-HHnew-Thermal-SH-Solids-WH-Elc-Solar-Solar;
;TES-ktoe-Res-HHnew-Thermal-SH-Solids-CO;
;TES-ktoe-Res-HHnew-Thermal-SH-Solids-CO-Solids-Solids;
;TES-ktoe-Res-HHnew-Thermal-SH-Solids-CO-LPG-LPG;
;TES-ktoe-Res-HHnew-Thermal-SH-Solids-CO-Elc-Elec;
;TES-ktoe-Res-HHnew-Thermal-SH-LPG;
;TES-ktoe-Res-HHnew-Thermal-SH-LPG-SH;
;TES-ktoe-Res-HHnew-Thermal-SH-LPG-SH-LPG;
;TES-ktoe-Res-HHnew-Thermal-SH-LPG-SH-Elec;
;TES-ktoe-Res-HHnew-Thermal-SH-LPG-SC;
;TES-ktoe-Res-HHnew-Thermal-SH-LPG-SC-AC-Elec;
;TES-ktoe-Res-HHnew-Thermal-SH-LPG-WH;
;TES-ktoe-Res-HHnew-Thermal-SH-LPG-WH-LPG-NoSolar-LPG;
;TES-ktoe-Res-HHnew-Thermal-SH-LPG-WH-LPG-Solar;
;TES-ktoe-Res-HHnew-Thermal-SH-LPG-WH-LPG-Solar-LPG;
;TES-ktoe-Res-HHnew-Thermal-SH-LPG-WH-LPG-Solar-Solar;
;TES-ktoe-Res-HHnew-Thermal-SH-LPG-WH-Elc-NoSolar-Elec;
;TES-ktoe-Res-HHnew-Thermal-SH-LPG-WH-Elc-Solar;
;TES-ktoe-Res-HHnew-Thermal-SH-LPG-WH-Elc-Solar-Elec;
;TES-ktoe-Res-HHnew-Thermal-SH-LPG-WH-Elc-Solar-Solar;
;TES-ktoe-Res-HHnew-Thermal-SH-LPG-CO;
;TES-ktoe-Res-HHnew-Thermal-SH-LPG-CO-LPG-LPG;
;TES-ktoe-Res-HHnew-Thermal-SH-LPG-CO-Elc-Elec;
;TES-ktoe-Res-HHnew-Thermal-SH-Oil;
;TES-ktoe-Res-HHnew-Thermal-SH-Oil-SH;
;TES-ktoe-Res-HHnew-Thermal-SH-Oil-SH-Oil;
;TES-ktoe-Res-HHnew-Thermal-SH-Oil-SH-Elec;
;TES-ktoe-Res-HHnew-Thermal-SH-Oil-SC;
;TES-ktoe-Res-HHnew-Thermal-SH-Oil-SC-AC-Elec;
;TES-ktoe-Res-HHnew-Thermal-SH-Oil-WH;
;TES-ktoe-Res-HHnew-Thermal-SH-Oil-WH-Oil-NoSolar-Oil;
;TES-ktoe-Res-HHnew-Thermal-SH-Oil-WH-Oil-Solar;
;TES-ktoe-Res-HHnew-Thermal-SH-Oil-WH-Oil-Solar-Oil;
;TES-ktoe-Res-HHnew-Thermal-SH-Oil-WH-Oil-Solar-Solar;
;TES-ktoe-Res-HHnew-Thermal-SH-Oil-WH-Elc-NoSolar-Elec;
;TES-ktoe-Res-HHnew-Thermal-SH-Oil-WH-Elc-Solar;
;TES-ktoe-Res-HHnew-Thermal-SH-Oil-WH-Elc-Solar-Elec;
;TES-ktoe-Res-HHnew-Thermal-SH-Oil-WH-Elc-Solar-Solar;
;TES-ktoe-Res-HHnew-Thermal-SH-Oil-CO;
;TES-ktoe-Res-HHnew-Thermal-SH-Oil-CO-LPG-LPG;
;TES-ktoe-Res-HHnew-Thermal-SH-Oil-CO-Elc-Elec;
;TES-ktoe-Res-HHnew-Thermal-SH-Gas;
;TES-ktoe-Res-HHnew-Thermal-SH-Gas-SH;
;TES-ktoe-Res-HHnew-Thermal-SH-Gas-SH-Gas;
;TES-ktoe-Res-HHnew-Thermal-SH-Gas-SH-Elec;
;TES-ktoe-Res-HHnew-Thermal-SH-Gas-SC;
;TES-ktoe-Res-HHnew-Thermal-SH-Gas-SC-AC-Elec;
;TES-ktoe-Res-HHnew-Thermal-SH-Gas-WH;
;TES-ktoe-Res-HHnew-Thermal-SH-Gas-WH-Gas-NoSolar-Gas;
;TES-ktoe-Res-HHnew-Thermal-SH-Gas-WH-Gas-Solar;
;TES-ktoe-Res-HHnew-Thermal-SH-Gas-WH-Gas-Solar-Gas;
;TES-ktoe-Res-HHnew-Thermal-SH-Gas-WH-Gas-Solar-Solar;
;TES-ktoe-Res-HHnew-Thermal-SH-Gas-WH-Elc-NoSolar-Elec;
;TES-ktoe-Res-HHnew-Thermal-SH-Gas-WH-Elc-Solar;
;TES-ktoe-Res-HHnew-Thermal-SH-Gas-WH-Elc-Solar-Elec;
;TES-ktoe-Res-HHnew-Thermal-SH-Gas-WH-Elc-Solar-Solar;
;TES-ktoe-Res-HHnew-Thermal-SH-Gas-CO;
;TES-ktoe-Res-HHnew-Thermal-SH-Gas-CO-Gas-Gas;
;TES-ktoe-Res-HHnew-Thermal-SH-Gas-CO-Elc-Elec;
;TES-ktoe-Res-HHnew-Thermal-SH-Biomass;
;TES-ktoe-Res-HHnew-Thermal-SH-Biomass-SH;
;TES-ktoe-Res-HHnew-Thermal-SH-Biomass-SH-Biomass;
;TES-ktoe-Res-HHnew-Thermal-SH-Biomass-SH-Elec;
;TES-ktoe-Res-HHnew-Thermal-SH-Biomass-SC;
;TES-ktoe-Res-HHnew-Thermal-SH-Biomass-SC-AC-Elec;
;TES-ktoe-Res-HHnew-Thermal-SH-Biomass-WH;
;TES-ktoe-Res-HHnew-Thermal-SH-Biomass-WH-Biomass-NoSolar-Biomass;
;TES-ktoe-Res-HHnew-Thermal-SH-Biomass-WH-Biomass-Solar;
;TES-ktoe-Res-HHnew-Thermal-SH-Biomass-WH-Biomass-Solar-Biomass;
;TES-ktoe-Res-HHnew-Thermal-SH-Biomass-WH-Biomass-Solar-Solar;
;TES-ktoe-Res-HHnew-Thermal-SH-Biomass-WH-LPG-NoSolar-LPG;
;TES-ktoe-Res-HHnew-Thermal-SH-Biomass-WH-LPG-Solar;
;TES-ktoe-Res-HHnew-Thermal-SH-Biomass-WH-LPG-Solar-LPG;
;TES-ktoe-Res-HHnew-Thermal-SH-Biomass-WH-LPG-Solar-Solar;
;TES-ktoe-Res-HHnew-Thermal-SH-Biomass-WH-Elc-NoSolar-Elec;
;TES-ktoe-Res-HHnew-Thermal-SH-Biomass-WH-Elc-Solar;
;TES-ktoe-Res-HHnew-Thermal-SH-Biomass-WH-Elc-Solar-Elec;
;TES-ktoe-Res-HHnew-Thermal-SH-Biomass-WH-Elc-Solar-Solar;
;TES-ktoe-Res-HHnew-Thermal-SH-Biomass-CO;
;TES-ktoe-Res-HHnew-Thermal-SH-Biomass-CO-Biomass-Biomass;
;TES-ktoe-Res-HHnew-Thermal-SH-Biomass-CO-LPG-LPG;
;TES-ktoe-Res-HHnew-Thermal-SH-Biomass-CO-Elc-Elec;
;TES-ktoe-Res-HHnew-Thermal-SH-Geo;
;TES-ktoe-Res-HHnew-Thermal-SH-Geo-SH;
;TES-ktoe-Res-HHnew-Thermal-SH-Geo-SH-Geo;
;TES-ktoe-Res-HHnew-Thermal-SH-Geo-SH-Elec;
;TES-ktoe-Res-HHnew-Thermal-SH-Geo-SC;
;TES-ktoe-Res-HHnew-Thermal-SH-Geo-SC-AC-Elec;
;TES-ktoe-Res-HHnew-Thermal-SH-Geo-WH;
;TES-ktoe-Res-HHnew-Thermal-SH-Geo-WH-Geo-NoSolar-Geo;
;TES-ktoe-Res-HHnew-Thermal-SH-Geo-WH-Geo-Solar;
;TES-ktoe-Res-HHnew-Thermal-SH-Geo-WH-Geo-Solar-Geo;
;TES-ktoe-Res-HHnew-Thermal-SH-Geo-WH-Geo-Solar-Solar;
;TES-ktoe-Res-HHnew-Thermal-SH-Geo-WH-Elc-NoSolar-Elec;
;TES-ktoe-Res-HHnew-Thermal-SH-Geo-WH-Elc-Solar;
;TES-ktoe-Res-HHnew-Thermal-SH-Geo-WH-Elc-Solar-Elec;
;TES-ktoe-Res-HHnew-Thermal-SH-Geo-WH-Elc-Solar-Solar;
;TES-ktoe-Res-HHnew-Thermal-SH-Geo-CO;
;TES-ktoe-Res-HHnew-Thermal-SH-Geo-CO-LPG-LPG;
;TES-ktoe-Res-HHnew-Thermal-SH-Geo-CO-Elc-Elec;
;TES-ktoe-Res-HHnew-Thermal-SH-DistrHeat;
;TES-ktoe-Res-HHnew-Thermal-SH-DistrHeat-SH;
;TES-ktoe-Res-HHnew-Thermal-SH-DistrHeat-SH-Steam_Distr;
;TES-ktoe-Res-HHnew-Thermal-SH-DistrHeat-SH-Elec;
;TES-ktoe-Res-HHnew-Thermal-SH-DistrHeat-SC;
;TES-ktoe-Res-HHnew-Thermal-SH-DistrHeat-SC-AC-Elec;
;TES-ktoe-Res-HHnew-Thermal-SH-DistrHeat-WH;
;TES-ktoe-Res-HHnew-Thermal-SH-DistrHeat-WH-DistrHeat-NoSolar-Steam_Distr;
;TES-ktoe-Res-HHnew-Thermal-SH-DistrHeat-WH-DistrHeat-Solar;
;TES-ktoe-Res-HHnew-Thermal-SH-DistrHeat-WH-DistrHeat-Solar-Steam_Distr;
;TES-ktoe-Res-HHnew-Thermal-SH-DistrHeat-WH-DistrHeat-Solar-Solar;
;TES-ktoe-Res-HHnew-Thermal-SH-DistrHeat-WH-Elc-NoSolar-Elec;
;TES-ktoe-Res-HHnew-Thermal-SH-DistrHeat-WH-Elc-Solar;
;TES-ktoe-Res-HHnew-Thermal-SH-DistrHeat-WH-Elc-Solar-Elec;
;TES-ktoe-Res-HHnew-Thermal-SH-DistrHeat-WH-Elc-Solar-Solar;
;TES-ktoe-Res-HHnew-Thermal-SH-DistrHeat-CO;
;TES-ktoe-Res-HHnew-Thermal-SH-DistrHeat-CO-LPG-LPG;
;TES-ktoe-Res-HHnew-Thermal-SH-DistrHeat-CO-Elc-Elec;
;TES-ktoe-Res-HHnew-Thermal-SH-AdvElc;
;TES-ktoe-Res-HHnew-Thermal-SH-AdvElc-SH;
;TES-ktoe-Res-HHnew-Thermal-SH-AdvElc-SH-Elec;
;TES-ktoe-Res-HHnew-Thermal-SH-AdvElc-SC;
;TES-ktoe-Res-HHnew-Thermal-SH-AdvElc-SC-AC-Elec;
;TES-ktoe-Res-HHnew-Thermal-SH-AdvElc-WH;
;TES-ktoe-Res-HHnew-Thermal-SH-AdvElc-WH-LPG-NoSolar-LPG;
;TES-ktoe-Res-HHnew-Thermal-SH-AdvElc-WH-LPG-Solar;
;TES-ktoe-Res-HHnew-Thermal-SH-AdvElc-WH-LPG-Solar-LPG;
;TES-ktoe-Res-HHnew-Thermal-SH-AdvElc-WH-LPG-Solar-Solar;
;TES-ktoe-Res-HHnew-Thermal-SH-AdvElc-WH-Elc-NoSolar-Elec;
;TES-ktoe-Res-HHnew-Thermal-SH-AdvElc-WH-Elc-Solar;
;TES-ktoe-Res-HHnew-Thermal-SH-AdvElc-WH-Elc-Solar-Elec;
;TES-ktoe-Res-HHnew-Thermal-SH-AdvElc-WH-Elc-Solar-Solar;
;TES-ktoe-Res-HHnew-Thermal-SH-AdvElc-CO;
;TES-ktoe-Res-HHnew-Thermal-SH-AdvElc-CO-LPG-LPG;
;TES-ktoe-Res-HHnew-Thermal-SH-AdvElc-CO-Elc-Elec;
;TES-ktoe-Res-HHnew-Thermal-SH-ConvElc;
;TES-ktoe-Res-HHnew-Thermal-SH-ConvElc-SH;
;TES-ktoe-Res-HHnew-Thermal-SH-ConvElc-SH-Elec;
;TES-ktoe-Res-HHnew-Thermal-SH-ConvElc-SC;
;TES-ktoe-Res-HHnew-Thermal-SH-ConvElc-SC-AC-Elec;
;TES-ktoe-Res-HHnew-Thermal-SH-ConvElc-WH;
;TES-ktoe-Res-HHnew-Thermal-SH-ConvElc-WH-LPG-NoSolar-LPG;
;TES-ktoe-Res-HHnew-Thermal-SH-ConvElc-WH-LPG-Solar;
;TES-ktoe-Res-HHnew-Thermal-SH-ConvElc-WH-LPG-Solar-LPG;
;TES-ktoe-Res-HHnew-Thermal-SH-ConvElc-WH-LPG-Solar-Solar;
;TES-ktoe-Res-HHnew-Thermal-SH-ConvElc-WH-Elc-NoSolar-Elec;
;TES-ktoe-Res-HHnew-Thermal-SH-ConvElc-WH-Elc-Solar;
;TES-ktoe-Res-HHnew-Thermal-SH-ConvElc-WH-Elc-Solar-Elec;
;TES-ktoe-Res-HHnew-Thermal-SH-ConvElc-WH-Elc-Solar-Solar;
;TES-ktoe-Res-HHnew-Thermal-SH-ConvElc-CO;
;TES-ktoe-Res-HHnew-Thermal-SH-ConvElc-CO-LPG-LPG;
;TES-ktoe-Res-HHnew-Thermal-SH-ConvElc-CO-Elc-Elec;
;Eff-ratio-Res-HHnew-Thermal-SH-Solids;
;Eff-ratio-Res-HHnew-Thermal-SH-Solids-SH;
;Eff-ratio-Res-HHnew-Thermal-SH-Solids-SH-Solids;
;Eff-ratio-Res-HHnew-Thermal-SH-Solids-SH-Elec;
;Eff-ratio-Res-HHnew-Thermal-SH-Solids-SC;
;Eff-ratio-Res-HHnew-Thermal-SH-Solids-SC-AC-Elec;
;Eff-ratio-Res-HHnew-Thermal-SH-Solids-WH;
;Eff-ratio-Res-HHnew-Thermal-SH-Solids-WH-Solids-NoSolar-Solids;
;Eff-ratio-Res-HHnew-Thermal-SH-Solids-WH-LPG-NoSolar-LPG;
;Eff-ratio-Res-HHnew-Thermal-SH-Solids-WH-LPG-Solar;
;Eff-ratio-Res-HHnew-Thermal-SH-Solids-WH-LPG-Solar-LPG;
;Eff-ratio-Res-HHnew-Thermal-SH-Solids-WH-LPG-Solar-Solar;
;Eff-ratio-Res-HHnew-Thermal-SH-Solids-WH-Elc-NoSolar-Elec;
;Eff-ratio-Res-HHnew-Thermal-SH-Solids-WH-Elc-Solar;
;Eff-ratio-Res-HHnew-Thermal-SH-Solids-WH-Elc-Solar-Elec;
;Eff-ratio-Res-HHnew-Thermal-SH-Solids-WH-Elc-Solar-Solar;
;Eff-ratio-Res-HHnew-Thermal-SH-Solids-CO;
;Eff-ratio-Res-HHnew-Thermal-SH-Solids-CO-Solids-Solids;
;Eff-ratio-Res-HHnew-Thermal-SH-Solids-CO-LPG-LPG;
;Eff-ratio-Res-HHnew-Thermal-SH-Solids-CO-Elc-Elec;
;Eff-ratio-Res-HHnew-Thermal-SH-LPG;
;Eff-ratio-Res-HHnew-Thermal-SH-LPG-SH;
;Eff-ratio-Res-HHnew-Thermal-SH-LPG-SH-LPG;
;Eff-ratio-Res-HHnew-Thermal-SH-LPG-SH-Elec;
;Eff-ratio-Res-HHnew-Thermal-SH-LPG-SC;
;Eff-ratio-Res-HHnew-Thermal-SH-LPG-SC-AC-Elec;
;Eff-ratio-Res-HHnew-Thermal-SH-LPG-WH;
;Eff-ratio-Res-HHnew-Thermal-SH-LPG-WH-LPG-NoSolar-LPG;
;Eff-ratio-Res-HHnew-Thermal-SH-LPG-WH-LPG-Solar;
;Eff-ratio-Res-HHnew-Thermal-SH-LPG-WH-LPG-Solar-LPG;
;Eff-ratio-Res-HHnew-Thermal-SH-LPG-WH-LPG-Solar-Solar;
;Eff-ratio-Res-HHnew-Thermal-SH-LPG-WH-Elc-NoSolar-Elec;
;Eff-ratio-Res-HHnew-Thermal-SH-LPG-WH-Elc-Solar;
;Eff-ratio-Res-HHnew-Thermal-SH-LPG-WH-Elc-Solar-Elec;
;Eff-ratio-Res-HHnew-Thermal-SH-LPG-WH-Elc-Solar-Solar;
;Eff-ratio-Res-HHnew-Thermal-SH-LPG-CO;
;Eff-ratio-Res-HHnew-Thermal-SH-LPG-CO-LPG-LPG;
;Eff-ratio-Res-HHnew-Thermal-SH-LPG-CO-Elc-Elec;
;Eff-ratio-Res-HHnew-Thermal-SH-Oil;
;Eff-ratio-Res-HHnew-Thermal-SH-Oil-SH;
;Eff-ratio-Res-HHnew-Thermal-SH-Oil-SH-Oil;
;Eff-ratio-Res-HHnew-Thermal-SH-Oil-SH-Elec;
;Eff-ratio-Res-HHnew-Thermal-SH-Oil-SC;
;Eff-ratio-Res-HHnew-Thermal-SH-Oil-SC-AC-Elec;
;Eff-ratio-Res-HHnew-Thermal-SH-Oil-WH;
;Eff-ratio-Res-HHnew-Thermal-SH-Oil-WH-Oil-NoSolar-Oil;
;Eff-ratio-Res-HHnew-Thermal-SH-Oil-WH-Oil-Solar;
;Eff-ratio-Res-HHnew-Thermal-SH-Oil-WH-Oil-Solar-Oil;
;Eff-ratio-Res-HHnew-Thermal-SH-Oil-WH-Oil-Solar-Solar;
;Eff-ratio-Res-HHnew-Thermal-SH-Oil-WH-Elc-NoSolar-Elec;
;Eff-ratio-Res-HHnew-Thermal-SH-Oil-WH-Elc-Solar;
;Eff-ratio-Res-HHnew-Thermal-SH-Oil-WH-Elc-Solar-Elec;
;Eff-ratio-Res-HHnew-Thermal-SH-Oil-WH-Elc-Solar-Solar;
;Eff-ratio-Res-HHnew-Thermal-SH-Oil-CO;
;Eff-ratio-Res-HHnew-Thermal-SH-Oil-CO-LPG-LPG;
;Eff-ratio-Res-HHnew-Thermal-SH-Oil-CO-Elc-Elec;
;Eff-ratio-Res-HHnew-Thermal-SH-Gas;
;Eff-ratio-Res-HHnew-Thermal-SH-Gas-SH;
;Eff-ratio-Res-HHnew-Thermal-SH-Gas-SH-Gas;
;Eff-ratio-Res-HHnew-Thermal-SH-Gas-SH-Elec;
;Eff-ratio-Res-HHnew-Thermal-SH-Gas-SC;
;Eff-ratio-Res-HHnew-Thermal-SH-Gas-SC-AC-Elec;
;Eff-ratio-Res-HHnew-Thermal-SH-Gas-WH;
;Eff-ratio-Res-HHnew-Thermal-SH-Gas-WH-Gas-NoSolar-Gas;
;Eff-ratio-Res-HHnew-Thermal-SH-Gas-WH-Gas-Solar;
;Eff-ratio-Res-HHnew-Thermal-SH-Gas-WH-Gas-Solar-Gas;
;Eff-ratio-Res-HHnew-Thermal-SH-Gas-WH-Gas-Solar-Solar;
;Eff-ratio-Res-HHnew-Thermal-SH-Gas-WH-Elc-NoSolar-Elec;
;Eff-ratio-Res-HHnew-Thermal-SH-Gas-WH-Elc-Solar;
;Eff-ratio-Res-HHnew-Thermal-SH-Gas-WH-Elc-Solar-Elec;
;Eff-ratio-Res-HHnew-Thermal-SH-Gas-WH-Elc-Solar-Solar;
;Eff-ratio-Res-HHnew-Thermal-SH-Gas-CO;
;Eff-ratio-Res-HHnew-Thermal-SH-Gas-CO-Gas-Gas;
;Eff-ratio-Res-HHnew-Thermal-SH-Gas-CO-Elc-Elec;
;Eff-ratio-Res-HHnew-Thermal-SH-Biomass;
;Eff-ratio-Res-HHnew-Thermal-SH-Biomass-SH;
;Eff-ratio-Res-HHnew-Thermal-SH-Biomass-SH-Biomass;
;Eff-ratio-Res-HHnew-Thermal-SH-Biomass-SH-Elec;
;Eff-ratio-Res-HHnew-Thermal-SH-Biomass-SC;
;Eff-ratio-Res-HHnew-Thermal-SH-Biomass-SC-AC-Elec;
;Eff-ratio-Res-HHnew-Thermal-SH-Biomass-WH;
;Eff-ratio-Res-HHnew-Thermal-SH-Biomass-WH-Biomass-NoSolar-Biomass;
;Eff-ratio-Res-HHnew-Thermal-SH-Biomass-WH-Biomass-Solar;
;Eff-ratio-Res-HHnew-Thermal-SH-Biomass-WH-Biomass-Solar-Biomass;
;Eff-ratio-Res-HHnew-Thermal-SH-Biomass-WH-Biomass-Solar-Solar;
;Eff-ratio-Res-HHnew-Thermal-SH-Biomass-WH-LPG-NoSolar-LPG;
;Eff-ratio-Res-HHnew-Thermal-SH-Biomass-WH-LPG-Solar;
;Eff-ratio-Res-HHnew-Thermal-SH-Biomass-WH-LPG-Solar-LPG;
;Eff-ratio-Res-HHnew-Thermal-SH-Biomass-WH-LPG-Solar-Solar;
;Eff-ratio-Res-HHnew-Thermal-SH-Biomass-WH-Elc-NoSolar-Elec;
;Eff-ratio-Res-HHnew-Thermal-SH-Biomass-WH-Elc-Solar;
;Eff-ratio-Res-HHnew-Thermal-SH-Biomass-WH-Elc-Solar-Elec;
;Eff-ratio-Res-HHnew-Thermal-SH-Biomass-WH-Elc-Solar-Solar;
;Eff-ratio-Res-HHnew-Thermal-SH-Biomass-CO;
;Eff-ratio-Res-HHnew-Thermal-SH-Biomass-CO-Biomass-Biomass;
;Eff-ratio-Res-HHnew-Thermal-SH-Biomass-CO-LPG-LPG;
;Eff-ratio-Res-HHnew-Thermal-SH-Biomass-CO-Elc-Elec;
;Eff-ratio-Res-HHnew-Thermal-SH-Geo;
;Eff-ratio-Res-HHnew-Thermal-SH-Geo-SH;
;Eff-ratio-Res-HHnew-Thermal-SH-Geo-SH-Geo;
;Eff-ratio-Res-HHnew-Thermal-SH-Geo-SH-Elec;
;Eff-ratio-Res-HHnew-Thermal-SH-Geo-SC;
;Eff-ratio-Res-HHnew-Thermal-SH-Geo-SC-AC-Elec;
;Eff-ratio-Res-HHnew-Thermal-SH-Geo-WH;
;Eff-ratio-Res-HHnew-Thermal-SH-Geo-WH-Geo-NoSolar-Geo;
;Eff-ratio-Res-HHnew-Thermal-SH-Geo-WH-Geo-Solar;
;Eff-ratio-Res-HHnew-Thermal-SH-Geo-WH-Geo-Solar-Geo;
;Eff-ratio-Res-HHnew-Thermal-SH-Geo-WH-Geo-Solar-Solar;
;Eff-ratio-Res-HHnew-Thermal-SH-Geo-WH-Elc-NoSolar-Elec;
;Eff-ratio-Res-HHnew-Thermal-SH-Geo-WH-Elc-Solar;
;Eff-ratio-Res-HHnew-Thermal-SH-Geo-WH-Elc-Solar-Elec;
;Eff-ratio-Res-HHnew-Thermal-SH-Geo-WH-Elc-Solar-Solar;
;Eff-ratio-Res-HHnew-Thermal-SH-Geo-CO;
;Eff-ratio-Res-HHnew-Thermal-SH-Geo-CO-LPG-LPG;
;Eff-ratio-Res-HHnew-Thermal-SH-Geo-CO-Elc-Elec;
;Eff-ratio-Res-HHnew-Thermal-SH-DistrHeat;
;Eff-ratio-Res-HHnew-Thermal-SH-DistrHeat-SH;
;Eff-ratio-Res-HHnew-Thermal-SH-DistrHeat-SH-Steam_Distr;
;Eff-ratio-Res-HHnew-Thermal-SH-DistrHeat-SH-Elec;
;Eff-ratio-Res-HHnew-Thermal-SH-DistrHeat-SC;
;Eff-ratio-Res-HHnew-Thermal-SH-DistrHeat-SC-AC-Elec;
;Eff-ratio-Res-HHnew-Thermal-SH-DistrHeat-WH;
;Eff-ratio-Res-HHnew-Thermal-SH-DistrHeat-WH-DistrHeat-NoSolar-Steam_Distr;
;Eff-ratio-Res-HHnew-Thermal-SH-DistrHeat-WH-DistrHeat-Solar;
;Eff-ratio-Res-HHnew-Thermal-SH-DistrHeat-WH-DistrHeat-Solar-Steam_Distr;
;Eff-ratio-Res-HHnew-Thermal-SH-DistrHeat-WH-DistrHeat-Solar-Solar;
;Eff-ratio-Res-HHnew-Thermal-SH-DistrHeat-WH-Elc-NoSolar-Elec;
;Eff-ratio-Res-HHnew-Thermal-SH-DistrHeat-WH-Elc-Solar;
;Eff-ratio-Res-HHnew-Thermal-SH-DistrHeat-WH-Elc-Solar-Elec;
;Eff-ratio-Res-HHnew-Thermal-SH-DistrHeat-WH-Elc-Solar-Solar;
;Eff-ratio-Res-HHnew-Thermal-SH-DistrHeat-CO;
;Eff-ratio-Res-HHnew-Thermal-SH-DistrHeat-CO-LPG-LPG;
;Eff-ratio-Res-HHnew-Thermal-SH-DistrHeat-CO-Elc-Elec;
;Eff-ratio-Res-HHnew-Thermal-SH-AdvElc;
;Eff-ratio-Res-HHnew-Thermal-SH-AdvElc-SH;
;Eff-ratio-Res-HHnew-Thermal-SH-AdvElc-SH-Elec;
;Eff-ratio-Res-HHnew-Thermal-SH-AdvElc-SC;
;Eff-ratio-Res-HHnew-Thermal-SH-AdvElc-SC-AC-Elec;
;Eff-ratio-Res-HHnew-Thermal-SH-AdvElc-WH;
;Eff-ratio-Res-HHnew-Thermal-SH-AdvElc-WH-LPG-NoSolar-LPG;
;Eff-ratio-Res-HHnew-Thermal-SH-AdvElc-WH-LPG-Solar;
;Eff-ratio-Res-HHnew-Thermal-SH-AdvElc-WH-LPG-Solar-LPG;
;Eff-ratio-Res-HHnew-Thermal-SH-AdvElc-WH-LPG-Solar-Solar;
;Eff-ratio-Res-HHnew-Thermal-SH-AdvElc-WH-Elc-NoSolar-Elec;
;Eff-ratio-Res-HHnew-Thermal-SH-AdvElc-WH-Elc-Solar;
;Eff-ratio-Res-HHnew-Thermal-SH-AdvElc-WH-Elc-Solar-Elec;
;Eff-ratio-Res-HHnew-Thermal-SH-AdvElc-WH-Elc-Solar-Solar;
;Eff-ratio-Res-HHnew-Thermal-SH-AdvElc-CO;
;Eff-ratio-Res-HHnew-Thermal-SH-AdvElc-CO-LPG-LPG;
;Eff-ratio-Res-HHnew-Thermal-SH-AdvElc-CO-Elc-Elec;
;Eff-ratio-Res-HHnew-Thermal-SH-ConvElc;
;Eff-ratio-Res-HHnew-Thermal-SH-ConvElc-SH;
;Eff-ratio-Res-HHnew-Thermal-SH-ConvElc-SH-Elec;
;Eff-ratio-Res-HHnew-Thermal-SH-ConvElc-SC;
;Eff-ratio-Res-HHnew-Thermal-SH-ConvElc-SC-AC-Elec;
;Eff-ratio-Res-HHnew-Thermal-SH-ConvElc-WH;
;Eff-ratio-Res-HHnew-Thermal-SH-ConvElc-WH-LPG-NoSolar-LPG;
;Eff-ratio-Res-HHnew-Thermal-SH-ConvElc-WH-LPG-Solar;
;Eff-ratio-Res-HHnew-Thermal-SH-ConvElc-WH-LPG-Solar-LPG;
;Eff-ratio-Res-HHnew-Thermal-SH-ConvElc-WH-LPG-Solar-Solar;
;Eff-ratio-Res-HHnew-Thermal-SH-ConvElc-WH-Elc-NoSolar-Elec;
;Eff-ratio-Res-HHnew-Thermal-SH-ConvElc-WH-Elc-Solar;
;Eff-ratio-Res-HHnew-Thermal-SH-ConvElc-WH-Elc-Solar-Elec;
;Eff-ratio-Res-HHnew-Thermal-SH-ConvElc-WH-Elc-Solar-Solar;
;Eff-ratio-Res-HHnew-Thermal-SH-ConvElc-CO;
;Eff-ratio-Res-HHnew-Thermal-SH-ConvElc-CO-LPG-LPG;
;Eff-ratio-Res-HHnew-Thermal-SH-ConvElc-CO-Elc-Elec;
;EMI-ktCO2-Res-HHnew-Thermal-SH-Solids;
;EMI-ktCO2-Res-HHnew-Thermal-SH-Solids-SH;
;EMI-ktCO2-Res-HHnew-Thermal-SH-Solids-SH-Solids;
;EMI-ktCO2-Res-HHnew-Thermal-SH-Solids-SH-Elec;
;EMI-ktCO2-Res-HHnew-Thermal-SH-Solids-SC;
;EMI-ktCO2-Res-HHnew-Thermal-SH-Solids-SC-AC-Elec;
;EMI-ktCO2-Res-HHnew-Thermal-SH-Solids-WH;
;EMI-ktCO2-Res-HHnew-Thermal-SH-Solids-WH-Solids-NoSolar-Solids;
;EMI-ktCO2-Res-HHnew-Thermal-SH-Solids-WH-LPG-NoSolar-LPG;
;EMI-ktCO2-Res-HHnew-Thermal-SH-Solids-WH-LPG-Solar;
;EMI-ktCO2-Res-HHnew-Thermal-SH-Solids-WH-LPG-Solar-LPG;
;EMI-ktCO2-Res-HHnew-Thermal-SH-Solids-WH-LPG-Solar-Solar;
;EMI-ktCO2-Res-HHnew-Thermal-SH-Solids-WH-Elc-NoSolar-Elec;
;EMI-ktCO2-Res-HHnew-Thermal-SH-Solids-WH-Elc-Solar;
;EMI-ktCO2-Res-HHnew-Thermal-SH-Solids-WH-Elc-Solar-Elec;
;EMI-ktCO2-Res-HHnew-Thermal-SH-Solids-WH-Elc-Solar-Solar;
;EMI-ktCO2-Res-HHnew-Thermal-SH-Solids-CO;
;EMI-ktCO2-Res-HHnew-Thermal-SH-Solids-CO-Solids-Solids;
;EMI-ktCO2-Res-HHnew-Thermal-SH-Solids-CO-LPG-LPG;
;EMI-ktCO2-Res-HHnew-Thermal-SH-Solids-CO-Elc-Elec;
;EMI-ktCO2-Res-HHnew-Thermal-SH-LPG;
;EMI-ktCO2-Res-HHnew-Thermal-SH-LPG-SH;
;EMI-ktCO2-Res-HHnew-Thermal-SH-LPG-SH-LPG;
;EMI-ktCO2-Res-HHnew-Thermal-SH-LPG-SH-Elec;
;EMI-ktCO2-Res-HHnew-Thermal-SH-LPG-SC;
;EMI-ktCO2-Res-HHnew-Thermal-SH-LPG-SC-AC-Elec;
;EMI-ktCO2-Res-HHnew-Thermal-SH-LPG-WH;
;EMI-ktCO2-Res-HHnew-Thermal-SH-LPG-WH-LPG-NoSolar-LPG;
;EMI-ktCO2-Res-HHnew-Thermal-SH-LPG-WH-LPG-Solar;
;EMI-ktCO2-Res-HHnew-Thermal-SH-LPG-WH-LPG-Solar-LPG;
;EMI-ktCO2-Res-HHnew-Thermal-SH-LPG-WH-LPG-Solar-Solar;
;EMI-ktCO2-Res-HHnew-Thermal-SH-LPG-WH-Elc-NoSolar-Elec;
;EMI-ktCO2-Res-HHnew-Thermal-SH-LPG-WH-Elc-Solar;
;EMI-ktCO2-Res-HHnew-Thermal-SH-LPG-WH-Elc-Solar-Elec;
;EMI-ktCO2-Res-HHnew-Thermal-SH-LPG-WH-Elc-Solar-Solar;
;EMI-ktCO2-Res-HHnew-Thermal-SH-LPG-CO;
;EMI-ktCO2-Res-HHnew-Thermal-SH-LPG-CO-LPG-LPG;
;EMI-ktCO2-Res-HHnew-Thermal-SH-LPG-CO-Elc-Elec;
;EMI-ktCO2-Res-HHnew-Thermal-SH-Oil;
;EMI-ktCO2-Res-HHnew-Thermal-SH-Oil-SH;
;EMI-ktCO2-Res-HHnew-Thermal-SH-Oil-SH-Oil;
;EMI-ktCO2-Res-HHnew-Thermal-SH-Oil-SH-Elec;
;EMI-ktCO2-Res-HHnew-Thermal-SH-Oil-SC;
;EMI-ktCO2-Res-HHnew-Thermal-SH-Oil-SC-AC-Elec;
;EMI-ktCO2-Res-HHnew-Thermal-SH-Oil-WH;
;EMI-ktCO2-Res-HHnew-Thermal-SH-Oil-WH-Oil-NoSolar-Oil;
;EMI-ktCO2-Res-HHnew-Thermal-SH-Oil-WH-Oil-Solar;
;EMI-ktCO2-Res-HHnew-Thermal-SH-Oil-WH-Oil-Solar-Oil;
;EMI-ktCO2-Res-HHnew-Thermal-SH-Oil-WH-Oil-Solar-Solar;
;EMI-ktCO2-Res-HHnew-Thermal-SH-Oil-WH-Elc-NoSolar-Elec;
;EMI-ktCO2-Res-HHnew-Thermal-SH-Oil-WH-Elc-Solar;
;EMI-ktCO2-Res-HHnew-Thermal-SH-Oil-WH-Elc-Solar-Elec;
;EMI-ktCO2-Res-HHnew-Thermal-SH-Oil-WH-Elc-Solar-Solar;
;EMI-ktCO2-Res-HHnew-Thermal-SH-Oil-CO;
;EMI-ktCO2-Res-HHnew-Thermal-SH-Oil-CO-LPG-LPG;
;EMI-ktCO2-Res-HHnew-Thermal-SH-Oil-CO-Elc-Elec;
;EMI-ktCO2-Res-HHnew-Thermal-SH-Gas;
;EMI-ktCO2-Res-HHnew-Thermal-SH-Gas-SH;
;EMI-ktCO2-Res-HHnew-Thermal-SH-Gas-SH-Gas;
;EMI-ktCO2-Res-HHnew-Thermal-SH-Gas-SH-Elec;
;EMI-ktCO2-Res-HHnew-Thermal-SH-Gas-SC;
;EMI-ktCO2-Res-HHnew-Thermal-SH-Gas-SC-AC-Elec;
;EMI-ktCO2-Res-HHnew-Thermal-SH-Gas-WH;
;EMI-ktCO2-Res-HHnew-Thermal-SH-Gas-WH-Gas-NoSolar-Gas;
;EMI-ktCO2-Res-HHnew-Thermal-SH-Gas-WH-Gas-Solar;
;EMI-ktCO2-Res-HHnew-Thermal-SH-Gas-WH-Gas-Solar-Gas;
;EMI-ktCO2-Res-HHnew-Thermal-SH-Gas-WH-Gas-Solar-Solar;
;EMI-ktCO2-Res-HHnew-Thermal-SH-Gas-WH-Elc-NoSolar-Elec;
;EMI-ktCO2-Res-HHnew-Thermal-SH-Gas-WH-Elc-Solar;
;EMI-ktCO2-Res-HHnew-Thermal-SH-Gas-WH-Elc-Solar-Elec;
;EMI-ktCO2-Res-HHnew-Thermal-SH-Gas-WH-Elc-Solar-Solar;
;EMI-ktCO2-Res-HHnew-Thermal-SH-Gas-CO;
;EMI-ktCO2-Res-HHnew-Thermal-SH-Gas-CO-Gas-Gas;
;EMI-ktCO2-Res-HHnew-Thermal-SH-Gas-CO-Elc-Elec;
;EMI-ktCO2-Res-HHnew-Thermal-SH-Biomass;
;EMI-ktCO2-Res-HHnew-Thermal-SH-Biomass-SH;
;EMI-ktCO2-Res-HHnew-Thermal-SH-Biomass-SH-Biomass;
;EMI-ktCO2-Res-HHnew-Thermal-SH-Biomass-SH-Elec;
;EMI-ktCO2-Res-HHnew-Thermal-SH-Biomass-SC;
;EMI-ktCO2-Res-HHnew-Thermal-SH-Biomass-SC-AC-Elec;
;EMI-ktCO2-Res-HHnew-Thermal-SH-Biomass-WH;
;EMI-ktCO2-Res-HHnew-Thermal-SH-Biomass-WH-Biomass-NoSolar-Biomass;
;EMI-ktCO2-Res-HHnew-Thermal-SH-Biomass-WH-Biomass-Solar;
;EMI-ktCO2-Res-HHnew-Thermal-SH-Biomass-WH-Biomass-Solar-Biomass;
;EMI-ktCO2-Res-HHnew-Thermal-SH-Biomass-WH-Biomass-Solar-Solar;
;EMI-ktCO2-Res-HHnew-Thermal-SH-Biomass-WH-LPG-NoSolar-LPG;
;EMI-ktCO2-Res-HHnew-Thermal-SH-Biomass-WH-LPG-Solar;
;EMI-ktCO2-Res-HHnew-Thermal-SH-Biomass-WH-LPG-Solar-LPG;
;EMI-ktCO2-Res-HHnew-Thermal-SH-Biomass-WH-LPG-Solar-Solar;
;EMI-ktCO2-Res-HHnew-Thermal-SH-Biomass-WH-Elc-NoSolar-Elec;
;EMI-ktCO2-Res-HHnew-Thermal-SH-Biomass-WH-Elc-Solar;
;EMI-ktCO2-Res-HHnew-Thermal-SH-Biomass-WH-Elc-Solar-Elec;
;EMI-ktCO2-Res-HHnew-Thermal-SH-Biomass-WH-Elc-Solar-Solar;
;EMI-ktCO2-Res-HHnew-Thermal-SH-Biomass-CO;
;EMI-ktCO2-Res-HHnew-Thermal-SH-Biomass-CO-Biomass-Biomass;
;EMI-ktCO2-Res-HHnew-Thermal-SH-Biomass-CO-LPG-LPG;
;EMI-ktCO2-Res-HHnew-Thermal-SH-Biomass-CO-Elc-Elec;
;EMI-ktCO2-Res-HHnew-Thermal-SH-Geo;
;EMI-ktCO2-Res-HHnew-Thermal-SH-Geo-SH;
;EMI-ktCO2-Res-HHnew-Thermal-SH-Geo-SH-Geo;
;EMI-ktCO2-Res-HHnew-Thermal-SH-Geo-SH-Elec;
;EMI-ktCO2-Res-HHnew-Thermal-SH-Geo-SC;
;EMI-ktCO2-Res-HHnew-Thermal-SH-Geo-SC-AC-Elec;
;EMI-ktCO2-Res-HHnew-Thermal-SH-Geo-WH;
;EMI-ktCO2-Res-HHnew-Thermal-SH-Geo-WH-Geo-NoSolar-Geo;
;EMI-ktCO2-Res-HHnew-Thermal-SH-Geo-WH-Geo-Solar;
;EMI-ktCO2-Res-HHnew-Thermal-SH-Geo-WH-Geo-Solar-Geo;
;EMI-ktCO2-Res-HHnew-Thermal-SH-Geo-WH-Geo-Solar-Solar;
;EMI-ktCO2-Res-HHnew-Thermal-SH-Geo-WH-Elc-NoSolar-Elec;
;EMI-ktCO2-Res-HHnew-Thermal-SH-Geo-WH-Elc-Solar;
;EMI-ktCO2-Res-HHnew-Thermal-SH-Geo-WH-Elc-Solar-Elec;
;EMI-ktCO2-Res-HHnew-Thermal-SH-Geo-WH-Elc-Solar-Solar;
;EMI-ktCO2-Res-HHnew-Thermal-SH-Geo-CO;
;EMI-ktCO2-Res-HHnew-Thermal-SH-Geo-CO-LPG-LPG;
;EMI-ktCO2-Res-HHnew-Thermal-SH-Geo-CO-Elc-Elec;
;EMI-ktCO2-Res-HHnew-Thermal-SH-DistrHeat;
;EMI-ktCO2-Res-HHnew-Thermal-SH-DistrHeat-SH;
;EMI-ktCO2-Res-HHnew-Thermal-SH-DistrHeat-SH-Steam_Distr;
;EMI-ktCO2-Res-HHnew-Thermal-SH-DistrHeat-SH-Elec;
;EMI-ktCO2-Res-HHnew-Thermal-SH-DistrHeat-SC;
;EMI-ktCO2-Res-HHnew-Thermal-SH-DistrHeat-SC-AC-Elec;
;EMI-ktCO2-Res-HHnew-Thermal-SH-DistrHeat-WH;
;EMI-ktCO2-Res-HHnew-Thermal-SH-DistrHeat-WH-DistrHeat-NoSolar-Steam_Distr;
;EMI-ktCO2-Res-HHnew-Thermal-SH-DistrHeat-WH-DistrHeat-Solar;
;EMI-ktCO2-Res-HHnew-Thermal-SH-DistrHeat-WH-DistrHeat-Solar-Steam_Distr;
;EMI-ktCO2-Res-HHnew-Thermal-SH-DistrHeat-WH-DistrHeat-Solar-Solar;
;EMI-ktCO2-Res-HHnew-Thermal-SH-DistrHeat-WH-Elc-NoSolar-Elec;
;EMI-ktCO2-Res-HHnew-Thermal-SH-DistrHeat-WH-Elc-Solar;
;EMI-ktCO2-Res-HHnew-Thermal-SH-DistrHeat-WH-Elc-Solar-Elec;
;EMI-ktCO2-Res-HHnew-Thermal-SH-DistrHeat-WH-Elc-Solar-Solar;
;EMI-ktCO2-Res-HHnew-Thermal-SH-DistrHeat-CO;
;EMI-ktCO2-Res-HHnew-Thermal-SH-DistrHeat-CO-LPG-LPG;
;EMI-ktCO2-Res-HHnew-Thermal-SH-DistrHeat-CO-Elc-Elec;
;EMI-ktCO2-Res-HHnew-Thermal-SH-AdvElc;
;EMI-ktCO2-Res-HHnew-Thermal-SH-AdvElc-SH;
;EMI-ktCO2-Res-HHnew-Thermal-SH-AdvElc-SH-Elec;
;EMI-ktCO2-Res-HHnew-Thermal-SH-AdvElc-SC;
;EMI-ktCO2-Res-HHnew-Thermal-SH-AdvElc-SC-AC-Elec;
;EMI-ktCO2-Res-HHnew-Thermal-SH-AdvElc-WH;
;EMI-ktCO2-Res-HHnew-Thermal-SH-AdvElc-WH-LPG-NoSolar-LPG;
;EMI-ktCO2-Res-HHnew-Thermal-SH-AdvElc-WH-LPG-Solar;
;EMI-ktCO2-Res-HHnew-Thermal-SH-AdvElc-WH-LPG-Solar-LPG;
;EMI-ktCO2-Res-HHnew-Thermal-SH-AdvElc-WH-LPG-Solar-Solar;
;EMI-ktCO2-Res-HHnew-Thermal-SH-AdvElc-WH-Elc-NoSolar-Elec;
;EMI-ktCO2-Res-HHnew-Thermal-SH-AdvElc-WH-Elc-Solar;
;EMI-ktCO2-Res-HHnew-Thermal-SH-AdvElc-WH-Elc-Solar-Elec;
;EMI-ktCO2-Res-HHnew-Thermal-SH-AdvElc-WH-Elc-Solar-Solar;
;EMI-ktCO2-Res-HHnew-Thermal-SH-AdvElc-CO;
;EMI-ktCO2-Res-HHnew-Thermal-SH-AdvElc-CO-LPG-LPG;
;EMI-ktCO2-Res-HHnew-Thermal-SH-AdvElc-CO-Elc-Elec;
;EMI-ktCO2-Res-HHnew-Thermal-SH-ConvElc;
;EMI-ktCO2-Res-HHnew-Thermal-SH-ConvElc-SH;
;EMI-ktCO2-Res-HHnew-Thermal-SH-ConvElc-SH-Elec;
;EMI-ktCO2-Res-HHnew-Thermal-SH-ConvElc-SC;
;EMI-ktCO2-Res-HHnew-Thermal-SH-ConvElc-SC-AC-Elec;
;EMI-ktCO2-Res-HHnew-Thermal-SH-ConvElc-WH;
;EMI-ktCO2-Res-HHnew-Thermal-SH-ConvElc-WH-LPG-NoSolar-LPG;
;EMI-ktCO2-Res-HHnew-Thermal-SH-ConvElc-WH-LPG-Solar;
;EMI-ktCO2-Res-HHnew-Thermal-SH-ConvElc-WH-LPG-Solar-LPG;
;EMI-ktCO2-Res-HHnew-Thermal-SH-ConvElc-WH-LPG-Solar-Solar;
;EMI-ktCO2-Res-HHnew-Thermal-SH-ConvElc-WH-Elc-NoSolar-Elec;
;EMI-ktCO2-Res-HHnew-Thermal-SH-ConvElc-WH-Elc-Solar;
;EMI-ktCO2-Res-HHnew-Thermal-SH-ConvElc-WH-Elc-Solar-Elec;
;EMI-ktCO2-Res-HHnew-Thermal-SH-ConvElc-WH-Elc-Solar-Solar;
;EMI-ktCO2-Res-HHnew-Thermal-SH-ConvElc-CO;
;EMI-ktCO2-Res-HHnew-Thermal-SH-ConvElc-CO-LPG-LPG;
;EMI-ktCO2-Res-HHnew-Thermal-SH-ConvElc-CO-Elc-Elec;
;FEC_per_household-kWh-Res-HHnew-Thermal-SH-Solids;
;FEC_per_household-kWh-Res-HHnew-Thermal-SH-Solids-SH;
;FEC_per_household-kWh-Res-HHnew-Thermal-SH-Solids-SH-Solids;
;FEC_per_household-kWh-Res-HHnew-Thermal-SH-Solids-SH-Elec;
;FEC_per_household-kWh-Res-HHnew-Thermal-SH-Solids-SC;
;FEC_per_household-kWh-Res-HHnew-Thermal-SH-Solids-SC-AC-Elec;
;FEC_per_household-kWh-Res-HHnew-Thermal-SH-Solids-WH;
;FEC_per_household-kWh-Res-HHnew-Thermal-SH-Solids-WH-Solids-NoSolar-Solids;
;FEC_per_household-kWh-Res-HHnew-Thermal-SH-Solids-WH-LPG-NoSolar-LPG;
;FEC_per_household-kWh-Res-HHnew-Thermal-SH-Solids-WH-LPG-Solar;
;FEC_per_household-kWh-Res-HHnew-Thermal-SH-Solids-WH-LPG-Solar-LPG;
;FEC_per_household-kWh-Res-HHnew-Thermal-SH-Solids-WH-LPG-Solar-Solar;
;FEC_per_household-kWh-Res-HHnew-Thermal-SH-Solids-WH-Elc-NoSolar-Elec;
;FEC_per_household-kWh-Res-HHnew-Thermal-SH-Solids-WH-Elc-Solar;
;FEC_per_household-kWh-Res-HHnew-Thermal-SH-Solids-WH-Elc-Solar-Elec;
;FEC_per_household-kWh-Res-HHnew-Thermal-SH-Solids-WH-Elc-Solar-Solar;
;FEC_per_household-kWh-Res-HHnew-Thermal-SH-Solids-CO;
;FEC_per_household-kWh-Res-HHnew-Thermal-SH-Solids-CO-Solids-Solids;
;FEC_per_household-kWh-Res-HHnew-Thermal-SH-Solids-CO-LPG-LPG;
;FEC_per_household-kWh-Res-HHnew-Thermal-SH-Solids-CO-Elc-Elec;
;FEC_per_household-kWh-Res-HHnew-Thermal-SH-LPG;
;FEC_per_household-kWh-Res-HHnew-Thermal-SH-LPG-SH;
;FEC_per_household-kWh-Res-HHnew-Thermal-SH-LPG-SH-LPG;
;FEC_per_household-kWh-Res-HHnew-Thermal-SH-LPG-SH-Elec;
;FEC_per_household-kWh-Res-HHnew-Thermal-SH-LPG-SC;
;FEC_per_household-kWh-Res-HHnew-Thermal-SH-LPG-SC-AC-Elec;
;FEC_per_household-kWh-Res-HHnew-Thermal-SH-LPG-WH;
;FEC_per_household-kWh-Res-HHnew-Thermal-SH-LPG-WH-LPG-NoSolar-LPG;
;FEC_per_household-kWh-Res-HHnew-Thermal-SH-LPG-WH-LPG-Solar;
;FEC_per_household-kWh-Res-HHnew-Thermal-SH-LPG-WH-LPG-Solar-LPG;
;FEC_per_household-kWh-Res-HHnew-Thermal-SH-LPG-WH-LPG-Solar-Solar;
;FEC_per_household-kWh-Res-HHnew-Thermal-SH-LPG-WH-Elc-NoSolar-Elec;
;FEC_per_household-kWh-Res-HHnew-Thermal-SH-LPG-WH-Elc-Solar;
;FEC_per_household-kWh-Res-HHnew-Thermal-SH-LPG-WH-Elc-Solar-Elec;
;FEC_per_household-kWh-Res-HHnew-Thermal-SH-LPG-WH-Elc-Solar-Solar;
;FEC_per_household-kWh-Res-HHnew-Thermal-SH-LPG-CO;
;FEC_per_household-kWh-Res-HHnew-Thermal-SH-LPG-CO-LPG-LPG;
;FEC_per_household-kWh-Res-HHnew-Thermal-SH-LPG-CO-Elc-Elec;
;FEC_per_household-kWh-Res-HHnew-Thermal-SH-Oil;
;FEC_per_household-kWh-Res-HHnew-Thermal-SH-Oil-SH;
;FEC_per_household-kWh-Res-HHnew-Thermal-SH-Oil-SH-Oil;
;FEC_per_household-kWh-Res-HHnew-Thermal-SH-Oil-SH-Elec;
;FEC_per_household-kWh-Res-HHnew-Thermal-SH-Oil-SC;
;FEC_per_household-kWh-Res-HHnew-Thermal-SH-Oil-SC-AC-Elec;
;FEC_per_household-kWh-Res-HHnew-Thermal-SH-Oil-WH;
;FEC_per_household-kWh-Res-HHnew-Thermal-SH-Oil-WH-Oil-NoSolar-Oil;
;FEC_per_household-kWh-Res-HHnew-Thermal-SH-Oil-WH-Oil-Solar;
;FEC_per_household-kWh-Res-HHnew-Thermal-SH-Oil-WH-Oil-Solar-Oil;
;FEC_per_household-kWh-Res-HHnew-Thermal-SH-Oil-WH-Oil-Solar-Solar;
;FEC_per_household-kWh-Res-HHnew-Thermal-SH-Oil-WH-Elc-NoSolar-Elec;
;FEC_per_household-kWh-Res-HHnew-Thermal-SH-Oil-WH-Elc-Solar;
;FEC_per_household-kWh-Res-HHnew-Thermal-SH-Oil-WH-Elc-Solar-Elec;
;FEC_per_household-kWh-Res-HHnew-Thermal-SH-Oil-WH-Elc-Solar-Solar;
;FEC_per_household-kWh-Res-HHnew-Thermal-SH-Oil-CO;
;FEC_per_household-kWh-Res-HHnew-Thermal-SH-Oil-CO-LPG-LPG;
;FEC_per_household-kWh-Res-HHnew-Thermal-SH-Oil-CO-Elc-Elec;
;FEC_per_household-kWh-Res-HHnew-Thermal-SH-Gas;
;FEC_per_household-kWh-Res-HHnew-Thermal-SH-Gas-SH;
;FEC_per_household-kWh-Res-HHnew-Thermal-SH-Gas-SH-Gas;
;FEC_per_household-kWh-Res-HHnew-Thermal-SH-Gas-SH-Elec;
;FEC_per_household-kWh-Res-HHnew-Thermal-SH-Gas-SC;
;FEC_per_household-kWh-Res-HHnew-Thermal-SH-Gas-SC-AC-Elec;
;FEC_per_household-kWh-Res-HHnew-Thermal-SH-Gas-WH;
;FEC_per_household-kWh-Res-HHnew-Thermal-SH-Gas-WH-Gas-NoSolar-Gas;
;FEC_per_household-kWh-Res-HHnew-Thermal-SH-Gas-WH-Gas-Solar;
;FEC_per_household-kWh-Res-HHnew-Thermal-SH-Gas-WH-Gas-Solar-Gas;
;FEC_per_household-kWh-Res-HHnew-Thermal-SH-Gas-WH-Gas-Solar-Solar;
;FEC_per_household-kWh-Res-HHnew-Thermal-SH-Gas-WH-Elc-NoSolar-Elec;
;FEC_per_household-kWh-Res-HHnew-Thermal-SH-Gas-WH-Elc-Solar;
;FEC_per_household-kWh-Res-HHnew-Thermal-SH-Gas-WH-Elc-Solar-Elec;
;FEC_per_household-kWh-Res-HHnew-Thermal-SH-Gas-WH-Elc-Solar-Solar;
;FEC_per_household-kWh-Res-HHnew-Thermal-SH-Gas-CO;
;FEC_per_household-kWh-Res-HHnew-Thermal-SH-Gas-CO-Gas-Gas;
;FEC_per_household-kWh-Res-HHnew-Thermal-SH-Gas-CO-Elc-Elec;
;FEC_per_household-kWh-Res-HHnew-Thermal-SH-Biomass;
;FEC_per_household-kWh-Res-HHnew-Thermal-SH-Biomass-SH;
;FEC_per_household-kWh-Res-HHnew-Thermal-SH-Biomass-SH-Biomass;
;FEC_per_household-kWh-Res-HHnew-Thermal-SH-Biomass-SH-Elec;
;FEC_per_household-kWh-Res-HHnew-Thermal-SH-Biomass-SC;
;FEC_per_household-kWh-Res-HHnew-Thermal-SH-Biomass-SC-AC-Elec;
;FEC_per_household-kWh-Res-HHnew-Thermal-SH-Biomass-WH;
;FEC_per_household-kWh-Res-HHnew-Thermal-SH-Biomass-WH-Biomass-NoSolar-Biomass;
;FEC_per_household-kWh-Res-HHnew-Thermal-SH-Biomass-WH-Biomass-Solar;
;FEC_per_household-kWh-Res-HHnew-Thermal-SH-Biomass-WH-Biomass-Solar-Biomass;
;FEC_per_household-kWh-Res-HHnew-Thermal-SH-Biomass-WH-Biomass-Solar-Solar;
;FEC_per_household-kWh-Res-HHnew-Thermal-SH-Biomass-WH-LPG-NoSolar-LPG;
;FEC_per_household-kWh-Res-HHnew-Thermal-SH-Biomass-WH-LPG-Solar;
;FEC_per_household-kWh-Res-HHnew-Thermal-SH-Biomass-WH-LPG-Solar-LPG;
;FEC_per_household-kWh-Res-HHnew-Thermal-SH-Biomass-WH-LPG-Solar-Solar;
;FEC_per_household-kWh-Res-HHnew-Thermal-SH-Biomass-WH-Elc-NoSolar-Elec;
;FEC_per_household-kWh-Res-HHnew-Thermal-SH-Biomass-WH-Elc-Solar;
;FEC_per_household-kWh-Res-HHnew-Thermal-SH-Biomass-WH-Elc-Solar-Elec;
;FEC_per_household-kWh-Res-HHnew-Thermal-SH-Biomass-WH-Elc-Solar-Solar;
;FEC_per_household-kWh-Res-HHnew-Thermal-SH-Biomass-CO;
;FEC_per_household-kWh-Res-HHnew-Thermal-SH-Biomass-CO-Biomass-Biomass;
;FEC_per_household-kWh-Res-HHnew-Thermal-SH-Biomass-CO-LPG-LPG;
;FEC_per_household-kWh-Res-HHnew-Thermal-SH-Biomass-CO-Elc-Elec;
;FEC_per_household-kWh-Res-HHnew-Thermal-SH-Geo;
;FEC_per_household-kWh-Res-HHnew-Thermal-SH-Geo-SH;
;FEC_per_household-kWh-Res-HHnew-Thermal-SH-Geo-SH-Geo;
;FEC_per_household-kWh-Res-HHnew-Thermal-SH-Geo-SH-Elec;
;FEC_per_household-kWh-Res-HHnew-Thermal-SH-Geo-SC;
;FEC_per_household-kWh-Res-HHnew-Thermal-SH-Geo-SC-AC-Elec;
;FEC_per_household-kWh-Res-HHnew-Thermal-SH-Geo-WH;
;FEC_per_household-kWh-Res-HHnew-Thermal-SH-Geo-WH-Geo-NoSolar-Geo;
;FEC_per_household-kWh-Res-HHnew-Thermal-SH-Geo-WH-Geo-Solar;
;FEC_per_household-kWh-Res-HHnew-Thermal-SH-Geo-WH-Geo-Solar-Geo;
;FEC_per_household-kWh-Res-HHnew-Thermal-SH-Geo-WH-Geo-Solar-Solar;
;FEC_per_household-kWh-Res-HHnew-Thermal-SH-Geo-WH-Elc-NoSolar-Elec;
;FEC_per_household-kWh-Res-HHnew-Thermal-SH-Geo-WH-Elc-Solar;
;FEC_per_household-kWh-Res-HHnew-Thermal-SH-Geo-WH-Elc-Solar-Elec;
;FEC_per_household-kWh-Res-HHnew-Thermal-SH-Geo-WH-Elc-Solar-Solar;
;FEC_per_household-kWh-Res-HHnew-Thermal-SH-Geo-CO;
;FEC_per_household-kWh-Res-HHnew-Thermal-SH-Geo-CO-LPG-LPG;
;FEC_per_household-kWh-Res-HHnew-Thermal-SH-Geo-CO-Elc-Elec;
;FEC_per_household-kWh-Res-HHnew-Thermal-SH-DistrHeat;
;FEC_per_household-kWh-Res-HHnew-Thermal-SH-DistrHeat-SH;
;FEC_per_household-kWh-Res-HHnew-Thermal-SH-DistrHeat-SH-Steam_Distr;
;FEC_per_household-kWh-Res-HHnew-Thermal-SH-DistrHeat-SH-Elec;
;FEC_per_household-kWh-Res-HHnew-Thermal-SH-DistrHeat-SC;
;FEC_per_household-kWh-Res-HHnew-Thermal-SH-DistrHeat-SC-AC-Elec;
;FEC_per_household-kWh-Res-HHnew-Thermal-SH-DistrHeat-WH;
;FEC_per_household-kWh-Res-HHnew-Thermal-SH-DistrHeat-WH-DistrHeat-NoSolar-Steam_Distr;
;FEC_per_household-kWh-Res-HHnew-Thermal-SH-DistrHeat-WH-DistrHeat-Solar;
;FEC_per_household-kWh-Res-HHnew-Thermal-SH-DistrHeat-WH-DistrHeat-Solar-Steam_Distr;
;FEC_per_household-kWh-Res-HHnew-Thermal-SH-DistrHeat-WH-DistrHeat-Solar-Solar;
;FEC_per_household-kWh-Res-HHnew-Thermal-SH-DistrHeat-WH-Elc-NoSolar-Elec;
;FEC_per_household-kWh-Res-HHnew-Thermal-SH-DistrHeat-WH-Elc-Solar;
;FEC_per_household-kWh-Res-HHnew-Thermal-SH-DistrHeat-WH-Elc-Solar-Elec;
;FEC_per_household-kWh-Res-HHnew-Thermal-SH-DistrHeat-WH-Elc-Solar-Solar;
;FEC_per_household-kWh-Res-HHnew-Thermal-SH-DistrHeat-CO;
;FEC_per_household-kWh-Res-HHnew-Thermal-SH-DistrHeat-CO-LPG-LPG;
;FEC_per_household-kWh-Res-HHnew-Thermal-SH-DistrHeat-CO-Elc-Elec;
;FEC_per_household-kWh-Res-HHnew-Thermal-SH-AdvElc;
;FEC_per_household-kWh-Res-HHnew-Thermal-SH-AdvElc-SH;
;FEC_per_household-kWh-Res-HHnew-Thermal-SH-AdvElc-SH-Elec;
;FEC_per_household-kWh-Res-HHnew-Thermal-SH-AdvElc-SC;
;FEC_per_household-kWh-Res-HHnew-Thermal-SH-AdvElc-SC-AC-Elec;
;FEC_per_household-kWh-Res-HHnew-Thermal-SH-AdvElc-WH;
;FEC_per_household-kWh-Res-HHnew-Thermal-SH-AdvElc-WH-LPG-NoSolar-LPG;
;FEC_per_household-kWh-Res-HHnew-Thermal-SH-AdvElc-WH-LPG-Solar;
;FEC_per_household-kWh-Res-HHnew-Thermal-SH-AdvElc-WH-LPG-Solar-LPG;
;FEC_per_household-kWh-Res-HHnew-Thermal-SH-AdvElc-WH-LPG-Solar-Solar;
;FEC_per_household-kWh-Res-HHnew-Thermal-SH-AdvElc-WH-Elc-NoSolar-Elec;
;FEC_per_household-kWh-Res-HHnew-Thermal-SH-AdvElc-WH-Elc-Solar;
;FEC_per_household-kWh-Res-HHnew-Thermal-SH-AdvElc-WH-Elc-Solar-Elec;
;FEC_per_household-kWh-Res-HHnew-Thermal-SH-AdvElc-WH-Elc-Solar-Solar;
;FEC_per_household-kWh-Res-HHnew-Thermal-SH-AdvElc-CO;
;FEC_per_household-kWh-Res-HHnew-Thermal-SH-AdvElc-CO-LPG-LPG;
;FEC_per_household-kWh-Res-HHnew-Thermal-SH-AdvElc-CO-Elc-Elec;
;FEC_per_household-kWh-Res-HHnew-Thermal-SH-ConvElc;
;FEC_per_household-kWh-Res-HHnew-Thermal-SH-ConvElc-SH;
;FEC_per_household-kWh-Res-HHnew-Thermal-SH-ConvElc-SH-Elec;
;FEC_per_household-kWh-Res-HHnew-Thermal-SH-ConvElc-SC;
;FEC_per_household-kWh-Res-HHnew-Thermal-SH-ConvElc-SC-AC-Elec;
;FEC_per_household-kWh-Res-HHnew-Thermal-SH-ConvElc-WH;
;FEC_per_household-kWh-Res-HHnew-Thermal-SH-ConvElc-WH-LPG-NoSolar-LPG;
;FEC_per_household-kWh-Res-HHnew-Thermal-SH-ConvElc-WH-LPG-Solar;
;FEC_per_household-kWh-Res-HHnew-Thermal-SH-ConvElc-WH-LPG-Solar-LPG;
;FEC_per_household-kWh-Res-HHnew-Thermal-SH-ConvElc-WH-LPG-Solar-Solar;
;FEC_per_household-kWh-Res-HHnew-Thermal-SH-ConvElc-WH-Elc-NoSolar-Elec;
;FEC_per_household-kWh-Res-HHnew-Thermal-SH-ConvElc-WH-Elc-Solar;
;FEC_per_household-kWh-Res-HHnew-Thermal-SH-ConvElc-WH-Elc-Solar-Elec;
;FEC_per_household-kWh-Res-HHnew-Thermal-SH-ConvElc-WH-Elc-Solar-Solar;
;FEC_per_household-kWh-Res-HHnew-Thermal-SH-ConvElc-CO;
;FEC_per_household-kWh-Res-HHnew-Thermal-SH-ConvElc-CO-LPG-LPG;
;FEC_per_household-kWh-Res-HHnew-Thermal-SH-ConvElc-CO-Elc-Elec;
;TES_per_household-kWh-Res-HHnew-Thermal-SH-Solids;
;TES_per_household-kWh-Res-HHnew-Thermal-SH-Solids-SH;
;TES_per_household-kWh-Res-HHnew-Thermal-SH-Solids-SH-Solids;
;TES_per_household-kWh-Res-HHnew-Thermal-SH-Solids-SH-Elec;
;TES_per_household-kWh-Res-HHnew-Thermal-SH-Solids-SC;
;TES_per_household-kWh-Res-HHnew-Thermal-SH-Solids-SC-AC-Elec;
;TES_per_household-kWh-Res-HHnew-Thermal-SH-Solids-WH;
;TES_per_household-kWh-Res-HHnew-Thermal-SH-Solids-WH-Solids-NoSolar-Solids;
;TES_per_household-kWh-Res-HHnew-Thermal-SH-Solids-WH-LPG-NoSolar-LPG;
;TES_per_household-kWh-Res-HHnew-Thermal-SH-Solids-WH-LPG-Solar;
;TES_per_household-kWh-Res-HHnew-Thermal-SH-Solids-WH-LPG-Solar-LPG;
;TES_per_household-kWh-Res-HHnew-Thermal-SH-Solids-WH-LPG-Solar-Solar;
;TES_per_household-kWh-Res-HHnew-Thermal-SH-Solids-WH-Elc-NoSolar-Elec;
;TES_per_household-kWh-Res-HHnew-Thermal-SH-Solids-WH-Elc-Solar;
;TES_per_household-kWh-Res-HHnew-Thermal-SH-Solids-WH-Elc-Solar-Elec;
;TES_per_household-kWh-Res-HHnew-Thermal-SH-Solids-WH-Elc-Solar-Solar;
;TES_per_household-kWh-Res-HHnew-Thermal-SH-Solids-CO;
;TES_per_household-kWh-Res-HHnew-Thermal-SH-Solids-CO-Solids-Solids;
;TES_per_household-kWh-Res-HHnew-Thermal-SH-Solids-CO-LPG-LPG;
;TES_per_household-kWh-Res-HHnew-Thermal-SH-Solids-CO-Elc-Elec;
;TES_per_household-kWh-Res-HHnew-Thermal-SH-LPG;
;TES_per_household-kWh-Res-HHnew-Thermal-SH-LPG-SH;
;TES_per_household-kWh-Res-HHnew-Thermal-SH-LPG-SH-LPG;
;TES_per_household-kWh-Res-HHnew-Thermal-SH-LPG-SH-Elec;
;TES_per_household-kWh-Res-HHnew-Thermal-SH-LPG-SC;
;TES_per_household-kWh-Res-HHnew-Thermal-SH-LPG-SC-AC-Elec;
;TES_per_household-kWh-Res-HHnew-Thermal-SH-LPG-WH;
;TES_per_household-kWh-Res-HHnew-Thermal-SH-LPG-WH-LPG-NoSolar-LPG;
;TES_per_household-kWh-Res-HHnew-Thermal-SH-LPG-WH-LPG-Solar;
;TES_per_household-kWh-Res-HHnew-Thermal-SH-LPG-WH-LPG-Solar-LPG;
;TES_per_household-kWh-Res-HHnew-Thermal-SH-LPG-WH-LPG-Solar-Solar;
;TES_per_household-kWh-Res-HHnew-Thermal-SH-LPG-WH-Elc-NoSolar-Elec;
;TES_per_household-kWh-Res-HHnew-Thermal-SH-LPG-WH-Elc-Solar;
;TES_per_household-kWh-Res-HHnew-Thermal-SH-LPG-WH-Elc-Solar-Elec;
;TES_per_household-kWh-Res-HHnew-Thermal-SH-LPG-WH-Elc-Solar-Solar;
;TES_per_household-kWh-Res-HHnew-Thermal-SH-LPG-CO;
;TES_per_household-kWh-Res-HHnew-Thermal-SH-LPG-CO-LPG-LPG;
;TES_per_household-kWh-Res-HHnew-Thermal-SH-LPG-CO-Elc-Elec;
;TES_per_household-kWh-Res-HHnew-Thermal-SH-Oil;
;TES_per_household-kWh-Res-HHnew-Thermal-SH-Oil-SH;
;TES_per_household-kWh-Res-HHnew-Thermal-SH-Oil-SH-Oil;
;TES_per_household-kWh-Res-HHnew-Thermal-SH-Oil-SH-Elec;
;TES_per_household-kWh-Res-HHnew-Thermal-SH-Oil-SC;
;TES_per_household-kWh-Res-HHnew-Thermal-SH-Oil-SC-AC-Elec;
;TES_per_household-kWh-Res-HHnew-Thermal-SH-Oil-WH;
;TES_per_household-kWh-Res-HHnew-Thermal-SH-Oil-WH-Oil-NoSolar-Oil;
;TES_per_household-kWh-Res-HHnew-Thermal-SH-Oil-WH-Oil-Solar;
;TES_per_household-kWh-Res-HHnew-Thermal-SH-Oil-WH-Oil-Solar-Oil;
;TES_per_household-kWh-Res-HHnew-Thermal-SH-Oil-WH-Oil-Solar-Solar;
;TES_per_household-kWh-Res-HHnew-Thermal-SH-Oil-WH-Elc-NoSolar-Elec;
;TES_per_household-kWh-Res-HHnew-Thermal-SH-Oil-WH-Elc-Solar;
;TES_per_household-kWh-Res-HHnew-Thermal-SH-Oil-WH-Elc-Solar-Elec;
;TES_per_household-kWh-Res-HHnew-Thermal-SH-Oil-WH-Elc-Solar-Solar;
;TES_per_household-kWh-Res-HHnew-Thermal-SH-Oil-CO;
;TES_per_household-kWh-Res-HHnew-Thermal-SH-Oil-CO-LPG-LPG;
;TES_per_household-kWh-Res-HHnew-Thermal-SH-Oil-CO-Elc-Elec;
;TES_per_household-kWh-Res-HHnew-Thermal-SH-Gas;
;TES_per_household-kWh-Res-HHnew-Thermal-SH-Gas-SH;
;TES_per_household-kWh-Res-HHnew-Thermal-SH-Gas-SH-Gas;
;TES_per_household-kWh-Res-HHnew-Thermal-SH-Gas-SH-Elec;
;TES_per_household-kWh-Res-HHnew-Thermal-SH-Gas-SC;
;TES_per_household-kWh-Res-HHnew-Thermal-SH-Gas-SC-AC-Elec;
;TES_per_household-kWh-Res-HHnew-Thermal-SH-Gas-WH;
;TES_per_household-kWh-Res-HHnew-Thermal-SH-Gas-WH-Gas-NoSolar-Gas;
;TES_per_household-kWh-Res-HHnew-Thermal-SH-Gas-WH-Gas-Solar;
;TES_per_household-kWh-Res-HHnew-Thermal-SH-Gas-WH-Gas-Solar-Gas;
;TES_per_household-kWh-Res-HHnew-Thermal-SH-Gas-WH-Gas-Solar-Solar;
;TES_per_household-kWh-Res-HHnew-Thermal-SH-Gas-WH-Elc-NoSolar-Elec;
;TES_per_household-kWh-Res-HHnew-Thermal-SH-Gas-WH-Elc-Solar;
;TES_per_household-kWh-Res-HHnew-Thermal-SH-Gas-WH-Elc-Solar-Elec;
;TES_per_household-kWh-Res-HHnew-Thermal-SH-Gas-WH-Elc-Solar-Solar;
;TES_per_household-kWh-Res-HHnew-Thermal-SH-Gas-CO;
;TES_per_household-kWh-Res-HHnew-Thermal-SH-Gas-CO-Gas-Gas;
;TES_per_household-kWh-Res-HHnew-Thermal-SH-Gas-CO-Elc-Elec;
;TES_per_household-kWh-Res-HHnew-Thermal-SH-Biomass;
;TES_per_household-kWh-Res-HHnew-Thermal-SH-Biomass-SH;
;TES_per_household-kWh-Res-HHnew-Thermal-SH-Biomass-SH-Biomass;
;TES_per_household-kWh-Res-HHnew-Thermal-SH-Biomass-SH-Elec;
;TES_per_household-kWh-Res-HHnew-Thermal-SH-Biomass-SC;
;TES_per_household-kWh-Res-HHnew-Thermal-SH-Biomass-SC-AC-Elec;
;TES_per_household-kWh-Res-HHnew-Thermal-SH-Biomass-WH;
;TES_per_household-kWh-Res-HHnew-Thermal-SH-Biomass-WH-Biomass-NoSolar-Biomass;
;TES_per_household-kWh-Res-HHnew-Thermal-SH-Biomass-WH-Biomass-Solar;
;TES_per_household-kWh-Res-HHnew-Thermal-SH-Biomass-WH-Biomass-Solar-Biomass;
;TES_per_household-kWh-Res-HHnew-Thermal-SH-Biomass-WH-Biomass-Solar-Solar;
;TES_per_household-kWh-Res-HHnew-Thermal-SH-Biomass-WH-LPG-NoSolar-LPG;
;TES_per_household-kWh-Res-HHnew-Thermal-SH-Biomass-WH-LPG-Solar;
;TES_per_household-kWh-Res-HHnew-Thermal-SH-Biomass-WH-LPG-Solar-LPG;
;TES_per_household-kWh-Res-HHnew-Thermal-SH-Biomass-WH-LPG-Solar-Solar;
;TES_per_household-kWh-Res-HHnew-Thermal-SH-Biomass-WH-Elc-NoSolar-Elec;
;TES_per_household-kWh-Res-HHnew-Thermal-SH-Biomass-WH-Elc-Solar;
;TES_per_household-kWh-Res-HHnew-Thermal-SH-Biomass-WH-Elc-Solar-Elec;
;TES_per_household-kWh-Res-HHnew-Thermal-SH-Biomass-WH-Elc-Solar-Solar;
;TES_per_household-kWh-Res-HHnew-Thermal-SH-Biomass-CO;
;TES_per_household-kWh-Res-HHnew-Thermal-SH-Biomass-CO-Biomass-Biomass;
;TES_per_household-kWh-Res-HHnew-Thermal-SH-Biomass-CO-LPG-LPG;
;TES_per_household-kWh-Res-HHnew-Thermal-SH-Biomass-CO-Elc-Elec;
;TES_per_household-kWh-Res-HHnew-Thermal-SH-Geo;
;TES_per_household-kWh-Res-HHnew-Thermal-SH-Geo-SH;
;TES_per_household-kWh-Res-HHnew-Thermal-SH-Geo-SH-Geo;
;TES_per_household-kWh-Res-HHnew-Thermal-SH-Geo-SH-Elec;
;TES_per_household-kWh-Res-HHnew-Thermal-SH-Geo-SC;
;TES_per_household-kWh-Res-HHnew-Thermal-SH-Geo-SC-AC-Elec;
;TES_per_household-kWh-Res-HHnew-Thermal-SH-Geo-WH;
;TES_per_household-kWh-Res-HHnew-Thermal-SH-Geo-WH-Geo-NoSolar-Geo;
;TES_per_household-kWh-Res-HHnew-Thermal-SH-Geo-WH-Geo-Solar;
;TES_per_household-kWh-Res-HHnew-Thermal-SH-Geo-WH-Geo-Solar-Geo;
;TES_per_household-kWh-Res-HHnew-Thermal-SH-Geo-WH-Geo-Solar-Solar;
;TES_per_household-kWh-Res-HHnew-Thermal-SH-Geo-WH-Elc-NoSolar-Elec;
;TES_per_household-kWh-Res-HHnew-Thermal-SH-Geo-WH-Elc-Solar;
;TES_per_household-kWh-Res-HHnew-Thermal-SH-Geo-WH-Elc-Solar-Elec;
;TES_per_household-kWh-Res-HHnew-Thermal-SH-Geo-WH-Elc-Solar-Solar;
;TES_per_household-kWh-Res-HHnew-Thermal-SH-Geo-CO;
;TES_per_household-kWh-Res-HHnew-Thermal-SH-Geo-CO-LPG-LPG;
;TES_per_household-kWh-Res-HHnew-Thermal-SH-Geo-CO-Elc-Elec;
;TES_per_household-kWh-Res-HHnew-Thermal-SH-DistrHeat;
;TES_per_household-kWh-Res-HHnew-Thermal-SH-DistrHeat-SH;
;TES_per_household-kWh-Res-HHnew-Thermal-SH-DistrHeat-SH-Steam_Distr;
;TES_per_household-kWh-Res-HHnew-Thermal-SH-DistrHeat-SH-Elec;
;TES_per_household-kWh-Res-HHnew-Thermal-SH-DistrHeat-SC;
;TES_per_household-kWh-Res-HHnew-Thermal-SH-DistrHeat-SC-AC-Elec;
;TES_per_household-kWh-Res-HHnew-Thermal-SH-DistrHeat-WH;
;TES_per_household-kWh-Res-HHnew-Thermal-SH-DistrHeat-WH-DistrHeat-NoSolar-Steam_Distr;
;TES_per_household-kWh-Res-HHnew-Thermal-SH-DistrHeat-WH-DistrHeat-Solar;
;TES_per_household-kWh-Res-HHnew-Thermal-SH-DistrHeat-WH-DistrHeat-Solar-Steam_Distr;
;TES_per_household-kWh-Res-HHnew-Thermal-SH-DistrHeat-WH-DistrHeat-Solar-Solar;
;TES_per_household-kWh-Res-HHnew-Thermal-SH-DistrHeat-WH-Elc-NoSolar-Elec;
;TES_per_household-kWh-Res-HHnew-Thermal-SH-DistrHeat-WH-Elc-Solar;
;TES_per_household-kWh-Res-HHnew-Thermal-SH-DistrHeat-WH-Elc-Solar-Elec;
;TES_per_household-kWh-Res-HHnew-Thermal-SH-DistrHeat-WH-Elc-Solar-Solar;
;TES_per_household-kWh-Res-HHnew-Thermal-SH-DistrHeat-CO;
;TES_per_household-kWh-Res-HHnew-Thermal-SH-DistrHeat-CO-LPG-LPG;
;TES_per_household-kWh-Res-HHnew-Thermal-SH-DistrHeat-CO-Elc-Elec;
;TES_per_household-kWh-Res-HHnew-Thermal-SH-AdvElc;
;TES_per_household-kWh-Res-HHnew-Thermal-SH-AdvElc-SH;
;TES_per_household-kWh-Res-HHnew-Thermal-SH-AdvElc-SH-Elec;
;TES_per_household-kWh-Res-HHnew-Thermal-SH-AdvElc-SC;
;TES_per_household-kWh-Res-HHnew-Thermal-SH-AdvElc-SC-AC-Elec;
;TES_per_household-kWh-Res-HHnew-Thermal-SH-AdvElc-WH;
;TES_per_household-kWh-Res-HHnew-Thermal-SH-AdvElc-WH-LPG-NoSolar-LPG;
;TES_per_household-kWh-Res-HHnew-Thermal-SH-AdvElc-WH-LPG-Solar;
;TES_per_household-kWh-Res-HHnew-Thermal-SH-AdvElc-WH-LPG-Solar-LPG;
;TES_per_household-kWh-Res-HHnew-Thermal-SH-AdvElc-WH-LPG-Solar-Solar;
;TES_per_household-kWh-Res-HHnew-Thermal-SH-AdvElc-WH-Elc-NoSolar-Elec;
;TES_per_household-kWh-Res-HHnew-Thermal-SH-AdvElc-WH-Elc-Solar;
;TES_per_household-kWh-Res-HHnew-Thermal-SH-AdvElc-WH-Elc-Solar-Elec;
;TES_per_household-kWh-Res-HHnew-Thermal-SH-AdvElc-WH-Elc-Solar-Solar;
;TES_per_household-kWh-Res-HHnew-Thermal-SH-AdvElc-CO;
;TES_per_household-kWh-Res-HHnew-Thermal-SH-AdvElc-CO-LPG-LPG;
;TES_per_household-kWh-Res-HHnew-Thermal-SH-AdvElc-CO-Elc-Elec;
;TES_per_household-kWh-Res-HHnew-Thermal-SH-ConvElc;
;TES_per_household-kWh-Res-HHnew-Thermal-SH-ConvElc-SH;
;TES_per_household-kWh-Res-HHnew-Thermal-SH-ConvElc-SH-Elec;
;TES_per_household-kWh-Res-HHnew-Thermal-SH-ConvElc-SC;
;TES_per_household-kWh-Res-HHnew-Thermal-SH-ConvElc-SC-AC-Elec;
;TES_per_household-kWh-Res-HHnew-Thermal-SH-ConvElc-WH;
;TES_per_household-kWh-Res-HHnew-Thermal-SH-ConvElc-WH-LPG-NoSolar-LPG;
;TES_per_household-kWh-Res-HHnew-Thermal-SH-ConvElc-WH-LPG-Solar;
;TES_per_household-kWh-Res-HHnew-Thermal-SH-ConvElc-WH-LPG-Solar-LPG;
;TES_per_household-kWh-Res-HHnew-Thermal-SH-ConvElc-WH-LPG-Solar-Solar;
;TES_per_household-kWh-Res-HHnew-Thermal-SH-ConvElc-WH-Elc-NoSolar-Elec;
;TES_per_household-kWh-Res-HHnew-Thermal-SH-ConvElc-WH-Elc-Solar;
;TES_per_household-kWh-Res-HHnew-Thermal-SH-ConvElc-WH-Elc-Solar-Elec;
;TES_per_household-kWh-Res-HHnew-Thermal-SH-ConvElc-WH-Elc-Solar-Solar;
;TES_per_household-kWh-Res-HHnew-Thermal-SH-ConvElc-CO;
;TES_per_household-kWh-Res-HHnew-Thermal-SH-ConvElc-CO-LPG-LPG;
;TES_per_household-kWh-Res-HHnew-Thermal-SH-ConvElc-CO-Elc-Elec;
;EMI_per_household-kgCO2-Res-HHnew-Thermal-SH-Solids;
;EMI_per_household-kgCO2-Res-HHnew-Thermal-SH-Solids-SH;
;EMI_per_household-kgCO2-Res-HHnew-Thermal-SH-Solids-SH-Solids;
;EMI_per_household-kgCO2-Res-HHnew-Thermal-SH-Solids-SH-Elec;
;EMI_per_household-kgCO2-Res-HHnew-Thermal-SH-Solids-SC;
;EMI_per_household-kgCO2-Res-HHnew-Thermal-SH-Solids-SC-AC-Elec;
;EMI_per_household-kgCO2-Res-HHnew-Thermal-SH-Solids-WH;
;EMI_per_household-kgCO2-Res-HHnew-Thermal-SH-Solids-WH-Solids-NoSolar-Solids;
;EMI_per_household-kgCO2-Res-HHnew-Thermal-SH-Solids-WH-LPG-NoSolar-LPG;
;EMI_per_household-kgCO2-Res-HHnew-Thermal-SH-Solids-WH-LPG-Solar;
;EMI_per_household-kgCO2-Res-HHnew-Thermal-SH-Solids-WH-LPG-Solar-LPG;
;EMI_per_household-kgCO2-Res-HHnew-Thermal-SH-Solids-WH-LPG-Solar-Solar;
;EMI_per_household-kgCO2-Res-HHnew-Thermal-SH-Solids-WH-Elc-NoSolar-Elec;
;EMI_per_household-kgCO2-Res-HHnew-Thermal-SH-Solids-WH-Elc-Solar;
;EMI_per_household-kgCO2-Res-HHnew-Thermal-SH-Solids-WH-Elc-Solar-Elec;
;EMI_per_household-kgCO2-Res-HHnew-Thermal-SH-Solids-WH-Elc-Solar-Solar;
;EMI_per_household-kgCO2-Res-HHnew-Thermal-SH-Solids-CO;
;EMI_per_household-kgCO2-Res-HHnew-Thermal-SH-Solids-CO-Solids-Solids;
;EMI_per_household-kgCO2-Res-HHnew-Thermal-SH-Solids-CO-LPG-LPG;
;EMI_per_household-kgCO2-Res-HHnew-Thermal-SH-Solids-CO-Elc-Elec;
;EMI_per_household-kgCO2-Res-HHnew-Thermal-SH-LPG;
;EMI_per_household-kgCO2-Res-HHnew-Thermal-SH-LPG-SH;
;EMI_per_household-kgCO2-Res-HHnew-Thermal-SH-LPG-SH-LPG;
;EMI_per_household-kgCO2-Res-HHnew-Thermal-SH-LPG-SH-Elec;
;EMI_per_household-kgCO2-Res-HHnew-Thermal-SH-LPG-SC;
;EMI_per_household-kgCO2-Res-HHnew-Thermal-SH-LPG-SC-AC-Elec;
;EMI_per_household-kgCO2-Res-HHnew-Thermal-SH-LPG-WH;
;EMI_per_household-kgCO2-Res-HHnew-Thermal-SH-LPG-WH-LPG-NoSolar-LPG;
;EMI_per_household-kgCO2-Res-HHnew-Thermal-SH-LPG-WH-LPG-Solar;
;EMI_per_household-kgCO2-Res-HHnew-Thermal-SH-LPG-WH-LPG-Solar-LPG;
;EMI_per_household-kgCO2-Res-HHnew-Thermal-SH-LPG-WH-LPG-Solar-Solar;
;EMI_per_household-kgCO2-Res-HHnew-Thermal-SH-LPG-WH-Elc-NoSolar-Elec;
;EMI_per_household-kgCO2-Res-HHnew-Thermal-SH-LPG-WH-Elc-Solar;
;EMI_per_household-kgCO2-Res-HHnew-Thermal-SH-LPG-WH-Elc-Solar-Elec;
;EMI_per_household-kgCO2-Res-HHnew-Thermal-SH-LPG-WH-Elc-Solar-Solar;
;EMI_per_household-kgCO2-Res-HHnew-Thermal-SH-LPG-CO;
;EMI_per_household-kgCO2-Res-HHnew-Thermal-SH-LPG-CO-LPG-LPG;
;EMI_per_household-kgCO2-Res-HHnew-Thermal-SH-LPG-CO-Elc-Elec;
;EMI_per_household-kgCO2-Res-HHnew-Thermal-SH-Oil;
;EMI_per_household-kgCO2-Res-HHnew-Thermal-SH-Oil-SH;
;EMI_per_household-kgCO2-Res-HHnew-Thermal-SH-Oil-SH-Oil;
;EMI_per_household-kgCO2-Res-HHnew-Thermal-SH-Oil-SH-Elec;
;EMI_per_household-kgCO2-Res-HHnew-Thermal-SH-Oil-SC;
;EMI_per_household-kgCO2-Res-HHnew-Thermal-SH-Oil-SC-AC-Elec;
;EMI_per_household-kgCO2-Res-HHnew-Thermal-SH-Oil-WH;
;EMI_per_household-kgCO2-Res-HHnew-Thermal-SH-Oil-WH-Oil-NoSolar-Oil;
;EMI_per_household-kgCO2-Res-HHnew-Thermal-SH-Oil-WH-Oil-Solar;
;EMI_per_household-kgCO2-Res-HHnew-Thermal-SH-Oil-WH-Oil-Solar-Oil;
;EMI_per_household-kgCO2-Res-HHnew-Thermal-SH-Oil-WH-Oil-Solar-Solar;
;EMI_per_household-kgCO2-Res-HHnew-Thermal-SH-Oil-WH-Elc-NoSolar-Elec;
;EMI_per_household-kgCO2-Res-HHnew-Thermal-SH-Oil-WH-Elc-Solar;
;EMI_per_household-kgCO2-Res-HHnew-Thermal-SH-Oil-WH-Elc-Solar-Elec;
;EMI_per_household-kgCO2-Res-HHnew-Thermal-SH-Oil-WH-Elc-Solar-Solar;
;EMI_per_household-kgCO2-Res-HHnew-Thermal-SH-Oil-CO;
;EMI_per_household-kgCO2-Res-HHnew-Thermal-SH-Oil-CO-LPG-LPG;
;EMI_per_household-kgCO2-Res-HHnew-Thermal-SH-Oil-CO-Elc-Elec;
;EMI_per_household-kgCO2-Res-HHnew-Thermal-SH-Gas;
;EMI_per_household-kgCO2-Res-HHnew-Thermal-SH-Gas-SH;
;EMI_per_household-kgCO2-Res-HHnew-Thermal-SH-Gas-SH-Gas;
;EMI_per_household-kgCO2-Res-HHnew-Thermal-SH-Gas-SH-Elec;
;EMI_per_household-kgCO2-Res-HHnew-Thermal-SH-Gas-SC;
;EMI_per_household-kgCO2-Res-HHnew-Thermal-SH-Gas-SC-AC-Elec;
;EMI_per_household-kgCO2-Res-HHnew-Thermal-SH-Gas-WH;
;EMI_per_household-kgCO2-Res-HHnew-Thermal-SH-Gas-WH-Gas-NoSolar-Gas;
;EMI_per_household-kgCO2-Res-HHnew-Thermal-SH-Gas-WH-Gas-Solar;
;EMI_per_household-kgCO2-Res-HHnew-Thermal-SH-Gas-WH-Gas-Solar-Gas;
;EMI_per_household-kgCO2-Res-HHnew-Thermal-SH-Gas-WH-Gas-Solar-Solar;
;EMI_per_household-kgCO2-Res-HHnew-Thermal-SH-Gas-WH-Elc-NoSolar-Elec;
;EMI_per_household-kgCO2-Res-HHnew-Thermal-SH-Gas-WH-Elc-Solar;
;EMI_per_household-kgCO2-Res-HHnew-Thermal-SH-Gas-WH-Elc-Solar-Elec;
;EMI_per_household-kgCO2-Res-HHnew-Thermal-SH-Gas-WH-Elc-Solar-Solar;
;EMI_per_household-kgCO2-Res-HHnew-Thermal-SH-Gas-CO;
;EMI_per_household-kgCO2-Res-HHnew-Thermal-SH-Gas-CO-Gas-Gas;
;EMI_per_household-kgCO2-Res-HHnew-Thermal-SH-Gas-CO-Elc-Elec;
;EMI_per_household-kgCO2-Res-HHnew-Thermal-SH-Biomass;
;EMI_per_household-kgCO2-Res-HHnew-Thermal-SH-Biomass-SH;
;EMI_per_household-kgCO2-Res-HHnew-Thermal-SH-Biomass-SH-Biomass;
;EMI_per_household-kgCO2-Res-HHnew-Thermal-SH-Biomass-SH-Elec;
;EMI_per_household-kgCO2-Res-HHnew-Thermal-SH-Biomass-SC;
;EMI_per_household-kgCO2-Res-HHnew-Thermal-SH-Biomass-SC-AC-Elec;
;EMI_per_household-kgCO2-Res-HHnew-Thermal-SH-Biomass-WH;
;EMI_per_household-kgCO2-Res-HHnew-Thermal-SH-Biomass-WH-Biomass-NoSolar-Biomass;
;EMI_per_household-kgCO2-Res-HHnew-Thermal-SH-Biomass-WH-Biomass-Solar;
;EMI_per_household-kgCO2-Res-HHnew-Thermal-SH-Biomass-WH-Biomass-Solar-Biomass;
;EMI_per_household-kgCO2-Res-HHnew-Thermal-SH-Biomass-WH-Biomass-Solar-Solar;
;EMI_per_household-kgCO2-Res-HHnew-Thermal-SH-Biomass-WH-LPG-NoSolar-LPG;
;EMI_per_household-kgCO2-Res-HHnew-Thermal-SH-Biomass-WH-LPG-Solar;
;EMI_per_household-kgCO2-Res-HHnew-Thermal-SH-Biomass-WH-LPG-Solar-LPG;
;EMI_per_household-kgCO2-Res-HHnew-Thermal-SH-Biomass-WH-LPG-Solar-Solar;
;EMI_per_household-kgCO2-Res-HHnew-Thermal-SH-Biomass-WH-Elc-NoSolar-Elec;
;EMI_per_household-kgCO2-Res-HHnew-Thermal-SH-Biomass-WH-Elc-Solar;
;EMI_per_household-kgCO2-Res-HHnew-Thermal-SH-Biomass-WH-Elc-Solar-Elec;
;EMI_per_household-kgCO2-Res-HHnew-Thermal-SH-Biomass-WH-Elc-Solar-Solar;
;EMI_per_household-kgCO2-Res-HHnew-Thermal-SH-Biomass-CO;
;EMI_per_household-kgCO2-Res-HHnew-Thermal-SH-Biomass-CO-Biomass-Biomass;
;EMI_per_household-kgCO2-Res-HHnew-Thermal-SH-Biomass-CO-LPG-LPG;
;EMI_per_household-kgCO2-Res-HHnew-Thermal-SH-Biomass-CO-Elc-Elec;
;EMI_per_household-kgCO2-Res-HHnew-Thermal-SH-Geo;
;EMI_per_household-kgCO2-Res-HHnew-Thermal-SH-Geo-SH;
;EMI_per_household-kgCO2-Res-HHnew-Thermal-SH-Geo-SH-Geo;
;EMI_per_household-kgCO2-Res-HHnew-Thermal-SH-Geo-SH-Elec;
;EMI_per_household-kgCO2-Res-HHnew-Thermal-SH-Geo-SC;
;EMI_per_household-kgCO2-Res-HHnew-Thermal-SH-Geo-SC-AC-Elec;
;EMI_per_household-kgCO2-Res-HHnew-Thermal-SH-Geo-WH;
;EMI_per_household-kgCO2-Res-HHnew-Thermal-SH-Geo-WH-Geo-NoSolar-Geo;
;EMI_per_household-kgCO2-Res-HHnew-Thermal-SH-Geo-WH-Geo-Solar;
;EMI_per_household-kgCO2-Res-HHnew-Thermal-SH-Geo-WH-Geo-Solar-Geo;
;EMI_per_household-kgCO2-Res-HHnew-Thermal-SH-Geo-WH-Geo-Solar-Solar;
;EMI_per_household-kgCO2-Res-HHnew-Thermal-SH-Geo-WH-Elc-NoSolar-Elec;
;EMI_per_household-kgCO2-Res-HHnew-Thermal-SH-Geo-WH-Elc-Solar;
;EMI_per_household-kgCO2-Res-HHnew-Thermal-SH-Geo-WH-Elc-Solar-Elec;
;EMI_per_household-kgCO2-Res-HHnew-Thermal-SH-Geo-WH-Elc-Solar-Solar;
;EMI_per_household-kgCO2-Res-HHnew-Thermal-SH-Geo-CO;
;EMI_per_household-kgCO2-Res-HHnew-Thermal-SH-Geo-CO-LPG-LPG;
;EMI_per_household-kgCO2-Res-HHnew-Thermal-SH-Geo-CO-Elc-Elec;
;EMI_per_household-kgCO2-Res-HHnew-Thermal-SH-DistrHeat;
;EMI_per_household-kgCO2-Res-HHnew-Thermal-SH-DistrHeat-SH;
;EMI_per_household-kgCO2-Res-HHnew-Thermal-SH-DistrHeat-SH-Steam_Distr;
;EMI_per_household-kgCO2-Res-HHnew-Thermal-SH-DistrHeat-SH-Elec;
;EMI_per_household-kgCO2-Res-HHnew-Thermal-SH-DistrHeat-SC;
;EMI_per_household-kgCO2-Res-HHnew-Thermal-SH-DistrHeat-SC-AC-Elec;
;EMI_per_household-kgCO2-Res-HHnew-Thermal-SH-DistrHeat-WH;
;EMI_per_household-kgCO2-Res-HHnew-Thermal-SH-DistrHeat-WH-DistrHeat-NoSolar-Steam_Distr;
;EMI_per_household-kgCO2-Res-HHnew-Thermal-SH-DistrHeat-WH-DistrHeat-Solar;
;EMI_per_household-kgCO2-Res-HHnew-Thermal-SH-DistrHeat-WH-DistrHeat-Solar-Steam_Distr;
;EMI_per_household-kgCO2-Res-HHnew-Thermal-SH-DistrHeat-WH-DistrHeat-Solar-Solar;
;EMI_per_household-kgCO2-Res-HHnew-Thermal-SH-DistrHeat-WH-Elc-NoSolar-Elec;
;EMI_per_household-kgCO2-Res-HHnew-Thermal-SH-DistrHeat-WH-Elc-Solar;
;EMI_per_household-kgCO2-Res-HHnew-Thermal-SH-DistrHeat-WH-Elc-Solar-Elec;
;EMI_per_household-kgCO2-Res-HHnew-Thermal-SH-DistrHeat-WH-Elc-Solar-Solar;
;EMI_per_household-kgCO2-Res-HHnew-Thermal-SH-DistrHeat-CO;
;EMI_per_household-kgCO2-Res-HHnew-Thermal-SH-DistrHeat-CO-LPG-LPG;
;EMI_per_household-kgCO2-Res-HHnew-Thermal-SH-DistrHeat-CO-Elc-Elec;
;EMI_per_household-kgCO2-Res-HHnew-Thermal-SH-AdvElc;
;EMI_per_household-kgCO2-Res-HHnew-Thermal-SH-AdvElc-SH;
;EMI_per_household-kgCO2-Res-HHnew-Thermal-SH-AdvElc-SH-Elec;
;EMI_per_household-kgCO2-Res-HHnew-Thermal-SH-AdvElc-SC;
;EMI_per_household-kgCO2-Res-HHnew-Thermal-SH-AdvElc-SC-AC-Elec;
;EMI_per_household-kgCO2-Res-HHnew-Thermal-SH-AdvElc-WH;
;EMI_per_household-kgCO2-Res-HHnew-Thermal-SH-AdvElc-WH-LPG-NoSolar-LPG;
;EMI_per_household-kgCO2-Res-HHnew-Thermal-SH-AdvElc-WH-LPG-Solar;
;EMI_per_household-kgCO2-Res-HHnew-Thermal-SH-AdvElc-WH-LPG-Solar-LPG;
;EMI_per_household-kgCO2-Res-HHnew-Thermal-SH-AdvElc-WH-LPG-Solar-Solar;
;EMI_per_household-kgCO2-Res-HHnew-Thermal-SH-AdvElc-WH-Elc-NoSolar-Elec;
;EMI_per_household-kgCO2-Res-HHnew-Thermal-SH-AdvElc-WH-Elc-Solar;
;EMI_per_household-kgCO2-Res-HHnew-Thermal-SH-AdvElc-WH-Elc-Solar-Elec;
;EMI_per_household-kgCO2-Res-HHnew-Thermal-SH-AdvElc-WH-Elc-Solar-Solar;
;EMI_per_household-kgCO2-Res-HHnew-Thermal-SH-AdvElc-CO;
;EMI_per_household-kgCO2-Res-HHnew-Thermal-SH-AdvElc-CO-LPG-LPG;
;EMI_per_household-kgCO2-Res-HHnew-Thermal-SH-AdvElc-CO-Elc-Elec;
;EMI_per_household-kgCO2-Res-HHnew-Thermal-SH-ConvElc;
;EMI_per_household-kgCO2-Res-HHnew-Thermal-SH-ConvElc-SH;
;EMI_per_household-kgCO2-Res-HHnew-Thermal-SH-ConvElc-SH-Elec;
;EMI_per_household-kgCO2-Res-HHnew-Thermal-SH-ConvElc-SC;
;EMI_per_household-kgCO2-Res-HHnew-Thermal-SH-ConvElc-SC-AC-Elec;
;EMI_per_household-kgCO2-Res-HHnew-Thermal-SH-ConvElc-WH;
;EMI_per_household-kgCO2-Res-HHnew-Thermal-SH-ConvElc-WH-LPG-NoSolar-LPG;
;EMI_per_household-kgCO2-Res-HHnew-Thermal-SH-ConvElc-WH-LPG-Solar;
;EMI_per_household-kgCO2-Res-HHnew-Thermal-SH-ConvElc-WH-LPG-Solar-LPG;
;EMI_per_household-kgCO2-Res-HHnew-Thermal-SH-ConvElc-WH-LPG-Solar-Solar;
;EMI_per_household-kgCO2-Res-HHnew-Thermal-SH-ConvElc-WH-Elc-NoSolar-Elec;
;EMI_per_household-kgCO2-Res-HHnew-Thermal-SH-ConvElc-WH-Elc-Solar;
;EMI_per_household-kgCO2-Res-HHnew-Thermal-SH-ConvElc-WH-Elc-Solar-Elec;
;EMI_per_household-kgCO2-Res-HHnew-Thermal-SH-ConvElc-WH-Elc-Solar-Solar;
;EMI_per_household-kgCO2-Res-HHnew-Thermal-SH-ConvElc-CO;
;EMI_per_household-kgCO2-Res-HHnew-Thermal-SH-ConvElc-CO-LPG-LPG;
;EMI_per_household-kgCO2-Res-HHnew-Thermal-SH-ConvElc-CO-Elc-Elec;
;FEC_per_sqm-kWh-Res-HHnew-Thermal-SH-Solids;
;FEC_per_sqm-kWh-Res-HHnew-Thermal-SH-Solids-SH;
;FEC_per_sqm-kWh-Res-HHnew-Thermal-SH-Solids-SH-Solids;
;FEC_per_sqm-kWh-Res-HHnew-Thermal-SH-Solids-SH-Elec;
;FEC_per_sqm-kWh-Res-HHnew-Thermal-SH-Solids-SC;
;FEC_per_sqm-kWh-Res-HHnew-Thermal-SH-Solids-SC-AC-Elec;
;FEC_per_sqm-kWh-Res-HHnew-Thermal-SH-Solids-WH;
;FEC_per_sqm-kWh-Res-HHnew-Thermal-SH-Solids-WH-Solids-NoSolar-Solids;
;FEC_per_sqm-kWh-Res-HHnew-Thermal-SH-Solids-WH-LPG-NoSolar-LPG;
;FEC_per_sqm-kWh-Res-HHnew-Thermal-SH-Solids-WH-LPG-Solar;
;FEC_per_sqm-kWh-Res-HHnew-Thermal-SH-Solids-WH-LPG-Solar-LPG;
;FEC_per_sqm-kWh-Res-HHnew-Thermal-SH-Solids-WH-LPG-Solar-Solar;
;FEC_per_sqm-kWh-Res-HHnew-Thermal-SH-Solids-WH-Elc-NoSolar-Elec;
;FEC_per_sqm-kWh-Res-HHnew-Thermal-SH-Solids-WH-Elc-Solar;
;FEC_per_sqm-kWh-Res-HHnew-Thermal-SH-Solids-WH-Elc-Solar-Elec;
;FEC_per_sqm-kWh-Res-HHnew-Thermal-SH-Solids-WH-Elc-Solar-Solar;
;FEC_per_sqm-kWh-Res-HHnew-Thermal-SH-Solids-CO;
;FEC_per_sqm-kWh-Res-HHnew-Thermal-SH-Solids-CO-Solids-Solids;
;FEC_per_sqm-kWh-Res-HHnew-Thermal-SH-Solids-CO-LPG-LPG;
;FEC_per_sqm-kWh-Res-HHnew-Thermal-SH-Solids-CO-Elc-Elec;
;FEC_per_sqm-kWh-Res-HHnew-Thermal-SH-LPG;
;FEC_per_sqm-kWh-Res-HHnew-Thermal-SH-LPG-SH;
;FEC_per_sqm-kWh-Res-HHnew-Thermal-SH-LPG-SH-LPG;
;FEC_per_sqm-kWh-Res-HHnew-Thermal-SH-LPG-SH-Elec;
;FEC_per_sqm-kWh-Res-HHnew-Thermal-SH-LPG-SC;
;FEC_per_sqm-kWh-Res-HHnew-Thermal-SH-LPG-SC-AC-Elec;
;FEC_per_sqm-kWh-Res-HHnew-Thermal-SH-LPG-WH;
;FEC_per_sqm-kWh-Res-HHnew-Thermal-SH-LPG-WH-LPG-NoSolar-LPG;
;FEC_per_sqm-kWh-Res-HHnew-Thermal-SH-LPG-WH-LPG-Solar;
;FEC_per_sqm-kWh-Res-HHnew-Thermal-SH-LPG-WH-LPG-Solar-LPG;
;FEC_per_sqm-kWh-Res-HHnew-Thermal-SH-LPG-WH-LPG-Solar-Solar;
;FEC_per_sqm-kWh-Res-HHnew-Thermal-SH-LPG-WH-Elc-NoSolar-Elec;
;FEC_per_sqm-kWh-Res-HHnew-Thermal-SH-LPG-WH-Elc-Solar;
;FEC_per_sqm-kWh-Res-HHnew-Thermal-SH-LPG-WH-Elc-Solar-Elec;
;FEC_per_sqm-kWh-Res-HHnew-Thermal-SH-LPG-WH-Elc-Solar-Solar;
;FEC_per_sqm-kWh-Res-HHnew-Thermal-SH-LPG-CO;
;FEC_per_sqm-kWh-Res-HHnew-Thermal-SH-LPG-CO-LPG-LPG;
;FEC_per_sqm-kWh-Res-HHnew-Thermal-SH-LPG-CO-Elc-Elec;
;FEC_per_sqm-kWh-Res-HHnew-Thermal-SH-Oil;
;FEC_per_sqm-kWh-Res-HHnew-Thermal-SH-Oil-SH;
;FEC_per_sqm-kWh-Res-HHnew-Thermal-SH-Oil-SH-Oil;
;FEC_per_sqm-kWh-Res-HHnew-Thermal-SH-Oil-SH-Elec;
;FEC_per_sqm-kWh-Res-HHnew-Thermal-SH-Oil-SC;
;FEC_per_sqm-kWh-Res-HHnew-Thermal-SH-Oil-SC-AC-Elec;
;FEC_per_sqm-kWh-Res-HHnew-Thermal-SH-Oil-WH;
;FEC_per_sqm-kWh-Res-HHnew-Thermal-SH-Oil-WH-Oil-NoSolar-Oil;
;FEC_per_sqm-kWh-Res-HHnew-Thermal-SH-Oil-WH-Oil-Solar;
;FEC_per_sqm-kWh-Res-HHnew-Thermal-SH-Oil-WH-Oil-Solar-Oil;
;FEC_per_sqm-kWh-Res-HHnew-Thermal-SH-Oil-WH-Oil-Solar-Solar;
;FEC_per_sqm-kWh-Res-HHnew-Thermal-SH-Oil-WH-Elc-NoSolar-Elec;
;FEC_per_sqm-kWh-Res-HHnew-Thermal-SH-Oil-WH-Elc-Solar;
;FEC_per_sqm-kWh-Res-HHnew-Thermal-SH-Oil-WH-Elc-Solar-Elec;
;FEC_per_sqm-kWh-Res-HHnew-Thermal-SH-Oil-WH-Elc-Solar-Solar;
;FEC_per_sqm-kWh-Res-HHnew-Thermal-SH-Oil-CO;
;FEC_per_sqm-kWh-Res-HHnew-Thermal-SH-Oil-CO-LPG-LPG;
;FEC_per_sqm-kWh-Res-HHnew-Thermal-SH-Oil-CO-Elc-Elec;
;FEC_per_sqm-kWh-Res-HHnew-Thermal-SH-Gas;
;FEC_per_sqm-kWh-Res-HHnew-Thermal-SH-Gas-SH;
;FEC_per_sqm-kWh-Res-HHnew-Thermal-SH-Gas-SH-Gas;
;FEC_per_sqm-kWh-Res-HHnew-Thermal-SH-Gas-SH-Elec;
;FEC_per_sqm-kWh-Res-HHnew-Thermal-SH-Gas-SC;
;FEC_per_sqm-kWh-Res-HHnew-Thermal-SH-Gas-SC-AC-Elec;
;FEC_per_sqm-kWh-Res-HHnew-Thermal-SH-Gas-WH;
;FEC_per_sqm-kWh-Res-HHnew-Thermal-SH-Gas-WH-Gas-NoSolar-Gas;
;FEC_per_sqm-kWh-Res-HHnew-Thermal-SH-Gas-WH-Gas-Solar;
;FEC_per_sqm-kWh-Res-HHnew-Thermal-SH-Gas-WH-Gas-Solar-Gas;
;FEC_per_sqm-kWh-Res-HHnew-Thermal-SH-Gas-WH-Gas-Solar-Solar;
;FEC_per_sqm-kWh-Res-HHnew-Thermal-SH-Gas-WH-Elc-NoSolar-Elec;
;FEC_per_sqm-kWh-Res-HHnew-Thermal-SH-Gas-WH-Elc-Solar;
;FEC_per_sqm-kWh-Res-HHnew-Thermal-SH-Gas-WH-Elc-Solar-Elec;
;FEC_per_sqm-kWh-Res-HHnew-Thermal-SH-Gas-WH-Elc-Solar-Solar;
;FEC_per_sqm-kWh-Res-HHnew-Thermal-SH-Gas-CO;
;FEC_per_sqm-kWh-Res-HHnew-Thermal-SH-Gas-CO-Gas-Gas;
;FEC_per_sqm-kWh-Res-HHnew-Thermal-SH-Gas-CO-Elc-Elec;
;FEC_per_sqm-kWh-Res-HHnew-Thermal-SH-Biomass;
;FEC_per_sqm-kWh-Res-HHnew-Thermal-SH-Biomass-SH;
;FEC_per_sqm-kWh-Res-HHnew-Thermal-SH-Biomass-SH-Biomass;
;FEC_per_sqm-kWh-Res-HHnew-Thermal-SH-Biomass-SH-Elec;
;FEC_per_sqm-kWh-Res-HHnew-Thermal-SH-Biomass-SC;
;FEC_per_sqm-kWh-Res-HHnew-Thermal-SH-Biomass-SC-AC-Elec;
;FEC_per_sqm-kWh-Res-HHnew-Thermal-SH-Biomass-WH;
;FEC_per_sqm-kWh-Res-HHnew-Thermal-SH-Biomass-WH-Biomass-NoSolar-Biomass;
;FEC_per_sqm-kWh-Res-HHnew-Thermal-SH-Biomass-WH-Biomass-Solar;
;FEC_per_sqm-kWh-Res-HHnew-Thermal-SH-Biomass-WH-Biomass-Solar-Biomass;
;FEC_per_sqm-kWh-Res-HHnew-Thermal-SH-Biomass-WH-Biomass-Solar-Solar;
;FEC_per_sqm-kWh-Res-HHnew-Thermal-SH-Biomass-WH-LPG-NoSolar-LPG;
;FEC_per_sqm-kWh-Res-HHnew-Thermal-SH-Biomass-WH-LPG-Solar;
;FEC_per_sqm-kWh-Res-HHnew-Thermal-SH-Biomass-WH-LPG-Solar-LPG;
;FEC_per_sqm-kWh-Res-HHnew-Thermal-SH-Biomass-WH-LPG-Solar-Solar;
;FEC_per_sqm-kWh-Res-HHnew-Thermal-SH-Biomass-WH-Elc-NoSolar-Elec;
;FEC_per_sqm-kWh-Res-HHnew-Thermal-SH-Biomass-WH-Elc-Solar;
;FEC_per_sqm-kWh-Res-HHnew-Thermal-SH-Biomass-WH-Elc-Solar-Elec;
;FEC_per_sqm-kWh-Res-HHnew-Thermal-SH-Biomass-WH-Elc-Solar-Solar;
;FEC_per_sqm-kWh-Res-HHnew-Thermal-SH-Biomass-CO;
;FEC_per_sqm-kWh-Res-HHnew-Thermal-SH-Biomass-CO-Biomass-Biomass;
;FEC_per_sqm-kWh-Res-HHnew-Thermal-SH-Biomass-CO-LPG-LPG;
;FEC_per_sqm-kWh-Res-HHnew-Thermal-SH-Biomass-CO-Elc-Elec;
;FEC_per_sqm-kWh-Res-HHnew-Thermal-SH-Geo;
;FEC_per_sqm-kWh-Res-HHnew-Thermal-SH-Geo-SH;
;FEC_per_sqm-kWh-Res-HHnew-Thermal-SH-Geo-SH-Geo;
;FEC_per_sqm-kWh-Res-HHnew-Thermal-SH-Geo-SH-Elec;
;FEC_per_sqm-kWh-Res-HHnew-Thermal-SH-Geo-SC;
;FEC_per_sqm-kWh-Res-HHnew-Thermal-SH-Geo-SC-AC-Elec;
;FEC_per_sqm-kWh-Res-HHnew-Thermal-SH-Geo-WH;
;FEC_per_sqm-kWh-Res-HHnew-Thermal-SH-Geo-WH-Geo-NoSolar-Geo;
;FEC_per_sqm-kWh-Res-HHnew-Thermal-SH-Geo-WH-Geo-Solar;
;FEC_per_sqm-kWh-Res-HHnew-Thermal-SH-Geo-WH-Geo-Solar-Geo;
;FEC_per_sqm-kWh-Res-HHnew-Thermal-SH-Geo-WH-Geo-Solar-Solar;
;FEC_per_sqm-kWh-Res-HHnew-Thermal-SH-Geo-WH-Elc-NoSolar-Elec;
;FEC_per_sqm-kWh-Res-HHnew-Thermal-SH-Geo-WH-Elc-Solar;
;FEC_per_sqm-kWh-Res-HHnew-Thermal-SH-Geo-WH-Elc-Solar-Elec;
;FEC_per_sqm-kWh-Res-HHnew-Thermal-SH-Geo-WH-Elc-Solar-Solar;
;FEC_per_sqm-kWh-Res-HHnew-Thermal-SH-Geo-CO;
;FEC_per_sqm-kWh-Res-HHnew-Thermal-SH-Geo-CO-LPG-LPG;
;FEC_per_sqm-kWh-Res-HHnew-Thermal-SH-Geo-CO-Elc-Elec;
;FEC_per_sqm-kWh-Res-HHnew-Thermal-SH-DistrHeat;
;FEC_per_sqm-kWh-Res-HHnew-Thermal-SH-DistrHeat-SH;
;FEC_per_sqm-kWh-Res-HHnew-Thermal-SH-DistrHeat-SH-Steam_Distr;
;FEC_per_sqm-kWh-Res-HHnew-Thermal-SH-DistrHeat-SH-Elec;
;FEC_per_sqm-kWh-Res-HHnew-Thermal-SH-DistrHeat-SC;
;FEC_per_sqm-kWh-Res-HHnew-Thermal-SH-DistrHeat-SC-AC-Elec;
;FEC_per_sqm-kWh-Res-HHnew-Thermal-SH-DistrHeat-WH;
;FEC_per_sqm-kWh-Res-HHnew-Thermal-SH-DistrHeat-WH-DistrHeat-NoSolar-Steam_Distr;
;FEC_per_sqm-kWh-Res-HHnew-Thermal-SH-DistrHeat-WH-DistrHeat-Solar;
;FEC_per_sqm-kWh-Res-HHnew-Thermal-SH-DistrHeat-WH-DistrHeat-Solar-Steam_Distr;
;FEC_per_sqm-kWh-Res-HHnew-Thermal-SH-DistrHeat-WH-DistrHeat-Solar-Solar;
;FEC_per_sqm-kWh-Res-HHnew-Thermal-SH-DistrHeat-WH-Elc-NoSolar-Elec;
;FEC_per_sqm-kWh-Res-HHnew-Thermal-SH-DistrHeat-WH-Elc-Solar;
;FEC_per_sqm-kWh-Res-HHnew-Thermal-SH-DistrHeat-WH-Elc-Solar-Elec;
;FEC_per_sqm-kWh-Res-HHnew-Thermal-SH-DistrHeat-WH-Elc-Solar-Solar;
;FEC_per_sqm-kWh-Res-HHnew-Thermal-SH-DistrHeat-CO;
;FEC_per_sqm-kWh-Res-HHnew-Thermal-SH-DistrHeat-CO-LPG-LPG;
;FEC_per_sqm-kWh-Res-HHnew-Thermal-SH-DistrHeat-CO-Elc-Elec;
;FEC_per_sqm-kWh-Res-HHnew-Thermal-SH-AdvElc;
;FEC_per_sqm-kWh-Res-HHnew-Thermal-SH-AdvElc-SH;
;FEC_per_sqm-kWh-Res-HHnew-Thermal-SH-AdvElc-SH-Elec;
;FEC_per_sqm-kWh-Res-HHnew-Thermal-SH-AdvElc-SC;
;FEC_per_sqm-kWh-Res-HHnew-Thermal-SH-AdvElc-SC-AC-Elec;
;FEC_per_sqm-kWh-Res-HHnew-Thermal-SH-AdvElc-WH;
;FEC_per_sqm-kWh-Res-HHnew-Thermal-SH-AdvElc-WH-LPG-NoSolar-LPG;
;FEC_per_sqm-kWh-Res-HHnew-Thermal-SH-AdvElc-WH-LPG-Solar;
;FEC_per_sqm-kWh-Res-HHnew-Thermal-SH-AdvElc-WH-LPG-Solar-LPG;
;FEC_per_sqm-kWh-Res-HHnew-Thermal-SH-AdvElc-WH-LPG-Solar-Solar;
;FEC_per_sqm-kWh-Res-HHnew-Thermal-SH-AdvElc-WH-Elc-NoSolar-Elec;
;FEC_per_sqm-kWh-Res-HHnew-Thermal-SH-AdvElc-WH-Elc-Solar;
;FEC_per_sqm-kWh-Res-HHnew-Thermal-SH-AdvElc-WH-Elc-Solar-Elec;
;FEC_per_sqm-kWh-Res-HHnew-Thermal-SH-AdvElc-WH-Elc-Solar-Solar;
;FEC_per_sqm-kWh-Res-HHnew-Thermal-SH-AdvElc-CO;
;FEC_per_sqm-kWh-Res-HHnew-Thermal-SH-AdvElc-CO-LPG-LPG;
;FEC_per_sqm-kWh-Res-HHnew-Thermal-SH-AdvElc-CO-Elc-Elec;
;FEC_per_sqm-kWh-Res-HHnew-Thermal-SH-ConvElc;
;FEC_per_sqm-kWh-Res-HHnew-Thermal-SH-ConvElc-SH;
;FEC_per_sqm-kWh-Res-HHnew-Thermal-SH-ConvElc-SH-Elec;
;FEC_per_sqm-kWh-Res-HHnew-Thermal-SH-ConvElc-SC;
;FEC_per_sqm-kWh-Res-HHnew-Thermal-SH-ConvElc-SC-AC-Elec;
;FEC_per_sqm-kWh-Res-HHnew-Thermal-SH-ConvElc-WH;
;FEC_per_sqm-kWh-Res-HHnew-Thermal-SH-ConvElc-WH-LPG-NoSolar-LPG;
;FEC_per_sqm-kWh-Res-HHnew-Thermal-SH-ConvElc-WH-LPG-Solar;
;FEC_per_sqm-kWh-Res-HHnew-Thermal-SH-ConvElc-WH-LPG-Solar-LPG;
;FEC_per_sqm-kWh-Res-HHnew-Thermal-SH-ConvElc-WH-LPG-Solar-Solar;
;FEC_per_sqm-kWh-Res-HHnew-Thermal-SH-ConvElc-WH-Elc-NoSolar-Elec;
;FEC_per_sqm-kWh-Res-HHnew-Thermal-SH-ConvElc-WH-Elc-Solar;
;FEC_per_sqm-kWh-Res-HHnew-Thermal-SH-ConvElc-WH-Elc-Solar-Elec;
;FEC_per_sqm-kWh-Res-HHnew-Thermal-SH-ConvElc-WH-Elc-Solar-Solar;
;FEC_per_sqm-kWh-Res-HHnew-Thermal-SH-ConvElc-CO;
;FEC_per_sqm-kWh-Res-HHnew-Thermal-SH-ConvElc-CO-LPG-LPG;
;FEC_per_sqm-kWh-Res-HHnew-Thermal-SH-ConvElc-CO-Elc-Elec;
;TES_per_sqm-kWh-Res-HHnew-Thermal-SH-Solids;
;TES_per_sqm-kWh-Res-HHnew-Thermal-SH-Solids-SH;
;TES_per_sqm-kWh-Res-HHnew-Thermal-SH-Solids-SH-Solids;
;TES_per_sqm-kWh-Res-HHnew-Thermal-SH-Solids-SH-Elec;
;TES_per_sqm-kWh-Res-HHnew-Thermal-SH-Solids-SC;
;TES_per_sqm-kWh-Res-HHnew-Thermal-SH-Solids-SC-AC-Elec;
;TES_per_sqm-kWh-Res-HHnew-Thermal-SH-Solids-WH;
;TES_per_sqm-kWh-Res-HHnew-Thermal-SH-Solids-WH-Solids-NoSolar-Solids;
;TES_per_sqm-kWh-Res-HHnew-Thermal-SH-Solids-WH-LPG-NoSolar-LPG;
;TES_per_sqm-kWh-Res-HHnew-Thermal-SH-Solids-WH-LPG-Solar;
;TES_per_sqm-kWh-Res-HHnew-Thermal-SH-Solids-WH-LPG-Solar-LPG;
;TES_per_sqm-kWh-Res-HHnew-Thermal-SH-Solids-WH-LPG-Solar-Solar;
;TES_per_sqm-kWh-Res-HHnew-Thermal-SH-Solids-WH-Elc-NoSolar-Elec;
;TES_per_sqm-kWh-Res-HHnew-Thermal-SH-Solids-WH-Elc-Solar;
;TES_per_sqm-kWh-Res-HHnew-Thermal-SH-Solids-WH-Elc-Solar-Elec;
;TES_per_sqm-kWh-Res-HHnew-Thermal-SH-Solids-WH-Elc-Solar-Solar;
;TES_per_sqm-kWh-Res-HHnew-Thermal-SH-Solids-CO;
;TES_per_sqm-kWh-Res-HHnew-Thermal-SH-Solids-CO-Solids-Solids;
;TES_per_sqm-kWh-Res-HHnew-Thermal-SH-Solids-CO-LPG-LPG;
;TES_per_sqm-kWh-Res-HHnew-Thermal-SH-Solids-CO-Elc-Elec;
;TES_per_sqm-kWh-Res-HHnew-Thermal-SH-LPG;
;TES_per_sqm-kWh-Res-HHnew-Thermal-SH-LPG-SH;
;TES_per_sqm-kWh-Res-HHnew-Thermal-SH-LPG-SH-LPG;
;TES_per_sqm-kWh-Res-HHnew-Thermal-SH-LPG-SH-Elec;
;TES_per_sqm-kWh-Res-HHnew-Thermal-SH-LPG-SC;
;TES_per_sqm-kWh-Res-HHnew-Thermal-SH-LPG-SC-AC-Elec;
;TES_per_sqm-kWh-Res-HHnew-Thermal-SH-LPG-WH;
;TES_per_sqm-kWh-Res-HHnew-Thermal-SH-LPG-WH-LPG-NoSolar-LPG;
;TES_per_sqm-kWh-Res-HHnew-Thermal-SH-LPG-WH-LPG-Solar;
;TES_per_sqm-kWh-Res-HHnew-Thermal-SH-LPG-WH-LPG-Solar-LPG;
;TES_per_sqm-kWh-Res-HHnew-Thermal-SH-LPG-WH-LPG-Solar-Solar;
;TES_per_sqm-kWh-Res-HHnew-Thermal-SH-LPG-WH-Elc-NoSolar-Elec;
;TES_per_sqm-kWh-Res-HHnew-Thermal-SH-LPG-WH-Elc-Solar;
;TES_per_sqm-kWh-Res-HHnew-Thermal-SH-LPG-WH-Elc-Solar-Elec;
;TES_per_sqm-kWh-Res-HHnew-Thermal-SH-LPG-WH-Elc-Solar-Solar;
;TES_per_sqm-kWh-Res-HHnew-Thermal-SH-LPG-CO;
;TES_per_sqm-kWh-Res-HHnew-Thermal-SH-LPG-CO-LPG-LPG;
;TES_per_sqm-kWh-Res-HHnew-Thermal-SH-LPG-CO-Elc-Elec;
;TES_per_sqm-kWh-Res-HHnew-Thermal-SH-Oil;
;TES_per_sqm-kWh-Res-HHnew-Thermal-SH-Oil-SH;
;TES_per_sqm-kWh-Res-HHnew-Thermal-SH-Oil-SH-Oil;
;TES_per_sqm-kWh-Res-HHnew-Thermal-SH-Oil-SH-Elec;
;TES_per_sqm-kWh-Res-HHnew-Thermal-SH-Oil-SC;
;TES_per_sqm-kWh-Res-HHnew-Thermal-SH-Oil-SC-AC-Elec;
;TES_per_sqm-kWh-Res-HHnew-Thermal-SH-Oil-WH;
;TES_per_sqm-kWh-Res-HHnew-Thermal-SH-Oil-WH-Oil-NoSolar-Oil;
;TES_per_sqm-kWh-Res-HHnew-Thermal-SH-Oil-WH-Oil-Solar;
;TES_per_sqm-kWh-Res-HHnew-Thermal-SH-Oil-WH-Oil-Solar-Oil;
;TES_per_sqm-kWh-Res-HHnew-Thermal-SH-Oil-WH-Oil-Solar-Solar;
;TES_per_sqm-kWh-Res-HHnew-Thermal-SH-Oil-WH-Elc-NoSolar-Elec;
;TES_per_sqm-kWh-Res-HHnew-Thermal-SH-Oil-WH-Elc-Solar;
;TES_per_sqm-kWh-Res-HHnew-Thermal-SH-Oil-WH-Elc-Solar-Elec;
;TES_per_sqm-kWh-Res-HHnew-Thermal-SH-Oil-WH-Elc-Solar-Solar;
;TES_per_sqm-kWh-Res-HHnew-Thermal-SH-Oil-CO;
;TES_per_sqm-kWh-Res-HHnew-Thermal-SH-Oil-CO-LPG-LPG;
;TES_per_sqm-kWh-Res-HHnew-Thermal-SH-Oil-CO-Elc-Elec;
;TES_per_sqm-kWh-Res-HHnew-Thermal-SH-Gas;
;TES_per_sqm-kWh-Res-HHnew-Thermal-SH-Gas-SH;
;TES_per_sqm-kWh-Res-HHnew-Thermal-SH-Gas-SH-Gas;
;TES_per_sqm-kWh-Res-HHnew-Thermal-SH-Gas-SH-Elec;
;TES_per_sqm-kWh-Res-HHnew-Thermal-SH-Gas-SC;
;TES_per_sqm-kWh-Res-HHnew-Thermal-SH-Gas-SC-AC-Elec;
;TES_per_sqm-kWh-Res-HHnew-Thermal-SH-Gas-WH;
;TES_per_sqm-kWh-Res-HHnew-Thermal-SH-Gas-WH-Gas-NoSolar-Gas;
;TES_per_sqm-kWh-Res-HHnew-Thermal-SH-Gas-WH-Gas-Solar;
;TES_per_sqm-kWh-Res-HHnew-Thermal-SH-Gas-WH-Gas-Solar-Gas;
;TES_per_sqm-kWh-Res-HHnew-Thermal-SH-Gas-WH-Gas-Solar-Solar;
;TES_per_sqm-kWh-Res-HHnew-Thermal-SH-Gas-WH-Elc-NoSolar-Elec;
;TES_per_sqm-kWh-Res-HHnew-Thermal-SH-Gas-WH-Elc-Solar;
;TES_per_sqm-kWh-Res-HHnew-Thermal-SH-Gas-WH-Elc-Solar-Elec;
;TES_per_sqm-kWh-Res-HHnew-Thermal-SH-Gas-WH-Elc-Solar-Solar;
;TES_per_sqm-kWh-Res-HHnew-Thermal-SH-Gas-CO;
;TES_per_sqm-kWh-Res-HHnew-Thermal-SH-Gas-CO-Gas-Gas;
;TES_per_sqm-kWh-Res-HHnew-Thermal-SH-Gas-CO-Elc-Elec;
;TES_per_sqm-kWh-Res-HHnew-Thermal-SH-Biomass;
;TES_per_sqm-kWh-Res-HHnew-Thermal-SH-Biomass-SH;
;TES_per_sqm-kWh-Res-HHnew-Thermal-SH-Biomass-SH-Biomass;
;TES_per_sqm-kWh-Res-HHnew-Thermal-SH-Biomass-SH-Elec;
;TES_per_sqm-kWh-Res-HHnew-Thermal-SH-Biomass-SC;
;TES_per_sqm-kWh-Res-HHnew-Thermal-SH-Biomass-SC-AC-Elec;
;TES_per_sqm-kWh-Res-HHnew-Thermal-SH-Biomass-WH;
;TES_per_sqm-kWh-Res-HHnew-Thermal-SH-Biomass-WH-Biomass-NoSolar-Biomass;
;TES_per_sqm-kWh-Res-HHnew-Thermal-SH-Biomass-WH-Biomass-Solar;
;TES_per_sqm-kWh-Res-HHnew-Thermal-SH-Biomass-WH-Biomass-Solar-Biomass;
;TES_per_sqm-kWh-Res-HHnew-Thermal-SH-Biomass-WH-Biomass-Solar-Solar;
;TES_per_sqm-kWh-Res-HHnew-Thermal-SH-Biomass-WH-LPG-NoSolar-LPG;
;TES_per_sqm-kWh-Res-HHnew-Thermal-SH-Biomass-WH-LPG-Solar;
;TES_per_sqm-kWh-Res-HHnew-Thermal-SH-Biomass-WH-LPG-Solar-LPG;
;TES_per_sqm-kWh-Res-HHnew-Thermal-SH-Biomass-WH-LPG-Solar-Solar;
;TES_per_sqm-kWh-Res-HHnew-Thermal-SH-Biomass-WH-Elc-NoSolar-Elec;
;TES_per_sqm-kWh-Res-HHnew-Thermal-SH-Biomass-WH-Elc-Solar;
;TES_per_sqm-kWh-Res-HHnew-Thermal-SH-Biomass-WH-Elc-Solar-Elec;
;TES_per_sqm-kWh-Res-HHnew-Thermal-SH-Biomass-WH-Elc-Solar-Solar;
;TES_per_sqm-kWh-Res-HHnew-Thermal-SH-Biomass-CO;
;TES_per_sqm-kWh-Res-HHnew-Thermal-SH-Biomass-CO-Biomass-Biomass;
;TES_per_sqm-kWh-Res-HHnew-Thermal-SH-Biomass-CO-LPG-LPG;
;TES_per_sqm-kWh-Res-HHnew-Thermal-SH-Biomass-CO-Elc-Elec;
;TES_per_sqm-kWh-Res-HHnew-Thermal-SH-Geo;
;TES_per_sqm-kWh-Res-HHnew-Thermal-SH-Geo-SH;
;TES_per_sqm-kWh-Res-HHnew-Thermal-SH-Geo-SH-Geo;
;TES_per_sqm-kWh-Res-HHnew-Thermal-SH-Geo-SH-Elec;
;TES_per_sqm-kWh-Res-HHnew-Thermal-SH-Geo-SC;
;TES_per_sqm-kWh-Res-HHnew-Thermal-SH-Geo-SC-AC-Elec;
;TES_per_sqm-kWh-Res-HHnew-Thermal-SH-Geo-WH;
;TES_per_sqm-kWh-Res-HHnew-Thermal-SH-Geo-WH-Geo-NoSolar-Geo;
;TES_per_sqm-kWh-Res-HHnew-Thermal-SH-Geo-WH-Geo-Solar;
;TES_per_sqm-kWh-Res-HHnew-Thermal-SH-Geo-WH-Geo-Solar-Geo;
;TES_per_sqm-kWh-Res-HHnew-Thermal-SH-Geo-WH-Geo-Solar-Solar;
;TES_per_sqm-kWh-Res-HHnew-Thermal-SH-Geo-WH-Elc-NoSolar-Elec;
;TES_per_sqm-kWh-Res-HHnew-Thermal-SH-Geo-WH-Elc-Solar;
;TES_per_sqm-kWh-Res-HHnew-Thermal-SH-Geo-WH-Elc-Solar-Elec;
;TES_per_sqm-kWh-Res-HHnew-Thermal-SH-Geo-WH-Elc-Solar-Solar;
;TES_per_sqm-kWh-Res-HHnew-Thermal-SH-Geo-CO;
;TES_per_sqm-kWh-Res-HHnew-Thermal-SH-Geo-CO-LPG-LPG;
;TES_per_sqm-kWh-Res-HHnew-Thermal-SH-Geo-CO-Elc-Elec;
;TES_per_sqm-kWh-Res-HHnew-Thermal-SH-DistrHeat;
;TES_per_sqm-kWh-Res-HHnew-Thermal-SH-DistrHeat-SH;
;TES_per_sqm-kWh-Res-HHnew-Thermal-SH-DistrHeat-SH-Steam_Distr;
;TES_per_sqm-kWh-Res-HHnew-Thermal-SH-DistrHeat-SH-Elec;
;TES_per_sqm-kWh-Res-HHnew-Thermal-SH-DistrHeat-SC;
;TES_per_sqm-kWh-Res-HHnew-Thermal-SH-DistrHeat-SC-AC-Elec;
;TES_per_sqm-kWh-Res-HHnew-Thermal-SH-DistrHeat-WH;
;TES_per_sqm-kWh-Res-HHnew-Thermal-SH-DistrHeat-WH-DistrHeat-NoSolar-Steam_Distr;
;TES_per_sqm-kWh-Res-HHnew-Thermal-SH-DistrHeat-WH-DistrHeat-Solar;
;TES_per_sqm-kWh-Res-HHnew-Thermal-SH-DistrHeat-WH-DistrHeat-Solar-Steam_Distr;
;TES_per_sqm-kWh-Res-HHnew-Thermal-SH-DistrHeat-WH-DistrHeat-Solar-Solar;
;TES_per_sqm-kWh-Res-HHnew-Thermal-SH-DistrHeat-WH-Elc-NoSolar-Elec;
;TES_per_sqm-kWh-Res-HHnew-Thermal-SH-DistrHeat-WH-Elc-Solar;
;TES_per_sqm-kWh-Res-HHnew-Thermal-SH-DistrHeat-WH-Elc-Solar-Elec;
;TES_per_sqm-kWh-Res-HHnew-Thermal-SH-DistrHeat-WH-Elc-Solar-Solar;
;TES_per_sqm-kWh-Res-HHnew-Thermal-SH-DistrHeat-CO;
;TES_per_sqm-kWh-Res-HHnew-Thermal-SH-DistrHeat-CO-LPG-LPG;
;TES_per_sqm-kWh-Res-HHnew-Thermal-SH-DistrHeat-CO-Elc-Elec;
;TES_per_sqm-kWh-Res-HHnew-Thermal-SH-AdvElc;
;TES_per_sqm-kWh-Res-HHnew-Thermal-SH-AdvElc-SH;
;TES_per_sqm-kWh-Res-HHnew-Thermal-SH-AdvElc-SH-Elec;
;TES_per_sqm-kWh-Res-HHnew-Thermal-SH-AdvElc-SC;
;TES_per_sqm-kWh-Res-HHnew-Thermal-SH-AdvElc-SC-AC-Elec;
;TES_per_sqm-kWh-Res-HHnew-Thermal-SH-AdvElc-WH;
;TES_per_sqm-kWh-Res-HHnew-Thermal-SH-AdvElc-WH-LPG-NoSolar-LPG;
;TES_per_sqm-kWh-Res-HHnew-Thermal-SH-AdvElc-WH-LPG-Solar;
;TES_per_sqm-kWh-Res-HHnew-Thermal-SH-AdvElc-WH-LPG-Solar-LPG;
;TES_per_sqm-kWh-Res-HHnew-Thermal-SH-AdvElc-WH-LPG-Solar-Solar;
;TES_per_sqm-kWh-Res-HHnew-Thermal-SH-AdvElc-WH-Elc-NoSolar-Elec;
;TES_per_sqm-kWh-Res-HHnew-Thermal-SH-AdvElc-WH-Elc-Solar;
;TES_per_sqm-kWh-Res-HHnew-Thermal-SH-AdvElc-WH-Elc-Solar-Elec;
;TES_per_sqm-kWh-Res-HHnew-Thermal-SH-AdvElc-WH-Elc-Solar-Solar;
;TES_per_sqm-kWh-Res-HHnew-Thermal-SH-AdvElc-CO;
;TES_per_sqm-kWh-Res-HHnew-Thermal-SH-AdvElc-CO-LPG-LPG;
;TES_per_sqm-kWh-Res-HHnew-Thermal-SH-AdvElc-CO-Elc-Elec;
;TES_per_sqm-kWh-Res-HHnew-Thermal-SH-ConvElc;
;TES_per_sqm-kWh-Res-HHnew-Thermal-SH-ConvElc-SH;
;TES_per_sqm-kWh-Res-HHnew-Thermal-SH-ConvElc-SH-Elec;
;TES_per_sqm-kWh-Res-HHnew-Thermal-SH-ConvElc-SC;
;TES_per_sqm-kWh-Res-HHnew-Thermal-SH-ConvElc-SC-AC-Elec;
;TES_per_sqm-kWh-Res-HHnew-Thermal-SH-ConvElc-WH;
;TES_per_sqm-kWh-Res-HHnew-Thermal-SH-ConvElc-WH-LPG-NoSolar-LPG;
;TES_per_sqm-kWh-Res-HHnew-Thermal-SH-ConvElc-WH-LPG-Solar;
;TES_per_sqm-kWh-Res-HHnew-Thermal-SH-ConvElc-WH-LPG-Solar-LPG;
;TES_per_sqm-kWh-Res-HHnew-Thermal-SH-ConvElc-WH-LPG-Solar-Solar;
;TES_per_sqm-kWh-Res-HHnew-Thermal-SH-ConvElc-WH-Elc-NoSolar-Elec;
;TES_per_sqm-kWh-Res-HHnew-Thermal-SH-ConvElc-WH-Elc-Solar;
;TES_per_sqm-kWh-Res-HHnew-Thermal-SH-ConvElc-WH-Elc-Solar-Elec;
;TES_per_sqm-kWh-Res-HHnew-Thermal-SH-ConvElc-WH-Elc-Solar-Solar;
;TES_per_sqm-kWh-Res-HHnew-Thermal-SH-ConvElc-CO;
;TES_per_sqm-kWh-Res-HHnew-Thermal-SH-ConvElc-CO-LPG-LPG;
;TES_per_sqm-kWh-Res-HHnew-Thermal-SH-ConvElc-CO-Elc-Elec;
;EMI_per_sqm-kgCO2-Res-HHnew-Thermal-SH-Solids;
;EMI_per_sqm-kgCO2-Res-HHnew-Thermal-SH-Solids-SH;
;EMI_per_sqm-kgCO2-Res-HHnew-Thermal-SH-Solids-SH-Solids;
;EMI_per_sqm-kgCO2-Res-HHnew-Thermal-SH-Solids-SH-Elec;
;EMI_per_sqm-kgCO2-Res-HHnew-Thermal-SH-Solids-SC;
;EMI_per_sqm-kgCO2-Res-HHnew-Thermal-SH-Solids-SC-AC-Elec;
;EMI_per_sqm-kgCO2-Res-HHnew-Thermal-SH-Solids-WH;
;EMI_per_sqm-kgCO2-Res-HHnew-Thermal-SH-Solids-WH-Solids-NoSolar-Solids;
;EMI_per_sqm-kgCO2-Res-HHnew-Thermal-SH-Solids-WH-LPG-NoSolar-LPG;
;EMI_per_sqm-kgCO2-Res-HHnew-Thermal-SH-Solids-WH-LPG-Solar;
;EMI_per_sqm-kgCO2-Res-HHnew-Thermal-SH-Solids-WH-LPG-Solar-LPG;
;EMI_per_sqm-kgCO2-Res-HHnew-Thermal-SH-Solids-WH-LPG-Solar-Solar;
;EMI_per_sqm-kgCO2-Res-HHnew-Thermal-SH-Solids-WH-Elc-NoSolar-Elec;
;EMI_per_sqm-kgCO2-Res-HHnew-Thermal-SH-Solids-WH-Elc-Solar;
;EMI_per_sqm-kgCO2-Res-HHnew-Thermal-SH-Solids-WH-Elc-Solar-Elec;
;EMI_per_sqm-kgCO2-Res-HHnew-Thermal-SH-Solids-WH-Elc-Solar-Solar;
;EMI_per_sqm-kgCO2-Res-HHnew-Thermal-SH-Solids-CO;
;EMI_per_sqm-kgCO2-Res-HHnew-Thermal-SH-Solids-CO-Solids-Solids;
;EMI_per_sqm-kgCO2-Res-HHnew-Thermal-SH-Solids-CO-LPG-LPG;
;EMI_per_sqm-kgCO2-Res-HHnew-Thermal-SH-Solids-CO-Elc-Elec;
;EMI_per_sqm-kgCO2-Res-HHnew-Thermal-SH-LPG;
;EMI_per_sqm-kgCO2-Res-HHnew-Thermal-SH-LPG-SH;
;EMI_per_sqm-kgCO2-Res-HHnew-Thermal-SH-LPG-SH-LPG;
;EMI_per_sqm-kgCO2-Res-HHnew-Thermal-SH-LPG-SH-Elec;
;EMI_per_sqm-kgCO2-Res-HHnew-Thermal-SH-LPG-SC;
;EMI_per_sqm-kgCO2-Res-HHnew-Thermal-SH-LPG-SC-AC-Elec;
;EMI_per_sqm-kgCO2-Res-HHnew-Thermal-SH-LPG-WH;
;EMI_per_sqm-kgCO2-Res-HHnew-Thermal-SH-LPG-WH-LPG-NoSolar-LPG;
;EMI_per_sqm-kgCO2-Res-HHnew-Thermal-SH-LPG-WH-LPG-Solar;
;EMI_per_sqm-kgCO2-Res-HHnew-Thermal-SH-LPG-WH-LPG-Solar-LPG;
;EMI_per_sqm-kgCO2-Res-HHnew-Thermal-SH-LPG-WH-LPG-Solar-Solar;
;EMI_per_sqm-kgCO2-Res-HHnew-Thermal-SH-LPG-WH-Elc-NoSolar-Elec;
;EMI_per_sqm-kgCO2-Res-HHnew-Thermal-SH-LPG-WH-Elc-Solar;
;EMI_per_sqm-kgCO2-Res-HHnew-Thermal-SH-LPG-WH-Elc-Solar-Elec;
;EMI_per_sqm-kgCO2-Res-HHnew-Thermal-SH-LPG-WH-Elc-Solar-Solar;
;EMI_per_sqm-kgCO2-Res-HHnew-Thermal-SH-LPG-CO;
;EMI_per_sqm-kgCO2-Res-HHnew-Thermal-SH-LPG-CO-LPG-LPG;
;EMI_per_sqm-kgCO2-Res-HHnew-Thermal-SH-LPG-CO-Elc-Elec;
;EMI_per_sqm-kgCO2-Res-HHnew-Thermal-SH-Oil;
;EMI_per_sqm-kgCO2-Res-HHnew-Thermal-SH-Oil-SH;
;EMI_per_sqm-kgCO2-Res-HHnew-Thermal-SH-Oil-SH-Oil;
;EMI_per_sqm-kgCO2-Res-HHnew-Thermal-SH-Oil-SH-Elec;
;EMI_per_sqm-kgCO2-Res-HHnew-Thermal-SH-Oil-SC;
;EMI_per_sqm-kgCO2-Res-HHnew-Thermal-SH-Oil-SC-AC-Elec;
;EMI_per_sqm-kgCO2-Res-HHnew-Thermal-SH-Oil-WH;
;EMI_per_sqm-kgCO2-Res-HHnew-Thermal-SH-Oil-WH-Oil-NoSolar-Oil;
;EMI_per_sqm-kgCO2-Res-HHnew-Thermal-SH-Oil-WH-Oil-Solar;
;EMI_per_sqm-kgCO2-Res-HHnew-Thermal-SH-Oil-WH-Oil-Solar-Oil;
;EMI_per_sqm-kgCO2-Res-HHnew-Thermal-SH-Oil-WH-Oil-Solar-Solar;
;EMI_per_sqm-kgCO2-Res-HHnew-Thermal-SH-Oil-WH-Elc-NoSolar-Elec;
;EMI_per_sqm-kgCO2-Res-HHnew-Thermal-SH-Oil-WH-Elc-Solar;
;EMI_per_sqm-kgCO2-Res-HHnew-Thermal-SH-Oil-WH-Elc-Solar-Elec;
;EMI_per_sqm-kgCO2-Res-HHnew-Thermal-SH-Oil-WH-Elc-Solar-Solar;
;EMI_per_sqm-kgCO2-Res-HHnew-Thermal-SH-Oil-CO;
;EMI_per_sqm-kgCO2-Res-HHnew-Thermal-SH-Oil-CO-LPG-LPG;
;EMI_per_sqm-kgCO2-Res-HHnew-Thermal-SH-Oil-CO-Elc-Elec;
;EMI_per_sqm-kgCO2-Res-HHnew-Thermal-SH-Gas;
;EMI_per_sqm-kgCO2-Res-HHnew-Thermal-SH-Gas-SH;
;EMI_per_sqm-kgCO2-Res-HHnew-Thermal-SH-Gas-SH-Gas;
;EMI_per_sqm-kgCO2-Res-HHnew-Thermal-SH-Gas-SH-Elec;
;EMI_per_sqm-kgCO2-Res-HHnew-Thermal-SH-Gas-SC;
;EMI_per_sqm-kgCO2-Res-HHnew-Thermal-SH-Gas-SC-AC-Elec;
;EMI_per_sqm-kgCO2-Res-HHnew-Thermal-SH-Gas-WH;
;EMI_per_sqm-kgCO2-Res-HHnew-Thermal-SH-Gas-WH-Gas-NoSolar-Gas;
;EMI_per_sqm-kgCO2-Res-HHnew-Thermal-SH-Gas-WH-Gas-Solar;
;EMI_per_sqm-kgCO2-Res-HHnew-Thermal-SH-Gas-WH-Gas-Solar-Gas;
;EMI_per_sqm-kgCO2-Res-HHnew-Thermal-SH-Gas-WH-Gas-Solar-Solar;
;EMI_per_sqm-kgCO2-Res-HHnew-Thermal-SH-Gas-WH-Elc-NoSolar-Elec;
;EMI_per_sqm-kgCO2-Res-HHnew-Thermal-SH-Gas-WH-Elc-Solar;
;EMI_per_sqm-kgCO2-Res-HHnew-Thermal-SH-Gas-WH-Elc-Solar-Elec;
;EMI_per_sqm-kgCO2-Res-HHnew-Thermal-SH-Gas-WH-Elc-Solar-Solar;
;EMI_per_sqm-kgCO2-Res-HHnew-Thermal-SH-Gas-CO;
;EMI_per_sqm-kgCO2-Res-HHnew-Thermal-SH-Gas-CO-Gas-Gas;
;EMI_per_sqm-kgCO2-Res-HHnew-Thermal-SH-Gas-CO-Elc-Elec;
;EMI_per_sqm-kgCO2-Res-HHnew-Thermal-SH-Biomass;
;EMI_per_sqm-kgCO2-Res-HHnew-Thermal-SH-Biomass-SH;
;EMI_per_sqm-kgCO2-Res-HHnew-Thermal-SH-Biomass-SH-Biomass;
;EMI_per_sqm-kgCO2-Res-HHnew-Thermal-SH-Biomass-SH-Elec;
;EMI_per_sqm-kgCO2-Res-HHnew-Thermal-SH-Biomass-SC;
;EMI_per_sqm-kgCO2-Res-HHnew-Thermal-SH-Biomass-SC-AC-Elec;
;EMI_per_sqm-kgCO2-Res-HHnew-Thermal-SH-Biomass-WH;
;EMI_per_sqm-kgCO2-Res-HHnew-Thermal-SH-Biomass-WH-Biomass-NoSolar-Biomass;
;EMI_per_sqm-kgCO2-Res-HHnew-Thermal-SH-Biomass-WH-Biomass-Solar;
;EMI_per_sqm-kgCO2-Res-HHnew-Thermal-SH-Biomass-WH-Biomass-Solar-Biomass;
;EMI_per_sqm-kgCO2-Res-HHnew-Thermal-SH-Biomass-WH-Biomass-Solar-Solar;
;EMI_per_sqm-kgCO2-Res-HHnew-Thermal-SH-Biomass-WH-LPG-NoSolar-LPG;
;EMI_per_sqm-kgCO2-Res-HHnew-Thermal-SH-Biomass-WH-LPG-Solar;
;EMI_per_sqm-kgCO2-Res-HHnew-Thermal-SH-Biomass-WH-LPG-Solar-LPG;
;EMI_per_sqm-kgCO2-Res-HHnew-Thermal-SH-Biomass-WH-LPG-Solar-Solar;
;EMI_per_sqm-kgCO2-Res-HHnew-Thermal-SH-Biomass-WH-Elc-NoSolar-Elec;
;EMI_per_sqm-kgCO2-Res-HHnew-Thermal-SH-Biomass-WH-Elc-Solar;
;EMI_per_sqm-kgCO2-Res-HHnew-Thermal-SH-Biomass-WH-Elc-Solar-Elec;
;EMI_per_sqm-kgCO2-Res-HHnew-Thermal-SH-Biomass-WH-Elc-Solar-Solar;
;EMI_per_sqm-kgCO2-Res-HHnew-Thermal-SH-Biomass-CO;
;EMI_per_sqm-kgCO2-Res-HHnew-Thermal-SH-Biomass-CO-Biomass-Biomass;
;EMI_per_sqm-kgCO2-Res-HHnew-Thermal-SH-Biomass-CO-LPG-LPG;
;EMI_per_sqm-kgCO2-Res-HHnew-Thermal-SH-Biomass-CO-Elc-Elec;
;EMI_per_sqm-kgCO2-Res-HHnew-Thermal-SH-Geo;
;EMI_per_sqm-kgCO2-Res-HHnew-Thermal-SH-Geo-SH;
;EMI_per_sqm-kgCO2-Res-HHnew-Thermal-SH-Geo-SH-Geo;
;EMI_per_sqm-kgCO2-Res-HHnew-Thermal-SH-Geo-SH-Elec;
;EMI_per_sqm-kgCO2-Res-HHnew-Thermal-SH-Geo-SC;
;EMI_per_sqm-kgCO2-Res-HHnew-Thermal-SH-Geo-SC-AC-Elec;
;EMI_per_sqm-kgCO2-Res-HHnew-Thermal-SH-Geo-WH;
;EMI_per_sqm-kgCO2-Res-HHnew-Thermal-SH-Geo-WH-Geo-NoSolar-Geo;
;EMI_per_sqm-kgCO2-Res-HHnew-Thermal-SH-Geo-WH-Geo-Solar;
;EMI_per_sqm-kgCO2-Res-HHnew-Thermal-SH-Geo-WH-Geo-Solar-Geo;
;EMI_per_sqm-kgCO2-Res-HHnew-Thermal-SH-Geo-WH-Geo-Solar-Solar;
;EMI_per_sqm-kgCO2-Res-HHnew-Thermal-SH-Geo-WH-Elc-NoSolar-Elec;
;EMI_per_sqm-kgCO2-Res-HHnew-Thermal-SH-Geo-WH-Elc-Solar;
;EMI_per_sqm-kgCO2-Res-HHnew-Thermal-SH-Geo-WH-Elc-Solar-Elec;
;EMI_per_sqm-kgCO2-Res-HHnew-Thermal-SH-Geo-WH-Elc-Solar-Solar;
;EMI_per_sqm-kgCO2-Res-HHnew-Thermal-SH-Geo-CO;
;EMI_per_sqm-kgCO2-Res-HHnew-Thermal-SH-Geo-CO-LPG-LPG;
;EMI_per_sqm-kgCO2-Res-HHnew-Thermal-SH-Geo-CO-Elc-Elec;
;EMI_per_sqm-kgCO2-Res-HHnew-Thermal-SH-DistrHeat;
;EMI_per_sqm-kgCO2-Res-HHnew-Thermal-SH-DistrHeat-SH;
;EMI_per_sqm-kgCO2-Res-HHnew-Thermal-SH-DistrHeat-SH-Steam_Distr;
;EMI_per_sqm-kgCO2-Res-HHnew-Thermal-SH-DistrHeat-SH-Elec;
;EMI_per_sqm-kgCO2-Res-HHnew-Thermal-SH-DistrHeat-SC;
;EMI_per_sqm-kgCO2-Res-HHnew-Thermal-SH-DistrHeat-SC-AC-Elec;
;EMI_per_sqm-kgCO2-Res-HHnew-Thermal-SH-DistrHeat-WH;
;EMI_per_sqm-kgCO2-Res-HHnew-Thermal-SH-DistrHeat-WH-DistrHeat-NoSolar-Steam_Distr;
;EMI_per_sqm-kgCO2-Res-HHnew-Thermal-SH-DistrHeat-WH-DistrHeat-Solar;
;EMI_per_sqm-kgCO2-Res-HHnew-Thermal-SH-DistrHeat-WH-DistrHeat-Solar-Steam_Distr;
;EMI_per_sqm-kgCO2-Res-HHnew-Thermal-SH-DistrHeat-WH-DistrHeat-Solar-Solar;
;EMI_per_sqm-kgCO2-Res-HHnew-Thermal-SH-DistrHeat-WH-Elc-NoSolar-Elec;
;EMI_per_sqm-kgCO2-Res-HHnew-Thermal-SH-DistrHeat-WH-Elc-Solar;
;EMI_per_sqm-kgCO2-Res-HHnew-Thermal-SH-DistrHeat-WH-Elc-Solar-Elec;
;EMI_per_sqm-kgCO2-Res-HHnew-Thermal-SH-DistrHeat-WH-Elc-Solar-Solar;
;EMI_per_sqm-kgCO2-Res-HHnew-Thermal-SH-DistrHeat-CO;
;EMI_per_sqm-kgCO2-Res-HHnew-Thermal-SH-DistrHeat-CO-LPG-LPG;
;EMI_per_sqm-kgCO2-Res-HHnew-Thermal-SH-DistrHeat-CO-Elc-Elec;
;EMI_per_sqm-kgCO2-Res-HHnew-Thermal-SH-AdvElc;
;EMI_per_sqm-kgCO2-Res-HHnew-Thermal-SH-AdvElc-SH;
;EMI_per_sqm-kgCO2-Res-HHnew-Thermal-SH-AdvElc-SH-Elec;
;EMI_per_sqm-kgCO2-Res-HHnew-Thermal-SH-AdvElc-SC;
;EMI_per_sqm-kgCO2-Res-HHnew-Thermal-SH-AdvElc-SC-AC-Elec;
;EMI_per_sqm-kgCO2-Res-HHnew-Thermal-SH-AdvElc-WH;
;EMI_per_sqm-kgCO2-Res-HHnew-Thermal-SH-AdvElc-WH-LPG-NoSolar-LPG;
;EMI_per_sqm-kgCO2-Res-HHnew-Thermal-SH-AdvElc-WH-LPG-Solar;
;EMI_per_sqm-kgCO2-Res-HHnew-Thermal-SH-AdvElc-WH-LPG-Solar-LPG;
;EMI_per_sqm-kgCO2-Res-HHnew-Thermal-SH-AdvElc-WH-LPG-Solar-Solar;
;EMI_per_sqm-kgCO2-Res-HHnew-Thermal-SH-AdvElc-WH-Elc-NoSolar-Elec;
;EMI_per_sqm-kgCO2-Res-HHnew-Thermal-SH-AdvElc-WH-Elc-Solar;
;EMI_per_sqm-kgCO2-Res-HHnew-Thermal-SH-AdvElc-WH-Elc-Solar-Elec;
;EMI_per_sqm-kgCO2-Res-HHnew-Thermal-SH-AdvElc-WH-Elc-Solar-Solar;
;EMI_per_sqm-kgCO2-Res-HHnew-Thermal-SH-AdvElc-CO;
;EMI_per_sqm-kgCO2-Res-HHnew-Thermal-SH-AdvElc-CO-LPG-LPG;
;EMI_per_sqm-kgCO2-Res-HHnew-Thermal-SH-AdvElc-CO-Elc-Elec;
;EMI_per_sqm-kgCO2-Res-HHnew-Thermal-SH-ConvElc;
;EMI_per_sqm-kgCO2-Res-HHnew-Thermal-SH-ConvElc-SH;
;EMI_per_sqm-kgCO2-Res-HHnew-Thermal-SH-ConvElc-SH-Elec;
;EMI_per_sqm-kgCO2-Res-HHnew-Thermal-SH-ConvElc-SC;
;EMI_per_sqm-kgCO2-Res-HHnew-Thermal-SH-ConvElc-SC-AC-Elec;
;EMI_per_sqm-kgCO2-Res-HHnew-Thermal-SH-ConvElc-WH;
;EMI_per_sqm-kgCO2-Res-HHnew-Thermal-SH-ConvElc-WH-LPG-NoSolar-LPG;
;EMI_per_sqm-kgCO2-Res-HHnew-Thermal-SH-ConvElc-WH-LPG-Solar;
;EMI_per_sqm-kgCO2-Res-HHnew-Thermal-SH-ConvElc-WH-LPG-Solar-LPG;
;EMI_per_sqm-kgCO2-Res-HHnew-Thermal-SH-ConvElc-WH-LPG-Solar-Solar;
;EMI_per_sqm-kgCO2-Res-HHnew-Thermal-SH-ConvElc-WH-Elc-NoSolar-Elec;
;EMI_per_sqm-kgCO2-Res-HHnew-Thermal-SH-ConvElc-WH-Elc-Solar;
;EMI_per_sqm-kgCO2-Res-HHnew-Thermal-SH-ConvElc-WH-Elc-Solar-Elec;
;EMI_per_sqm-kgCO2-Res-HHnew-Thermal-SH-ConvElc-WH-Elc-Solar-Solar;
;EMI_per_sqm-kgCO2-Res-HHnew-Thermal-SH-ConvElc-CO;
;EMI_per_sqm-kgCO2-Res-HHnew-Thermal-SH-ConvElc-CO-LPG-LPG;
;EMI_per_sqm-kgCO2-Res-HHnew-Thermal-SH-ConvElc-CO-Elc-Elec;
;VIN-number-Res-HH-Thermal-SH-Solids;
;VIN-number-Res-HH-Thermal-SH-Solids-SH;
;VIN-number-Res-HH-Thermal-SH-Solids-SC-AC;
;VIN-number-Res-HH-Thermal-SH-Solids-WH-Solids-NoSolar;
;VIN-number-Res-HH-Thermal-SH-Solids-WH-LPG-NoSolar;
;VIN-number-Res-HH-Thermal-SH-Solids-WH-LPG-Solar;
;VIN-number-Res-HH-Thermal-SH-Solids-WH-Elc-NoSolar;
;VIN-number-Res-HH-Thermal-SH-Solids-WH-Elc-Solar;
;VIN-number-Res-HH-Thermal-SH-Solids-CO-Solids;
;VIN-number-Res-HH-Thermal-SH-Solids-CO-LPG;
;VIN-number-Res-HH-Thermal-SH-Solids-CO-Elc;
;VIN-number-Res-HH-Thermal-SH-LPG;
;VIN-number-Res-HH-Thermal-SH-LPG-SH;
;VIN-number-Res-HH-Thermal-SH-LPG-SC-AC;
;VIN-number-Res-HH-Thermal-SH-LPG-WH-LPG-NoSolar;
;VIN-number-Res-HH-Thermal-SH-LPG-WH-LPG-Solar;
;VIN-number-Res-HH-Thermal-SH-LPG-WH-Elc-NoSolar;
;VIN-number-Res-HH-Thermal-SH-LPG-WH-Elc-Solar;
;VIN-number-Res-HH-Thermal-SH-LPG-CO-LPG;
;VIN-number-Res-HH-Thermal-SH-LPG-CO-Elc;
;VIN-number-Res-HH-Thermal-SH-Oil;
;VIN-number-Res-HH-Thermal-SH-Oil-SH;
;VIN-number-Res-HH-Thermal-SH-Oil-SC-AC;
;VIN-number-Res-HH-Thermal-SH-Oil-WH-Oil-NoSolar;
;VIN-number-Res-HH-Thermal-SH-Oil-WH-Oil-Solar;
;VIN-number-Res-HH-Thermal-SH-Oil-WH-Elc-NoSolar;
;VIN-number-Res-HH-Thermal-SH-Oil-WH-Elc-Solar;
;VIN-number-Res-HH-Thermal-SH-Oil-CO-LPG;
;VIN-number-Res-HH-Thermal-SH-Oil-CO-Elc;
;VIN-number-Res-HH-Thermal-SH-Gas;
;VIN-number-Res-HH-Thermal-SH-Gas-SH;
;VIN-number-Res-HH-Thermal-SH-Gas-SC-AC;
;VIN-number-Res-HH-Thermal-SH-Gas-WH-Gas-NoSolar;
;VIN-number-Res-HH-Thermal-SH-Gas-WH-Gas-Solar;
;VIN-number-Res-HH-Thermal-SH-Gas-WH-Elc-NoSolar;
;VIN-number-Res-HH-Thermal-SH-Gas-WH-Elc-Solar;
;VIN-number-Res-HH-Thermal-SH-Gas-CO-Gas;
;VIN-number-Res-HH-Thermal-SH-Gas-CO-Elc;
;VIN-number-Res-HH-Thermal-SH-Biomass;
;VIN-number-Res-HH-Thermal-SH-Biomass-SH;
;VIN-number-Res-HH-Thermal-SH-Biomass-SC-AC;
;VIN-number-Res-HH-Thermal-SH-Biomass-WH-Biomass-NoSolar;
;VIN-number-Res-HH-Thermal-SH-Biomass-WH-Biomass-Solar;
;VIN-number-Res-HH-Thermal-SH-Biomass-WH-LPG-NoSolar;
;VIN-number-Res-HH-Thermal-SH-Biomass-WH-LPG-Solar;
;VIN-number-Res-HH-Thermal-SH-Biomass-WH-Elc-NoSolar;
;VIN-number-Res-HH-Thermal-SH-Biomass-WH-Elc-Solar;
;VIN-number-Res-HH-Thermal-SH-Biomass-CO-Biomass;
;VIN-number-Res-HH-Thermal-SH-Biomass-CO-LPG;
;VIN-number-Res-HH-Thermal-SH-Biomass-CO-Elc;
;VIN-number-Res-HH-Thermal-SH-Geo;
;VIN-number-Res-HH-Thermal-SH-Geo-SH;
;VIN-number-Res-HH-Thermal-SH-Geo-SC-AC;
;VIN-number-Res-HH-Thermal-SH-Geo-WH-Geo-NoSolar;
;VIN-number-Res-HH-Thermal-SH-Geo-WH-Geo-Solar;
;VIN-number-Res-HH-Thermal-SH-Geo-WH-Elc-NoSolar;
;VIN-number-Res-HH-Thermal-SH-Geo-WH-Elc-Solar;
;VIN-number-Res-HH-Thermal-SH-Geo-CO-LPG;
;VIN-number-Res-HH-Thermal-SH-Geo-CO-Elc;
;VIN-number-Res-HH-Thermal-SH-DistrHeat;
;VIN-number-Res-HH-Thermal-SH-DistrHeat-SH;
;VIN-number-Res-HH-Thermal-SH-DistrHeat-SC-AC;
;VIN-number-Res-HH-Thermal-SH-DistrHeat-WH-DistrHeat-NoSolar;
;VIN-number-Res-HH-Thermal-SH-DistrHeat-WH-DistrHeat-Solar;
;VIN-number-Res-HH-Thermal-SH-DistrHeat-WH-Elc-NoSolar;
;VIN-number-Res-HH-Thermal-SH-DistrHeat-WH-Elc-Solar;
;VIN-number-Res-HH-Thermal-SH-DistrHeat-CO-LPG;
;VIN-number-Res-HH-Thermal-SH-DistrHeat-CO-Elc;
;VIN-number-Res-HH-Thermal-SH-AdvElc;
;VIN-number-Res-HH-Thermal-SH-AdvElc-SH;
;VIN-number-Res-HH-Thermal-SH-AdvElc-SC-AC;
;VIN-number-Res-HH-Thermal-SH-AdvElc-WH-LPG-NoSolar;
;VIN-number-Res-HH-Thermal-SH-AdvElc-WH-LPG-Solar;
;VIN-number-Res-HH-Thermal-SH-AdvElc-WH-Elc-NoSolar;
;VIN-number-Res-HH-Thermal-SH-AdvElc-WH-Elc-Solar;
;VIN-number-Res-HH-Thermal-SH-AdvElc-CO-LPG;
;VIN-number-Res-HH-Thermal-SH-AdvElc-CO-Elc;
;VIN-number-Res-HH-Thermal-SH-ConvElc;
;VIN-number-Res-HH-Thermal-SH-ConvElc-SH;
;VIN-number-Res-HH-Thermal-SH-ConvElc-SC-AC;
;VIN-number-Res-HH-Thermal-SH-ConvElc-WH-LPG-NoSolar;
;VIN-number-Res-HH-Thermal-SH-ConvElc-WH-LPG-Solar;
;VIN-number-Res-HH-Thermal-SH-ConvElc-WH-Elc-NoSolar;
;VIN-number-Res-HH-Thermal-SH-ConvElc-WH-Elc-Solar;
;VIN-number-Res-HH-Thermal-SH-ConvElc-CO-LPG;
;VIN-number-Res-HH-Thermal-SH-ConvElc-CO-Elc;
;Macro-number-Population;
;Macro-Meuro2015-GDP;
;Macro-Meuro2015-VA;
;Macro-number-Employees;
;NUM-number-Ser-Bld;
Stock|Commercial;SurfaceArea-ksqm-Ser-Bld;
;NUM-number-Ser-BldNew;
;SurfaceArea-ksqm-Ser-BldNew;
;HDD-Celsius-Actual;
;HDD-Celsius-Mean;
;HDD-ratio-Relative;
FE|Commercial;FEC-ktoe-ES-Ser;
FE|Commercial|Coal;FEC-ktoe-ES-Ser-Solids;
FE|Commercial|Liquids;FEC-ktoe-ES-Ser-LPG;
FE|Commercial|Liquids;FEC-ktoe-ES-Ser-Oil;
FE|Commercial|Gases;FEC-ktoe-ES-Ser-NG;
FE|Commercial|Biomass;FEC-ktoe-ES-Ser-Biomass_Waste;
FE|Commercial|Gases;FEC-ktoe-ES-Ser-Biogas;
FE|Commercial|Liquids;FEC-ktoe-ES-Ser-LiqBio;
;FEC-ktoe-ES-Ser-Solar;
;FEC-ktoe-ES-Ser-Geo;
FE|Commercial|Ambient heat;FEC-ktoe-ES-Ser-Ambient;
FE|Commercial|Heat;FEC-ktoe-ES-Ser-Steam_Distr;
FE|Commercial|Electricity;FEC-ktoe-ES-Ser-Elec;
;FEC-ktoe-Ser;
;FEC-ktoe-Ser-Bld-Thermal;
FE|Commercial|Space heating;FEC-ktoe-Ser-Bld-Thermal-SH;
FE|Commercial|Space cooling;FEC-ktoe-Ser-Bld-Thermal-SC;
FE|Commercial|Water heating;FEC-ktoe-Ser-Bld-Thermal-HW;
FE|Commercial|Cooking;FEC-ktoe-Ser-Bld-Thermal-CA;
FE|Commercial|Appliances and lighting;FEC-ktoe-Ser-SEU;
Emi|CO2|Commercial;EMI-ktCO2-ES-Ser;
Emi|CO2|Commercial|Coal;EMI-ktCO2-ES-Ser-Solids;
Emi|CO2|Commercial|Liquids;EMI-ktCO2-ES-Ser-LPG;
;EMI-ktCO2-ES-Ser-Oil;
Emi|CO2|Commercial|Gases;EMI-ktCO2-ES-Ser-NG;
Emi|CO2|Commercial|Biomass;EMI-ktCO2-ES-Ser-Biomass_Waste;
Emi|CO2|Commercial|Gases;EMI-ktCO2-ES-Ser-Biogas;
Emi|CO2|Commercial|Liquids;EMI-ktCO2-ES-Ser-LiqBio;
;EMI-ktCO2-ES-Ser-Solar;
;EMI-ktCO2-ES-Ser-Geo;
;EMI-ktCO2-ES-Ser-Ambient;
Emi|CO2|Commercial|Heat;EMI-ktCO2-ES-Ser-Steam_Distr;
Emi|CO2|Commercial|Electricity;EMI-ktCO2-ES-Ser-Elec;
;EMI-ktCO2-Ser;
;EMI-ktCO2-Ser-Bld-Thermal;
Emi|CO2|Commercial|Space heating;EMI-ktCO2-Ser-Bld-Thermal-SH;
Emi|CO2|Commercial|Space cooling;EMI-ktCO2-Ser-Bld-Thermal-SC;
Emi|CO2|Commercial|Water heating;EMI-ktCO2-Ser-Bld-Thermal-HW;
Emi|CO2|Commercial|Cooking;EMI-ktCO2-Ser-Bld-Thermal-CA;
Emi|CO2|Commercial|Appliances and lighting;EMI-ktCO2-Ser-SEU;
;Eff-ratio-Ser-Bld-Thermal;
;Eff-ratio-Ser-Bld-Thermal-SH;
;Eff-ratio-Ser-Bld-Thermal-SC;
;Eff-ratio-Ser-Bld-Thermal-HW;
;Eff-ratio-Ser-Bld-Thermal-CA;
;NUM-number-Ser-Bld-Thermal;
;NUM-number-Ser-Bld-Thermal-SH;
;NUM-number-Ser-Bld-Thermal-SH-Solids;
;NUM-number-Ser-Bld-Thermal-SH-LPG;
;NUM-number-Ser-Bld-Thermal-SH-Oil;
;NUM-number-Ser-Bld-Thermal-SH-GasHP;
;NUM-number-Ser-Bld-Thermal-SH-GasTH;
;NUM-number-Ser-Bld-Thermal-SH-Biomass;
;NUM-number-Ser-Bld-Thermal-SH-Geo;
;NUM-number-Ser-Bld-Thermal-SH-DistrHeat;
;NUM-number-Ser-Bld-Thermal-SH-AdvElc;
;NUM-number-Ser-Bld-Thermal-SH-ConvElc;
;NUM-number-Ser-Bld-Thermal-SC;
;NUM-number-Ser-Bld-Thermal-SC-GasHP;
;NUM-number-Ser-Bld-Thermal-SC-AC;
;NUM-number-Ser-Bld-Thermal-HW;
;NUM-number-Ser-Bld-Thermal-HW-Solids;
;NUM-number-Ser-Bld-Thermal-HW-LPG;
;NUM-number-Ser-Bld-Thermal-HW-Oil;
;NUM-number-Ser-Bld-Thermal-HW-Gas;
;NUM-number-Ser-Bld-Thermal-HW-Biomass;
;NUM-number-Ser-Bld-Thermal-HW-DistrHeat;
;NUM-number-Ser-Bld-Thermal-HW-Elc;
;NUM-number-Ser-Bld-Thermal-HW-Solar;
;NUM-number-Ser-Bld-Thermal-CA;
;NUM-number-Ser-Bld-Thermal-CA-LPG;
;NUM-number-Ser-Bld-Thermal-CA-Gas;
;NUM-number-Ser-Bld-Thermal-CA-Biomass;
;NUM-number-Ser-Bld-Thermal-CA-Elc;
FE|Commercial|Space heating|Coal;FEC-ktoe-Ser-Bld-Thermal-SH-Solids-Solids;
FE|Commercial|Space heating|Liquids;FEC-ktoe-Ser-Bld-Thermal-SH-LPG-LPG;
FE|Commercial|Space heating|Liquids;FEC-ktoe-Ser-Bld-Thermal-SH-Oil-Oil_LiqBio;
FE|Commercial|Space heating|Gases;FEC-ktoe-Ser-Bld-Thermal-SH-GasHP-NG_Biogas;
FE|Commercial|Space heating|Gases;FEC-ktoe-Ser-Bld-Thermal-SH-GasTH-NG_Biogas;
FE|Commercial|Space heating|Biomass;FEC-ktoe-Ser-Bld-Thermal-SH-Biomass-Biomass_Waste;
;FEC-ktoe-Ser-Bld-Thermal-SH-Geo-Geo;
FE|Commercial|Space heating|Heat;FEC-ktoe-Ser-Bld-Thermal-SH-DistrHeat-Steam_Distr;
FE|Commercial|Space heating|Electricity|Heat pump;FEC-ktoe-Ser-Bld-Thermal-SH-AdvElc-Elec;
FE|Commercial|Space heating|Electricity|Resistive electric;FEC-ktoe-Ser-Bld-Thermal-SH-ConvElc-Elec;
;FEC-ktoe-Ser-Bld-Thermal-SH-TotalCirculation-Elec;
FE|Commercial|Space cooling|Gas;FEC-ktoe-Ser-Bld-Thermal-SC-GasHP-NG_Biogas;
FE|Commercial|Space cooling|Electricity;FEC-ktoe-Ser-Bld-Thermal-SC-AC-Elec;
FE|Commercial|Water heating|Coal;FEC-ktoe-Ser-Bld-Thermal-HW-Solids-Solids;
FE|Commercial|Water heating|Liquids;FEC-ktoe-Ser-Bld-Thermal-HW-LPG-LPG;
FE|Commercial|Water heating|Liquids;FEC-ktoe-Ser-Bld-Thermal-HW-Oil-Oil_LiqBio;
FE|Commercial|Water heating|Gases;FEC-ktoe-Ser-Bld-Thermal-HW-Gas-NG_Biogas;
FE|Commercial|Water heating|Biomass;FEC-ktoe-Ser-Bld-Thermal-HW-Biomass-Biomass_Waste;
FE|Commercial|Water heating|Heat;FEC-ktoe-Ser-Bld-Thermal-HW-DistrHeat-Steam_Distr;
FE|Commercial|Water heating|Electricity;FEC-ktoe-Ser-Bld-Thermal-HW-Elc-Elec;
;FEC-ktoe-Ser-Bld-Thermal-HW-TotalSolar-Solar;
FE|Commercial|Cooking|Liquids;FEC-ktoe-Ser-Bld-Thermal-CA-LPG;
FE|Commercial|Cooking|Gases;FEC-ktoe-Ser-Bld-Thermal-CA-Gas-NG_Biogas;
FE|Commercial|Cooking|Biomass;FEC-ktoe-Ser-Bld-Thermal-CA-Biomass-Biomass_Waste;
FE|Commercial|Cooking|Electricity;FEC-ktoe-Ser-Bld-Thermal-CA-Elc-Elec;
;TES-ktoe-Ser-Bld-Thermal;
UE|Commercial|Space heating;TES-ktoe-Ser-Bld-Thermal-SH;
UE|Commercial|Space heating|Coal;TES-ktoe-Ser-Bld-Thermal-SH-Solids-Solids;
UE|Commercial|Space heating|Liquids;TES-ktoe-Ser-Bld-Thermal-SH-LPG-LPG;
UE|Commercial|Space heating|Liquids;TES-ktoe-Ser-Bld-Thermal-SH-Oil-Oil_LiqBio;
UE|Commercial|Space heating|Gases;TES-ktoe-Ser-Bld-Thermal-SH-GasHP-NG_Biogas;
UE|Commercial|Space heating|Gases;TES-ktoe-Ser-Bld-Thermal-SH-GasTH-NG_Biogas;
UE|Commercial|Space heating|Biomass;TES-ktoe-Ser-Bld-Thermal-SH-Biomass-Biomass_Waste;
;TES-ktoe-Ser-Bld-Thermal-SH-Geo-Geo;
UE|Commercial|Space heating|Heat;TES-ktoe-Ser-Bld-Thermal-SH-DistrHeat-Steam_Distr;
UE|Commercial|Space heating|Electricity|Heat pump;TES-ktoe-Ser-Bld-Thermal-SH-AdvElc-Elec;
UE|Commercial|Space heating|Electricity|Resistive electric;TES-ktoe-Ser-Bld-Thermal-SH-ConvElc-Elec;
;TES-ktoe-Ser-Bld-Thermal-SH-TotalCirculation-Elec;
UE|Commercial|Space cooling;TES-ktoe-Ser-Bld-Thermal-SC;
UE|Commercial|Space cooling|Gas;TES-ktoe-Ser-Bld-Thermal-SC-GasHP-NG_Biogas;
UE|Commercial|Space cooling|Electricity;TES-ktoe-Ser-Bld-Thermal-SC-AC-Elec;
UE|Commercial|Water heating;TES-ktoe-Ser-Bld-Thermal-HW;
UE|Commercial|Water heating|Coal;TES-ktoe-Ser-Bld-Thermal-HW-Solids-Solids;
UE|Commercial|Water heating|Liquids;TES-ktoe-Ser-Bld-Thermal-HW-LPG-LPG;
UE|Commercial|Water heating|Liquids;TES-ktoe-Ser-Bld-Thermal-HW-Oil-Oil_LiqBio;
UE|Commercial|Water heating|Gases;TES-ktoe-Ser-Bld-Thermal-HW-Gas-NG_Biogas;
UE|Commercial|Water heating|Biomass;TES-ktoe-Ser-Bld-Thermal-HW-Biomass-Biomass_Waste;
UE|Commercial|Water heating|Heat;TES-ktoe-Ser-Bld-Thermal-HW-DistrHeat-Steam_Distr;
UE|Commercial|Water heating|Electricity;TES-ktoe-Ser-Bld-Thermal-HW-Elc-Elec;
;TES-ktoe-Ser-Bld-Thermal-HW-TotalSolar-Solar;
UE|Commercial|Cooking;TES-ktoe-Ser-Bld-Thermal-CA;
UE|Commercial|Cooking|Liquids;TES-ktoe-Ser-Bld-Thermal-CA-LPG;
UE|Commercial|Cooking|Gases;TES-ktoe-Ser-Bld-Thermal-CA-Gas-NG_Biogas;
UE|Commercial|Cooking|Biomass;TES-ktoe-Ser-Bld-Thermal-CA-Biomass-Biomass_Waste;
UE|Commercial|Cooking|Electricity;TES-ktoe-Ser-Bld-Thermal-CA-Elc-Elec;
;Eff-ratio-Ser-Bld-Thermal-SH-Solids-Solids;
;Eff-ratio-Ser-Bld-Thermal-SH-LPG-LPG;
;Eff-ratio-Ser-Bld-Thermal-SH-Oil-Oil_LiqBio;
;Eff-ratio-Ser-Bld-Thermal-SH-GasHP-NG_Biogas;
;Eff-ratio-Ser-Bld-Thermal-SH-GasTH-NG_Biogas;
;Eff-ratio-Ser-Bld-Thermal-SH-Biomass-Biomass_Waste;
;Eff-ratio-Ser-Bld-Thermal-SH-Geo-Geo;
;Eff-ratio-Ser-Bld-Thermal-SH-DistrHeat-Steam_Distr;
;Eff-ratio-Ser-Bld-Thermal-SH-AdvElc-Elec;
;Eff-ratio-Ser-Bld-Thermal-SH-ConvElc-Elec;
;Eff-ratio-Ser-Bld-Thermal-SH-TotalCirculation-Elec;
;Eff-ratio-Ser-Bld-Thermal-SC-GasHP-NG_Biogas;
;Eff-ratio-Ser-Bld-Thermal-SC-AC-Elec;
;Eff-ratio-Ser-Bld-Thermal-HW-Solids-Solids;
;Eff-ratio-Ser-Bld-Thermal-HW-LPG-LPG;
;Eff-ratio-Ser-Bld-Thermal-HW-Oil-Oil_LiqBio;
;Eff-ratio-Ser-Bld-Thermal-HW-Gas-NG_Biogas;
;Eff-ratio-Ser-Bld-Thermal-HW-Biomass-Biomass_Waste;
;Eff-ratio-Ser-Bld-Thermal-HW-DistrHeat-Steam_Distr;
;Eff-ratio-Ser-Bld-Thermal-HW-Elc-Elec;
;Eff-ratio-Ser-Bld-Thermal-HW-TotalSolar-Solar;
;Eff-ratio-Ser-Bld-Thermal-CA-LPG;
;Eff-ratio-Ser-Bld-Thermal-CA-Gas-NG_Biogas;
;Eff-ratio-Ser-Bld-Thermal-CA-Biomass-Biomass_Waste;
;Eff-ratio-Ser-Bld-Thermal-CA-Elc-Elec;
Emi|CO2|Commercial|Space heating|Coal;EMI-ktCO2-Ser-Bld-Thermal-SH-Solids-Solids;
Emi|CO2|Commercial|Space heating|Liquids;EMI-ktCO2-Ser-Bld-Thermal-SH-LPG-LPG;
Emi|CO2|Commercial|Space heating|Liquids;EMI-ktCO2-Ser-Bld-Thermal-SH-Oil-Oil_LiqBio;
Emi|CO2|Commercial|Space heating|Gases;EMI-ktCO2-Ser-Bld-Thermal-SH-GasHP-NG_Biogas;
Emi|CO2|Commercial|Space heating|Gases;EMI-ktCO2-Ser-Bld-Thermal-SH-GasTH-NG_Biogas;
Emi|CO2|Commercial|Space heating|Biomass;EMI-ktCO2-Ser-Bld-Thermal-SH-Biomass-Biomass_Waste;
;EMI-ktCO2-Ser-Bld-Thermal-SH-Geo-Geo;
Emi|CO2|Commercial|Space heating|Heat;EMI-ktCO2-Ser-Bld-Thermal-SH-DistrHeat-Steam_Distr;
Emi|CO2|Commercial|Space heating|Electricity|Heat pump;EMI-ktCO2-Ser-Bld-Thermal-SH-AdvElc-Elec;
Emi|CO2|Commercial|Space heating|Electricity|Resistive electric;EMI-ktCO2-Ser-Bld-Thermal-SH-ConvElc-Elec;
;EMI-ktCO2-Ser-Bld-Thermal-SH-TotalCirculation-Elec;
Emi|CO2|Commercial|Space cooling|Gas;EMI-ktCO2-Ser-Bld-Thermal-SC-GasHP-NG_Biogas;
Emi|CO2|Commercial|Space cooling|Electricity;EMI-ktCO2-Ser-Bld-Thermal-SC-AC-Elec;
Emi|CO2|Commercial|Water heating|Coal;EMI-ktCO2-Ser-Bld-Thermal-HW-Solids-Solids;
Emi|CO2|Commercial|Water heating|Liquids;EMI-ktCO2-Ser-Bld-Thermal-HW-LPG-LPG;
Emi|CO2|Commercial|Water heating|Liquids;EMI-ktCO2-Ser-Bld-Thermal-HW-Oil-Oil_LiqBio;
Emi|CO2|Commercial|Water heating|Gases;EMI-ktCO2-Ser-Bld-Thermal-HW-Gas-NG_Biogas;
Emi|CO2|Commercial|Water heating|Biomass;EMI-ktCO2-Ser-Bld-Thermal-HW-Biomass-Biomass_Waste;
Emi|CO2|Commercial|Water heating|Heat;EMI-ktCO2-Ser-Bld-Thermal-HW-DistrHeat-Steam_Distr;
Emi|CO2|Commercial|Water heating|Electricity;EMI-ktCO2-Ser-Bld-Thermal-HW-Elc-Elec;
;EMI-ktCO2-Ser-Bld-Thermal-HW-TotalSolar-Solar;
Emi|CO2|Commercial|Cooking|Liquids;EMI-ktCO2-Ser-Bld-Thermal-CA-LPG;
Emi|CO2|Commercial|Cooking|Gases;EMI-ktCO2-Ser-Bld-Thermal-CA-Gas-NG_Biogas;
Emi|CO2|Commercial|Cooking|Biomass;EMI-ktCO2-Ser-Bld-Thermal-CA-Biomass-Biomass_Waste;
Emi|CO2|Commercial|Cooking|Electricity;EMI-ktCO2-Ser-Bld-Thermal-CA-Elc-Elec;
;FEC_per_building-kWh-Ser-Bld-Thermal;
;FEC_per_building-kWh-Ser-Bld-Thermal-SH;
;FEC_per_building-kWh-Ser-Bld-Thermal-SH-Solids-Solids;
;FEC_per_building-kWh-Ser-Bld-Thermal-SH-LPG-LPG;
;FEC_per_building-kWh-Ser-Bld-Thermal-SH-Oil-Oil_LiqBio;
;FEC_per_building-kWh-Ser-Bld-Thermal-SH-GasHP-NG_Biogas;
;FEC_per_building-kWh-Ser-Bld-Thermal-SH-GasTH-NG_Biogas;
;FEC_per_building-kWh-Ser-Bld-Thermal-SH-Biomass-Biomass_Waste;
;FEC_per_building-kWh-Ser-Bld-Thermal-SH-Geo-Geo;
;FEC_per_building-kWh-Ser-Bld-Thermal-SH-DistrHeat-Steam_Distr;
;FEC_per_building-kWh-Ser-Bld-Thermal-SH-AdvElc-Elec;
;FEC_per_building-kWh-Ser-Bld-Thermal-SH-ConvElc-Elec;
;FEC_per_building-kWh-Ser-Bld-Thermal-SH-TotalCirculation-Elec;
;FEC_per_building-kWh-Ser-Bld-Thermal-SC;
;FEC_per_building-kWh-Ser-Bld-Thermal-SC-GasHP-NG_Biogas;
;FEC_per_building-kWh-Ser-Bld-Thermal-SC-AC-Elec;
;FEC_per_building-kWh-Ser-Bld-Thermal-HW;
;FEC_per_building-kWh-Ser-Bld-Thermal-HW-Solids-Solids;
;FEC_per_building-kWh-Ser-Bld-Thermal-HW-LPG-LPG;
;FEC_per_building-kWh-Ser-Bld-Thermal-HW-Oil-Oil_LiqBio;
;FEC_per_building-kWh-Ser-Bld-Thermal-HW-Gas-NG_Biogas;
;FEC_per_building-kWh-Ser-Bld-Thermal-HW-Biomass-Biomass_Waste;
;FEC_per_building-kWh-Ser-Bld-Thermal-HW-DistrHeat-Steam_Distr;
;FEC_per_building-kWh-Ser-Bld-Thermal-HW-Elc-Elec;
;FEC_per_building-kWh-Ser-Bld-Thermal-HW-TotalSolar-Solar;
;FEC_per_building-kWh-Ser-Bld-Thermal-CA;
;FEC_per_building-kWh-Ser-Bld-Thermal-CA-LPG;
;FEC_per_building-kWh-Ser-Bld-Thermal-CA-Gas-NG_Biogas;
;FEC_per_building-kWh-Ser-Bld-Thermal-CA-Biomass-Biomass_Waste;
;FEC_per_building-kWh-Ser-Bld-Thermal-CA-Elc-Elec;
;TES_per_building-kWh-Ser-Bld-Thermal;
;TES_per_building-kWh-Ser-Bld-Thermal-SH;
;TES_per_building-kWh-Ser-Bld-Thermal-SH-Solids-Solids;
;TES_per_building-kWh-Ser-Bld-Thermal-SH-LPG-LPG;
;TES_per_building-kWh-Ser-Bld-Thermal-SH-Oil-Oil_LiqBio;
;TES_per_building-kWh-Ser-Bld-Thermal-SH-GasHP-NG_Biogas;
;TES_per_building-kWh-Ser-Bld-Thermal-SH-GasTH-NG_Biogas;
;TES_per_building-kWh-Ser-Bld-Thermal-SH-Biomass-Biomass_Waste;
;TES_per_building-kWh-Ser-Bld-Thermal-SH-Geo-Geo;
;TES_per_building-kWh-Ser-Bld-Thermal-SH-DistrHeat-Steam_Distr;
;TES_per_building-kWh-Ser-Bld-Thermal-SH-AdvElc-Elec;
;TES_per_building-kWh-Ser-Bld-Thermal-SH-ConvElc-Elec;
;TES_per_building-kWh-Ser-Bld-Thermal-SH-TotalCirculation-Elec;
;TES_per_building-kWh-Ser-Bld-Thermal-SC;
;TES_per_building-kWh-Ser-Bld-Thermal-SC-GasHP-NG_Biogas;
;TES_per_building-kWh-Ser-Bld-Thermal-SC-AC-Elec;
;TES_per_building-kWh-Ser-Bld-Thermal-HW;
;TES_per_building-kWh-Ser-Bld-Thermal-HW-Solids-Solids;
;TES_per_building-kWh-Ser-Bld-Thermal-HW-LPG-LPG;
;TES_per_building-kWh-Ser-Bld-Thermal-HW-Oil-Oil_LiqBio;
;TES_per_building-kWh-Ser-Bld-Thermal-HW-Gas-NG_Biogas;
;TES_per_building-kWh-Ser-Bld-Thermal-HW-Biomass-Biomass_Waste;
;TES_per_building-kWh-Ser-Bld-Thermal-HW-DistrHeat-Steam_Distr;
;TES_per_building-kWh-Ser-Bld-Thermal-HW-Elc-Elec;
;TES_per_building-kWh-Ser-Bld-Thermal-HW-TotalSolar-Solar;
;TES_per_building-kWh-Ser-Bld-Thermal-CA;
;TES_per_building-kWh-Ser-Bld-Thermal-CA-LPG;
;TES_per_building-kWh-Ser-Bld-Thermal-CA-Gas-NG_Biogas;
;TES_per_building-kWh-Ser-Bld-Thermal-CA-Biomass-Biomass_Waste;
;TES_per_building-kWh-Ser-Bld-Thermal-CA-Elc-Elec;
;EMI_per_building-kgCO2-Ser-Bld-Thermal;
;EMI_per_building-kgCO2-Ser-Bld-Thermal-SH;
;EMI_per_building-kgCO2-Ser-Bld-Thermal-SH-Solids-Solids;
;EMI_per_building-kgCO2-Ser-Bld-Thermal-SH-LPG-LPG;
;EMI_per_building-kgCO2-Ser-Bld-Thermal-SH-Oil-Oil_LiqBio;
;EMI_per_building-kgCO2-Ser-Bld-Thermal-SH-GasHP-NG_Biogas;
;EMI_per_building-kgCO2-Ser-Bld-Thermal-SH-GasTH-NG_Biogas;
;EMI_per_building-kgCO2-Ser-Bld-Thermal-SH-Biomass-Biomass_Waste;
;EMI_per_building-kgCO2-Ser-Bld-Thermal-SH-Geo-Geo;
;EMI_per_building-kgCO2-Ser-Bld-Thermal-SH-DistrHeat-Steam_Distr;
;EMI_per_building-kgCO2-Ser-Bld-Thermal-SH-AdvElc-Elec;
;EMI_per_building-kgCO2-Ser-Bld-Thermal-SH-ConvElc-Elec;
;EMI_per_building-kgCO2-Ser-Bld-Thermal-SH-TotalCirculation-Elec;
;EMI_per_building-kgCO2-Ser-Bld-Thermal-SC;
;EMI_per_building-kgCO2-Ser-Bld-Thermal-SC-GasHP-NG_Biogas;
;EMI_per_building-kgCO2-Ser-Bld-Thermal-SC-AC-Elec;
;EMI_per_building-kgCO2-Ser-Bld-Thermal-HW;
;EMI_per_building-kgCO2-Ser-Bld-Thermal-HW-Solids-Solids;
;EMI_per_building-kgCO2-Ser-Bld-Thermal-HW-LPG-LPG;
;EMI_per_building-kgCO2-Ser-Bld-Thermal-HW-Oil-Oil_LiqBio;
;EMI_per_building-kgCO2-Ser-Bld-Thermal-HW-Gas-NG_Biogas;
;EMI_per_building-kgCO2-Ser-Bld-Thermal-HW-Biomass-Biomass_Waste;
;EMI_per_building-kgCO2-Ser-Bld-Thermal-HW-DistrHeat-Steam_Distr;
;EMI_per_building-kgCO2-Ser-Bld-Thermal-HW-Elc-Elec;
;EMI_per_building-kgCO2-Ser-Bld-Thermal-HW-TotalSolar-Solar;
;EMI_per_building-kgCO2-Ser-Bld-Thermal-CA;
;EMI_per_building-kgCO2-Ser-Bld-Thermal-CA-LPG;
;EMI_per_building-kgCO2-Ser-Bld-Thermal-CA-Gas-NG_Biogas;
;EMI_per_building-kgCO2-Ser-Bld-Thermal-CA-Biomass-Biomass_Waste;
;EMI_per_building-kgCO2-Ser-Bld-Thermal-CA-Elc-Elec;
;FEC_per_sqm-kWh-Ser-Bld-Thermal;
;FEC_per_sqm-kWh-Ser-Bld-Thermal-SH;
;FEC_per_sqm-kWh-Ser-Bld-Thermal-SH-Solids-Solids;
;FEC_per_sqm-kWh-Ser-Bld-Thermal-SH-LPG-LPG;
;FEC_per_sqm-kWh-Ser-Bld-Thermal-SH-Oil-Oil_LiqBio;
;FEC_per_sqm-kWh-Ser-Bld-Thermal-SH-GasHP-NG_Biogas;
;FEC_per_sqm-kWh-Ser-Bld-Thermal-SH-GasTH-NG_Biogas;
;FEC_per_sqm-kWh-Ser-Bld-Thermal-SH-Biomass-Biomass_Waste;
;FEC_per_sqm-kWh-Ser-Bld-Thermal-SH-Geo-Geo;
;FEC_per_sqm-kWh-Ser-Bld-Thermal-SH-DistrHeat-Steam_Distr;
;FEC_per_sqm-kWh-Ser-Bld-Thermal-SH-AdvElc-Elec;
;FEC_per_sqm-kWh-Ser-Bld-Thermal-SH-ConvElc-Elec;
;FEC_per_sqm-kWh-Ser-Bld-Thermal-SH-TotalCirculation-Elec;
;FEC_per_sqm-kWh-Ser-Bld-Thermal-SC;
;FEC_per_sqm-kWh-Ser-Bld-Thermal-SC-GasHP-NG_Biogas;
;FEC_per_sqm-kWh-Ser-Bld-Thermal-SC-AC-Elec;
;FEC_per_sqm-kWh-Ser-Bld-Thermal-HW;
;FEC_per_sqm-kWh-Ser-Bld-Thermal-HW-Solids-Solids;
;FEC_per_sqm-kWh-Ser-Bld-Thermal-HW-LPG-LPG;
;FEC_per_sqm-kWh-Ser-Bld-Thermal-HW-Oil-Oil_LiqBio;
;FEC_per_sqm-kWh-Ser-Bld-Thermal-HW-Gas-NG_Biogas;
;FEC_per_sqm-kWh-Ser-Bld-Thermal-HW-Biomass-Biomass_Waste;
;FEC_per_sqm-kWh-Ser-Bld-Thermal-HW-DistrHeat-Steam_Distr;
;FEC_per_sqm-kWh-Ser-Bld-Thermal-HW-Elc-Elec;
;FEC_per_sqm-kWh-Ser-Bld-Thermal-HW-TotalSolar-Solar;
;FEC_per_sqm-kWh-Ser-Bld-Thermal-CA;
;FEC_per_sqm-kWh-Ser-Bld-Thermal-CA-LPG;
;FEC_per_sqm-kWh-Ser-Bld-Thermal-CA-Gas-NG_Biogas;
;FEC_per_sqm-kWh-Ser-Bld-Thermal-CA-Biomass-Biomass_Waste;
;FEC_per_sqm-kWh-Ser-Bld-Thermal-CA-Elc-Elec;
;TES_per_sqm-kWh-Ser-Bld-Thermal;
;TES_per_sqm-kWh-Ser-Bld-Thermal-SH;
UEperSqm|Commercial|Space heating|Coal;TES_per_sqm-kWh-Ser-Bld-Thermal-SH-Solids-Solids;
UEperSqm|Commercial|Space heating|Liquids;TES_per_sqm-kWh-Ser-Bld-Thermal-SH-LPG-LPG;
UEperSqm|Commercial|Space heating|Liquids;TES_per_sqm-kWh-Ser-Bld-Thermal-SH-Oil-Oil_LiqBio;
UEperSqm|Commercial|Space heating|Gases;TES_per_sqm-kWh-Ser-Bld-Thermal-SH-GasHP-NG_Biogas;
UEperSqm|Commercial|Space heating|Gases;TES_per_sqm-kWh-Ser-Bld-Thermal-SH-GasTH-NG_Biogas;
UEperSqm|Commercial|Space heating|Biomass;TES_per_sqm-kWh-Ser-Bld-Thermal-SH-Biomass-Biomass_Waste;
;TES_per_sqm-kWh-Ser-Bld-Thermal-SH-Geo-Geo;
UEperSqm|Commercial|Space heating|Heat;TES_per_sqm-kWh-Ser-Bld-Thermal-SH-DistrHeat-Steam_Distr;
UEperSqm|Commercial|Space heating|Electricity|Heat pump;TES_per_sqm-kWh-Ser-Bld-Thermal-SH-AdvElc-Elec;
UEperSqm|Commercial|Space heating|Electricity|Resistive electric;TES_per_sqm-kWh-Ser-Bld-Thermal-SH-ConvElc-Elec;
;TES_per_sqm-kWh-Ser-Bld-Thermal-SH-TotalCirculation-Elec;
;TES_per_sqm-kWh-Ser-Bld-Thermal-SC;
;TES_per_sqm-kWh-Ser-Bld-Thermal-SC-GasHP-NG_Biogas;
;TES_per_sqm-kWh-Ser-Bld-Thermal-SC-AC-Elec;
;TES_per_sqm-kWh-Ser-Bld-Thermal-HW;
;TES_per_sqm-kWh-Ser-Bld-Thermal-HW-Solids-Solids;
;TES_per_sqm-kWh-Ser-Bld-Thermal-HW-LPG-LPG;
;TES_per_sqm-kWh-Ser-Bld-Thermal-HW-Oil-Oil_LiqBio;
;TES_per_sqm-kWh-Ser-Bld-Thermal-HW-Gas-NG_Biogas;
;TES_per_sqm-kWh-Ser-Bld-Thermal-HW-Biomass-Biomass_Waste;
;TES_per_sqm-kWh-Ser-Bld-Thermal-HW-DistrHeat-Steam_Distr;
;TES_per_sqm-kWh-Ser-Bld-Thermal-HW-Elc-Elec;
;TES_per_sqm-kWh-Ser-Bld-Thermal-HW-TotalSolar-Solar;
;TES_per_sqm-kWh-Ser-Bld-Thermal-CA;
;TES_per_sqm-kWh-Ser-Bld-Thermal-CA-LPG;
;TES_per_sqm-kWh-Ser-Bld-Thermal-CA-Gas-NG_Biogas;
;TES_per_sqm-kWh-Ser-Bld-Thermal-CA-Biomass-Biomass_Waste;
;TES_per_sqm-kWh-Ser-Bld-Thermal-CA-Elc-Elec;
;EMI_per_sqm-kgCO2-Ser-Bld-Thermal;
;EMI_per_sqm-kgCO2-Ser-Bld-Thermal-SH;
;EMI_per_sqm-kgCO2-Ser-Bld-Thermal-SH-Solids-Solids;
;EMI_per_sqm-kgCO2-Ser-Bld-Thermal-SH-LPG-LPG;
;EMI_per_sqm-kgCO2-Ser-Bld-Thermal-SH-Oil-Oil_LiqBio;
;EMI_per_sqm-kgCO2-Ser-Bld-Thermal-SH-GasHP-NG_Biogas;
;EMI_per_sqm-kgCO2-Ser-Bld-Thermal-SH-GasTH-NG_Biogas;
;EMI_per_sqm-kgCO2-Ser-Bld-Thermal-SH-Biomass-Biomass_Waste;
;EMI_per_sqm-kgCO2-Ser-Bld-Thermal-SH-Geo-Geo;
;EMI_per_sqm-kgCO2-Ser-Bld-Thermal-SH-DistrHeat-Steam_Distr;
;EMI_per_sqm-kgCO2-Ser-Bld-Thermal-SH-AdvElc-Elec;
;EMI_per_sqm-kgCO2-Ser-Bld-Thermal-SH-ConvElc-Elec;
;EMI_per_sqm-kgCO2-Ser-Bld-Thermal-SH-TotalCirculation-Elec;
;EMI_per_sqm-kgCO2-Ser-Bld-Thermal-SC;
;EMI_per_sqm-kgCO2-Ser-Bld-Thermal-SC-GasHP-NG_Biogas;
;EMI_per_sqm-kgCO2-Ser-Bld-Thermal-SC-AC-Elec;
;EMI_per_sqm-kgCO2-Ser-Bld-Thermal-HW;
;EMI_per_sqm-kgCO2-Ser-Bld-Thermal-HW-Solids-Solids;
;EMI_per_sqm-kgCO2-Ser-Bld-Thermal-HW-LPG-LPG;
;EMI_per_sqm-kgCO2-Ser-Bld-Thermal-HW-Oil-Oil_LiqBio;
;EMI_per_sqm-kgCO2-Ser-Bld-Thermal-HW-Gas-NG_Biogas;
;EMI_per_sqm-kgCO2-Ser-Bld-Thermal-HW-Biomass-Biomass_Waste;
;EMI_per_sqm-kgCO2-Ser-Bld-Thermal-HW-DistrHeat-Steam_Distr;
;EMI_per_sqm-kgCO2-Ser-Bld-Thermal-HW-Elc-Elec;
;EMI_per_sqm-kgCO2-Ser-Bld-Thermal-HW-TotalSolar-Solar;
;EMI_per_sqm-kgCO2-Ser-Bld-Thermal-CA;
;EMI_per_sqm-kgCO2-Ser-Bld-Thermal-CA-LPG;
;EMI_per_sqm-kgCO2-Ser-Bld-Thermal-CA-Gas-NG_Biogas;
;EMI_per_sqm-kgCO2-Ser-Bld-Thermal-CA-Biomass-Biomass_Waste;
;EMI_per_sqm-kgCO2-Ser-Bld-Thermal-CA-Elc-Elec;
;NUM-number-Ser-BldNew-Thermal;
;NUM-number-Ser-BldNew-Thermal-SH;
;NUM-number-Ser-BldNew-Thermal-SH-Solids;
;NUM-number-Ser-BldNew-Thermal-SH-LPG;
;NUM-number-Ser-BldNew-Thermal-SH-Oil;
;NUM-number-Ser-BldNew-Thermal-SH-GasHP;
;NUM-number-Ser-BldNew-Thermal-SH-GasTH;
;NUM-number-Ser-BldNew-Thermal-SH-Biomass;
;NUM-number-Ser-BldNew-Thermal-SH-Geo;
;NUM-number-Ser-BldNew-Thermal-SH-DistrHeat;
;NUM-number-Ser-BldNew-Thermal-SH-AdvElc;
;NUM-number-Ser-BldNew-Thermal-SH-ConvElc;
;NUM-number-Ser-BldNew-Thermal-SC;
;NUM-number-Ser-BldNew-Thermal-SC-GasHP;
;NUM-number-Ser-BldNew-Thermal-SC-AC;
;NUM-number-Ser-BldNew-Thermal-HW;
;NUM-number-Ser-BldNew-Thermal-HW-Solids;
;NUM-number-Ser-BldNew-Thermal-HW-LPG;
;NUM-number-Ser-BldNew-Thermal-HW-Oil;
;NUM-number-Ser-BldNew-Thermal-HW-Gas;
;NUM-number-Ser-BldNew-Thermal-HW-Biomass;
;NUM-number-Ser-BldNew-Thermal-HW-DistrHeat;
;NUM-number-Ser-BldNew-Thermal-HW-Elc;
;NUM-number-Ser-BldNew-Thermal-HW-Solar;
;NUM-number-Ser-BldNew-Thermal-CA;
;NUM-number-Ser-BldNew-Thermal-CA-LPG;
;NUM-number-Ser-BldNew-Thermal-CA-Gas;
;NUM-number-Ser-BldNew-Thermal-CA-Biomass;
;NUM-number-Ser-BldNew-Thermal-CA-Elc;
;FEC-ktoe-Ser-BldNew-Thermal;
;FEC-ktoe-Ser-BldNew-Thermal-SH;
;FEC-ktoe-Ser-BldNew-Thermal-SH-Solids-Solids;
;FEC-ktoe-Ser-BldNew-Thermal-SH-LPG-LPG;
;FEC-ktoe-Ser-BldNew-Thermal-SH-Oil-Oil_LiqBio;
;FEC-ktoe-Ser-BldNew-Thermal-SH-GasHP-NG_Biogas;
;FEC-ktoe-Ser-BldNew-Thermal-SH-GasTH-NG_Biogas;
;FEC-ktoe-Ser-BldNew-Thermal-SH-Biomass-Biomass_Waste;
;FEC-ktoe-Ser-BldNew-Thermal-SH-Geo-Geo;
;FEC-ktoe-Ser-BldNew-Thermal-SH-DistrHeat-Steam_Distr;
;FEC-ktoe-Ser-BldNew-Thermal-SH-AdvElc-Elec;
;FEC-ktoe-Ser-BldNew-Thermal-SH-ConvElc-Elec;
;FEC-ktoe-Ser-BldNew-Thermal-SH-TotalCirculation-Elec;
;FEC-ktoe-Ser-BldNew-Thermal-SC;
;FEC-ktoe-Ser-BldNew-Thermal-SC-GasHP-NG_Biogas;
;FEC-ktoe-Ser-BldNew-Thermal-SC-AC-Elec;
;FEC-ktoe-Ser-BldNew-Thermal-HW;
;FEC-ktoe-Ser-BldNew-Thermal-HW-Solids-Solids;
;FEC-ktoe-Ser-BldNew-Thermal-HW-LPG-LPG;
;FEC-ktoe-Ser-BldNew-Thermal-HW-Oil-Oil_LiqBio;
;FEC-ktoe-Ser-BldNew-Thermal-HW-Gas-NG_Biogas;
;FEC-ktoe-Ser-BldNew-Thermal-HW-Biomass-Biomass_Waste;
;FEC-ktoe-Ser-BldNew-Thermal-HW-DistrHeat-Steam_Distr;
;FEC-ktoe-Ser-BldNew-Thermal-HW-Elc-Elec;
;FEC-ktoe-Ser-BldNew-Thermal-HW-TotalSolar-Solar;
;FEC-ktoe-Ser-BldNew-Thermal-CA;
;FEC-ktoe-Ser-BldNew-Thermal-CA-LPG;
;FEC-ktoe-Ser-BldNew-Thermal-CA-Gas-NG_Biogas;
;FEC-ktoe-Ser-BldNew-Thermal-CA-Biomass-Biomass_Waste;
;FEC-ktoe-Ser-BldNew-Thermal-CA-Elc-Elec;
;TES-ktoe-Ser-BldNew-Thermal;
;TES-ktoe-Ser-BldNew-Thermal-SH;
;TES-ktoe-Ser-BldNew-Thermal-SH-Solids-Solids;
;TES-ktoe-Ser-BldNew-Thermal-SH-LPG-LPG;
;TES-ktoe-Ser-BldNew-Thermal-SH-Oil-Oil_LiqBio;
;TES-ktoe-Ser-BldNew-Thermal-SH-GasHP-NG_Biogas;
;TES-ktoe-Ser-BldNew-Thermal-SH-GasTH-NG_Biogas;
;TES-ktoe-Ser-BldNew-Thermal-SH-Biomass-Biomass_Waste;
;TES-ktoe-Ser-BldNew-Thermal-SH-Geo-Geo;
;TES-ktoe-Ser-BldNew-Thermal-SH-DistrHeat-Steam_Distr;
;TES-ktoe-Ser-BldNew-Thermal-SH-AdvElc-Elec;
;TES-ktoe-Ser-BldNew-Thermal-SH-ConvElc-Elec;
;TES-ktoe-Ser-BldNew-Thermal-SH-TotalCirculation-Elec;
;TES-ktoe-Ser-BldNew-Thermal-SC;
;TES-ktoe-Ser-BldNew-Thermal-SC-GasHP-NG_Biogas;
;TES-ktoe-Ser-BldNew-Thermal-SC-AC-Elec;
;TES-ktoe-Ser-BldNew-Thermal-HW;
;TES-ktoe-Ser-BldNew-Thermal-HW-Solids-Solids;
;TES-ktoe-Ser-BldNew-Thermal-HW-LPG-LPG;
;TES-ktoe-Ser-BldNew-Thermal-HW-Oil-Oil_LiqBio;
;TES-ktoe-Ser-BldNew-Thermal-HW-Gas-NG_Biogas;
;TES-ktoe-Ser-BldNew-Thermal-HW-Biomass-Biomass_Waste;
;TES-ktoe-Ser-BldNew-Thermal-HW-DistrHeat-Steam_Distr;
;TES-ktoe-Ser-BldNew-Thermal-HW-Elc-Elec;
;TES-ktoe-Ser-BldNew-Thermal-HW-TotalSolar-Solar;
;TES-ktoe-Ser-BldNew-Thermal-CA;
;TES-ktoe-Ser-BldNew-Thermal-CA-LPG;
;TES-ktoe-Ser-BldNew-Thermal-CA-Gas-NG_Biogas;
;TES-ktoe-Ser-BldNew-Thermal-CA-Biomass-Biomass_Waste;
;TES-ktoe-Ser-BldNew-Thermal-CA-Elc-Elec;
;Eff-ratio-Ser-BldNew-Thermal;
;Eff-ratio-Ser-BldNew-Thermal-SH;
;Eff-ratio-Ser-BldNew-Thermal-SH-Solids-Solids;
;Eff-ratio-Ser-BldNew-Thermal-SH-LPG-LPG;
;Eff-ratio-Ser-BldNew-Thermal-SH-Oil-Oil_LiqBio;
;Eff-ratio-Ser-BldNew-Thermal-SH-GasHP-NG_Biogas;
;Eff-ratio-Ser-BldNew-Thermal-SH-GasTH-NG_Biogas;
;Eff-ratio-Ser-BldNew-Thermal-SH-Biomass-Biomass_Waste;
;Eff-ratio-Ser-BldNew-Thermal-SH-Geo-Geo;
;Eff-ratio-Ser-BldNew-Thermal-SH-DistrHeat-Steam_Distr;
;Eff-ratio-Ser-BldNew-Thermal-SH-AdvElc-Elec;
;Eff-ratio-Ser-BldNew-Thermal-SH-ConvElc-Elec;
;Eff-ratio-Ser-BldNew-Thermal-SH-TotalCirculation-Elec;
;Eff-ratio-Ser-BldNew-Thermal-SC;
;Eff-ratio-Ser-BldNew-Thermal-SC-GasHP-NG_Biogas;
;Eff-ratio-Ser-BldNew-Thermal-SC-AC-Elec;
;Eff-ratio-Ser-BldNew-Thermal-HW;
;Eff-ratio-Ser-BldNew-Thermal-HW-Solids-Solids;
;Eff-ratio-Ser-BldNew-Thermal-HW-LPG-LPG;
;Eff-ratio-Ser-BldNew-Thermal-HW-Oil-Oil_LiqBio;
;Eff-ratio-Ser-BldNew-Thermal-HW-Gas-NG_Biogas;
;Eff-ratio-Ser-BldNew-Thermal-HW-Biomass-Biomass_Waste;
;Eff-ratio-Ser-BldNew-Thermal-HW-DistrHeat-Steam_Distr;
;Eff-ratio-Ser-BldNew-Thermal-HW-Elc-Elec;
;Eff-ratio-Ser-BldNew-Thermal-HW-TotalSolar-Solar;
;Eff-ratio-Ser-BldNew-Thermal-CA;
;Eff-ratio-Ser-BldNew-Thermal-CA-LPG;
;Eff-ratio-Ser-BldNew-Thermal-CA-Gas-NG_Biogas;
;Eff-ratio-Ser-BldNew-Thermal-CA-Biomass-Biomass_Waste;
;Eff-ratio-Ser-BldNew-Thermal-CA-Elc-Elec;
;EMI-ktCO2-Ser-BldNew-Thermal;
;EMI-ktCO2-Ser-BldNew-Thermal-SH;
;EMI-ktCO2-Ser-BldNew-Thermal-SH-Solids-Solids;
;EMI-ktCO2-Ser-BldNew-Thermal-SH-LPG-LPG;
;EMI-ktCO2-Ser-BldNew-Thermal-SH-Oil-Oil_LiqBio;
;EMI-ktCO2-Ser-BldNew-Thermal-SH-GasHP-NG_Biogas;
;EMI-ktCO2-Ser-BldNew-Thermal-SH-GasTH-NG_Biogas;
;EMI-ktCO2-Ser-BldNew-Thermal-SH-Biomass-Biomass_Waste;
;EMI-ktCO2-Ser-BldNew-Thermal-SH-Geo-Geo;
;EMI-ktCO2-Ser-BldNew-Thermal-SH-DistrHeat-Steam_Distr;
;EMI-ktCO2-Ser-BldNew-Thermal-SH-AdvElc-Elec;
;EMI-ktCO2-Ser-BldNew-Thermal-SH-ConvElc-Elec;
;EMI-ktCO2-Ser-BldNew-Thermal-SH-TotalCirculation-Elec;
;EMI-ktCO2-Ser-BldNew-Thermal-SC;
;EMI-ktCO2-Ser-BldNew-Thermal-SC-GasHP-NG_Biogas;
;EMI-ktCO2-Ser-BldNew-Thermal-SC-AC-Elec;
;EMI-ktCO2-Ser-BldNew-Thermal-HW;
;EMI-ktCO2-Ser-BldNew-Thermal-HW-Solids-Solids;
;EMI-ktCO2-Ser-BldNew-Thermal-HW-LPG-LPG;
;EMI-ktCO2-Ser-BldNew-Thermal-HW-Oil-Oil_LiqBio;
;EMI-ktCO2-Ser-BldNew-Thermal-HW-Gas-NG_Biogas;
;EMI-ktCO2-Ser-BldNew-Thermal-HW-Biomass-Biomass_Waste;
;EMI-ktCO2-Ser-BldNew-Thermal-HW-DistrHeat-Steam_Distr;
;EMI-ktCO2-Ser-BldNew-Thermal-HW-Elc-Elec;
;EMI-ktCO2-Ser-BldNew-Thermal-HW-TotalSolar-Solar;
;EMI-ktCO2-Ser-BldNew-Thermal-CA;
;EMI-ktCO2-Ser-BldNew-Thermal-CA-LPG;
;EMI-ktCO2-Ser-BldNew-Thermal-CA-Gas-NG_Biogas;
;EMI-ktCO2-Ser-BldNew-Thermal-CA-Biomass-Biomass_Waste;
;EMI-ktCO2-Ser-BldNew-Thermal-CA-Elc-Elec;
;FEC_per_building-kWh-Ser-BldNew-Thermal;
;FEC_per_building-kWh-Ser-BldNew-Thermal-SH;
;FEC_per_building-kWh-Ser-BldNew-Thermal-SH-Solids-Solids;
;FEC_per_building-kWh-Ser-BldNew-Thermal-SH-LPG-LPG;
;FEC_per_building-kWh-Ser-BldNew-Thermal-SH-Oil-Oil_LiqBio;
;FEC_per_building-kWh-Ser-BldNew-Thermal-SH-GasHP-NG_Biogas;
;FEC_per_building-kWh-Ser-BldNew-Thermal-SH-GasTH-NG_Biogas;
;FEC_per_building-kWh-Ser-BldNew-Thermal-SH-Biomass-Biomass_Waste;
;FEC_per_building-kWh-Ser-BldNew-Thermal-SH-Geo-Geo;
;FEC_per_building-kWh-Ser-BldNew-Thermal-SH-DistrHeat-Steam_Distr;
;FEC_per_building-kWh-Ser-BldNew-Thermal-SH-AdvElc-Elec;
;FEC_per_building-kWh-Ser-BldNew-Thermal-SH-ConvElc-Elec;
;FEC_per_building-kWh-Ser-BldNew-Thermal-SH-TotalCirculation-Elec;
;FEC_per_building-kWh-Ser-BldNew-Thermal-SC;
;FEC_per_building-kWh-Ser-BldNew-Thermal-SC-GasHP-NG_Biogas;
;FEC_per_building-kWh-Ser-BldNew-Thermal-SC-AC-Elec;
;FEC_per_building-kWh-Ser-BldNew-Thermal-HW;
;FEC_per_building-kWh-Ser-BldNew-Thermal-HW-Solids-Solids;
;FEC_per_building-kWh-Ser-BldNew-Thermal-HW-LPG-LPG;
;FEC_per_building-kWh-Ser-BldNew-Thermal-HW-Oil-Oil_LiqBio;
;FEC_per_building-kWh-Ser-BldNew-Thermal-HW-Gas-NG_Biogas;
;FEC_per_building-kWh-Ser-BldNew-Thermal-HW-Biomass-Biomass_Waste;
;FEC_per_building-kWh-Ser-BldNew-Thermal-HW-DistrHeat-Steam_Distr;
;FEC_per_building-kWh-Ser-BldNew-Thermal-HW-Elc-Elec;
;FEC_per_building-kWh-Ser-BldNew-Thermal-HW-TotalSolar-Solar;
;FEC_per_building-kWh-Ser-BldNew-Thermal-CA;
;FEC_per_building-kWh-Ser-BldNew-Thermal-CA-LPG;
;FEC_per_building-kWh-Ser-BldNew-Thermal-CA-Gas-NG_Biogas;
;FEC_per_building-kWh-Ser-BldNew-Thermal-CA-Biomass-Biomass_Waste;
;FEC_per_building-kWh-Ser-BldNew-Thermal-CA-Elc-Elec;
;TES_per_building-kWh-Ser-BldNew-Thermal;
;TES_per_building-kWh-Ser-BldNew-Thermal-SH;
;TES_per_building-kWh-Ser-BldNew-Thermal-SH-Solids-Solids;
;TES_per_building-kWh-Ser-BldNew-Thermal-SH-LPG-LPG;
;TES_per_building-kWh-Ser-BldNew-Thermal-SH-Oil-Oil_LiqBio;
;TES_per_building-kWh-Ser-BldNew-Thermal-SH-GasHP-NG_Biogas;
;TES_per_building-kWh-Ser-BldNew-Thermal-SH-GasTH-NG_Biogas;
;TES_per_building-kWh-Ser-BldNew-Thermal-SH-Biomass-Biomass_Waste;
;TES_per_building-kWh-Ser-BldNew-Thermal-SH-Geo-Geo;
;TES_per_building-kWh-Ser-BldNew-Thermal-SH-DistrHeat-Steam_Distr;
;TES_per_building-kWh-Ser-BldNew-Thermal-SH-AdvElc-Elec;
;TES_per_building-kWh-Ser-BldNew-Thermal-SH-ConvElc-Elec;
;TES_per_building-kWh-Ser-BldNew-Thermal-SH-TotalCirculation-Elec;
;TES_per_building-kWh-Ser-BldNew-Thermal-SC;
;TES_per_building-kWh-Ser-BldNew-Thermal-SC-GasHP-NG_Biogas;
;TES_per_building-kWh-Ser-BldNew-Thermal-SC-AC-Elec;
;TES_per_building-kWh-Ser-BldNew-Thermal-HW;
;TES_per_building-kWh-Ser-BldNew-Thermal-HW-Solids-Solids;
;TES_per_building-kWh-Ser-BldNew-Thermal-HW-LPG-LPG;
;TES_per_building-kWh-Ser-BldNew-Thermal-HW-Oil-Oil_LiqBio;
;TES_per_building-kWh-Ser-BldNew-Thermal-HW-Gas-NG_Biogas;
;TES_per_building-kWh-Ser-BldNew-Thermal-HW-Biomass-Biomass_Waste;
;TES_per_building-kWh-Ser-BldNew-Thermal-HW-DistrHeat-Steam_Distr;
;TES_per_building-kWh-Ser-BldNew-Thermal-HW-Elc-Elec;
;TES_per_building-kWh-Ser-BldNew-Thermal-HW-TotalSolar-Solar;
;TES_per_building-kWh-Ser-BldNew-Thermal-CA;
;TES_per_building-kWh-Ser-BldNew-Thermal-CA-LPG;
;TES_per_building-kWh-Ser-BldNew-Thermal-CA-Gas-NG_Biogas;
;TES_per_building-kWh-Ser-BldNew-Thermal-CA-Biomass-Biomass_Waste;
;TES_per_building-kWh-Ser-BldNew-Thermal-CA-Elc-Elec;
;EMI_per_building-kgCO2-Ser-BldNew-Thermal;
;EMI_per_building-kgCO2-Ser-BldNew-Thermal-SH;
;EMI_per_building-kgCO2-Ser-BldNew-Thermal-SH-Solids-Solids;
;EMI_per_building-kgCO2-Ser-BldNew-Thermal-SH-LPG-LPG;
;EMI_per_building-kgCO2-Ser-BldNew-Thermal-SH-Oil-Oil_LiqBio;
;EMI_per_building-kgCO2-Ser-BldNew-Thermal-SH-GasHP-NG_Biogas;
;EMI_per_building-kgCO2-Ser-BldNew-Thermal-SH-GasTH-NG_Biogas;
;EMI_per_building-kgCO2-Ser-BldNew-Thermal-SH-Biomass-Biomass_Waste;
;EMI_per_building-kgCO2-Ser-BldNew-Thermal-SH-Geo-Geo;
;EMI_per_building-kgCO2-Ser-BldNew-Thermal-SH-DistrHeat-Steam_Distr;
;EMI_per_building-kgCO2-Ser-BldNew-Thermal-SH-AdvElc-Elec;
;EMI_per_building-kgCO2-Ser-BldNew-Thermal-SH-ConvElc-Elec;
;EMI_per_building-kgCO2-Ser-BldNew-Thermal-SH-TotalCirculation-Elec;
;EMI_per_building-kgCO2-Ser-BldNew-Thermal-SC;
;EMI_per_building-kgCO2-Ser-BldNew-Thermal-SC-GasHP-NG_Biogas;
;EMI_per_building-kgCO2-Ser-BldNew-Thermal-SC-AC-Elec;
;EMI_per_building-kgCO2-Ser-BldNew-Thermal-HW;
;EMI_per_building-kgCO2-Ser-BldNew-Thermal-HW-Solids-Solids;
;EMI_per_building-kgCO2-Ser-BldNew-Thermal-HW-LPG-LPG;
;EMI_per_building-kgCO2-Ser-BldNew-Thermal-HW-Oil-Oil_LiqBio;
;EMI_per_building-kgCO2-Ser-BldNew-Thermal-HW-Gas-NG_Biogas;
;EMI_per_building-kgCO2-Ser-BldNew-Thermal-HW-Biomass-Biomass_Waste;
;EMI_per_building-kgCO2-Ser-BldNew-Thermal-HW-DistrHeat-Steam_Distr;
;EMI_per_building-kgCO2-Ser-BldNew-Thermal-HW-Elc-Elec;
;EMI_per_building-kgCO2-Ser-BldNew-Thermal-HW-TotalSolar-Solar;
;EMI_per_building-kgCO2-Ser-BldNew-Thermal-CA;
;EMI_per_building-kgCO2-Ser-BldNew-Thermal-CA-LPG;
;EMI_per_building-kgCO2-Ser-BldNew-Thermal-CA-Gas-NG_Biogas;
;EMI_per_building-kgCO2-Ser-BldNew-Thermal-CA-Biomass-Biomass_Waste;
;EMI_per_building-kgCO2-Ser-BldNew-Thermal-CA-Elc-Elec;
;FEC_per_sqm-kWh-Ser-BldNew-Thermal;
;FEC_per_sqm-kWh-Ser-BldNew-Thermal-SH;
;FEC_per_sqm-kWh-Ser-BldNew-Thermal-SH-Solids-Solids;
;FEC_per_sqm-kWh-Ser-BldNew-Thermal-SH-LPG-LPG;
;FEC_per_sqm-kWh-Ser-BldNew-Thermal-SH-Oil-Oil_LiqBio;
;FEC_per_sqm-kWh-Ser-BldNew-Thermal-SH-GasHP-NG_Biogas;
;FEC_per_sqm-kWh-Ser-BldNew-Thermal-SH-GasTH-NG_Biogas;
;FEC_per_sqm-kWh-Ser-BldNew-Thermal-SH-Biomass-Biomass_Waste;
;FEC_per_sqm-kWh-Ser-BldNew-Thermal-SH-Geo-Geo;
;FEC_per_sqm-kWh-Ser-BldNew-Thermal-SH-DistrHeat-Steam_Distr;
;FEC_per_sqm-kWh-Ser-BldNew-Thermal-SH-AdvElc-Elec;
;FEC_per_sqm-kWh-Ser-BldNew-Thermal-SH-ConvElc-Elec;
;FEC_per_sqm-kWh-Ser-BldNew-Thermal-SH-TotalCirculation-Elec;
;FEC_per_sqm-kWh-Ser-BldNew-Thermal-SC;
;FEC_per_sqm-kWh-Ser-BldNew-Thermal-SC-GasHP-NG_Biogas;
;FEC_per_sqm-kWh-Ser-BldNew-Thermal-SC-AC-Elec;
;FEC_per_sqm-kWh-Ser-BldNew-Thermal-HW;
;FEC_per_sqm-kWh-Ser-BldNew-Thermal-HW-Solids-Solids;
;FEC_per_sqm-kWh-Ser-BldNew-Thermal-HW-LPG-LPG;
;FEC_per_sqm-kWh-Ser-BldNew-Thermal-HW-Oil-Oil_LiqBio;
;FEC_per_sqm-kWh-Ser-BldNew-Thermal-HW-Gas-NG_Biogas;
;FEC_per_sqm-kWh-Ser-BldNew-Thermal-HW-Biomass-Biomass_Waste;
;FEC_per_sqm-kWh-Ser-BldNew-Thermal-HW-DistrHeat-Steam_Distr;
;FEC_per_sqm-kWh-Ser-BldNew-Thermal-HW-Elc-Elec;
;FEC_per_sqm-kWh-Ser-BldNew-Thermal-HW-TotalSolar-Solar;
;FEC_per_sqm-kWh-Ser-BldNew-Thermal-CA;
;FEC_per_sqm-kWh-Ser-BldNew-Thermal-CA-LPG;
;FEC_per_sqm-kWh-Ser-BldNew-Thermal-CA-Gas-NG_Biogas;
;FEC_per_sqm-kWh-Ser-BldNew-Thermal-CA-Biomass-Biomass_Waste;
;FEC_per_sqm-kWh-Ser-BldNew-Thermal-CA-Elc-Elec;
;TES_per_sqm-kWh-Ser-BldNew-Thermal;
;TES_per_sqm-kWh-Ser-BldNew-Thermal-SH;
;TES_per_sqm-kWh-Ser-BldNew-Thermal-SH-Solids-Solids;
;TES_per_sqm-kWh-Ser-BldNew-Thermal-SH-LPG-LPG;
;TES_per_sqm-kWh-Ser-BldNew-Thermal-SH-Oil-Oil_LiqBio;
;TES_per_sqm-kWh-Ser-BldNew-Thermal-SH-GasHP-NG_Biogas;
;TES_per_sqm-kWh-Ser-BldNew-Thermal-SH-GasTH-NG_Biogas;
;TES_per_sqm-kWh-Ser-BldNew-Thermal-SH-Biomass-Biomass_Waste;
;TES_per_sqm-kWh-Ser-BldNew-Thermal-SH-Geo-Geo;
;TES_per_sqm-kWh-Ser-BldNew-Thermal-SH-DistrHeat-Steam_Distr;
;TES_per_sqm-kWh-Ser-BldNew-Thermal-SH-AdvElc-Elec;
;TES_per_sqm-kWh-Ser-BldNew-Thermal-SH-ConvElc-Elec;
;TES_per_sqm-kWh-Ser-BldNew-Thermal-SH-TotalCirculation-Elec;
;TES_per_sqm-kWh-Ser-BldNew-Thermal-SC;
;TES_per_sqm-kWh-Ser-BldNew-Thermal-SC-GasHP-NG_Biogas;
;TES_per_sqm-kWh-Ser-BldNew-Thermal-SC-AC-Elec;
;TES_per_sqm-kWh-Ser-BldNew-Thermal-HW;
;TES_per_sqm-kWh-Ser-BldNew-Thermal-HW-Solids-Solids;
;TES_per_sqm-kWh-Ser-BldNew-Thermal-HW-LPG-LPG;
;TES_per_sqm-kWh-Ser-BldNew-Thermal-HW-Oil-Oil_LiqBio;
;TES_per_sqm-kWh-Ser-BldNew-Thermal-HW-Gas-NG_Biogas;
;TES_per_sqm-kWh-Ser-BldNew-Thermal-HW-Biomass-Biomass_Waste;
;TES_per_sqm-kWh-Ser-BldNew-Thermal-HW-DistrHeat-Steam_Distr;
;TES_per_sqm-kWh-Ser-BldNew-Thermal-HW-Elc-Elec;
;TES_per_sqm-kWh-Ser-BldNew-Thermal-HW-TotalSolar-Solar;
;TES_per_sqm-kWh-Ser-BldNew-Thermal-CA;
;TES_per_sqm-kWh-Ser-BldNew-Thermal-CA-LPG;
;TES_per_sqm-kWh-Ser-BldNew-Thermal-CA-Gas-NG_Biogas;
;TES_per_sqm-kWh-Ser-BldNew-Thermal-CA-Biomass-Biomass_Waste;
;TES_per_sqm-kWh-Ser-BldNew-Thermal-CA-Elc-Elec;
;EMI_per_sqm-kgCO2-Ser-BldNew-Thermal;
;EMI_per_sqm-kgCO2-Ser-BldNew-Thermal-SH;
;EMI_per_sqm-kgCO2-Ser-BldNew-Thermal-SH-Solids-Solids;
;EMI_per_sqm-kgCO2-Ser-BldNew-Thermal-SH-LPG-LPG;
;EMI_per_sqm-kgCO2-Ser-BldNew-Thermal-SH-Oil-Oil_LiqBio;
;EMI_per_sqm-kgCO2-Ser-BldNew-Thermal-SH-GasHP-NG_Biogas;
;EMI_per_sqm-kgCO2-Ser-BldNew-Thermal-SH-GasTH-NG_Biogas;
;EMI_per_sqm-kgCO2-Ser-BldNew-Thermal-SH-Biomass-Biomass_Waste;
;EMI_per_sqm-kgCO2-Ser-BldNew-Thermal-SH-Geo-Geo;
;EMI_per_sqm-kgCO2-Ser-BldNew-Thermal-SH-DistrHeat-Steam_Distr;
;EMI_per_sqm-kgCO2-Ser-BldNew-Thermal-SH-AdvElc-Elec;
;EMI_per_sqm-kgCO2-Ser-BldNew-Thermal-SH-ConvElc-Elec;
;EMI_per_sqm-kgCO2-Ser-BldNew-Thermal-SH-TotalCirculation-Elec;
;EMI_per_sqm-kgCO2-Ser-BldNew-Thermal-SC;
;EMI_per_sqm-kgCO2-Ser-BldNew-Thermal-SC-GasHP-NG_Biogas;
;EMI_per_sqm-kgCO2-Ser-BldNew-Thermal-SC-AC-Elec;
;EMI_per_sqm-kgCO2-Ser-BldNew-Thermal-HW;
;EMI_per_sqm-kgCO2-Ser-BldNew-Thermal-HW-Solids-Solids;
;EMI_per_sqm-kgCO2-Ser-BldNew-Thermal-HW-LPG-LPG;
;EMI_per_sqm-kgCO2-Ser-BldNew-Thermal-HW-Oil-Oil_LiqBio;
;EMI_per_sqm-kgCO2-Ser-BldNew-Thermal-HW-Gas-NG_Biogas;
;EMI_per_sqm-kgCO2-Ser-BldNew-Thermal-HW-Biomass-Biomass_Waste;
;EMI_per_sqm-kgCO2-Ser-BldNew-Thermal-HW-DistrHeat-Steam_Distr;
;EMI_per_sqm-kgCO2-Ser-BldNew-Thermal-HW-Elc-Elec;
;EMI_per_sqm-kgCO2-Ser-BldNew-Thermal-HW-TotalSolar-Solar;
;EMI_per_sqm-kgCO2-Ser-BldNew-Thermal-CA;
;EMI_per_sqm-kgCO2-Ser-BldNew-Thermal-CA-LPG;
;EMI_per_sqm-kgCO2-Ser-BldNew-Thermal-CA-Gas-NG_Biogas;
;EMI_per_sqm-kgCO2-Ser-BldNew-Thermal-CA-Biomass-Biomass_Waste;
;EMI_per_sqm-kgCO2-Ser-BldNew-Thermal-CA-Elc-Elec;
;FEC-ktoe-Ser-SEU-VE;
;FEC-ktoe-Ser-SEU-SL;
;FEC-ktoe-Ser-SEU-BL;
;FEC-ktoe-Ser-SEU-CR;
;FEC-ktoe-Ser-SEU-BT;
;FEC-ktoe-Ser-SEU-IT;
;Size-MW-Ser-SEU;
;Size-MW-Ser-SEU-VE;
;Size-MW-Ser-SEU-SL;
;Size-MW-Ser-SEU-BL;
;Size-MW-Ser-SEU-CR;
;Size-MW-Ser-SEU-BT;
;Size-MW-Ser-SEU-IT;
;NUM-Msqm-Ser-SEU-VE;
;NUM-k-Ser-SEU-SL;
;NUM-M-Ser-SEU-BL;
;NUM-k-Ser-SEU-CR;
;NUM-Msqm-Ser-SEU-BT;
;NUM-k-Ser-SEU-IT;
;NUM-Msqm-Ser-SEUnew-VE;
;NUM-k-Ser-SEUnew-SL;
;NUM-M-Ser-SEUnew-BL;
;NUM-k-Ser-SEUnew-CR;
;NUM-Msqm-Ser-SEUnew-BT;
;NUM-k-Ser-SEUnew-IT;
;NUM-Msqm-Ser-SEUrepl-VE;
;NUM-k-Ser-SEUrepl-SL;
;NUM-M-Ser-SEUrepl-BL;
;NUM-k-Ser-SEUrepl-CR;
;NUM-Msqm-Ser-SEUrepl-BT;
;NUM-k-Ser-SEUrepl-IT;
;Op-hours-Ser-SEU-VE;
;Op-hours-Ser-SEU-SL;
;Op-hours-Ser-SEU-BL;
;Op-hours-Ser-SEU-CR;
;Op-hours-Ser-SEU-BT;
;Op-hours-Ser-SEU-IT;
;Size_per_appl-W-Ser-SEU-VE;
;Size_per_appl-W-Ser-SEU-SL;
;Size_per_appl-W-Ser-SEU-BL;
;Size_per_appl-W-Ser-SEU-CR;
;Size_per_appl-W-Ser-SEU-BT;
;Size_per_appl-W-Ser-SEU-IT;
;Size_per_appl-W-Ser-SEUnew-VE;
;Size_per_appl-W-Ser-SEUnew-SL;
;Size_per_appl-W-Ser-SEUnew-BL;
;Size_per_appl-W-Ser-SEUnew-CR;
;Size_per_appl-W-Ser-SEUnew-BT;
;Size_per_appl-W-Ser-SEUnew-IT;
;NUM-sqm_per_building-Ser-SEU-VE;
;NUM-number_per_capita-Ser-SEU-SL;
;NUM-number_per_building-Ser-SEU-BL;
;NUM-number_per_capita-Ser-SEU-CR;
;NUM-sqm_per_building-Ser-SEU-BT;
;NUM-number_per_capita-Ser-SEU-IT;
;Lumens_per_sqm-lumen-Ser-SEU-BL;
;VA-Meuro2015-AGR-AGR;
;OUTPUT-index-AGR-AGR;
;CAP-index-AGR-AGR;
;NEWCAP-index-AGR-AGR;
;CAPOUT-index-AGR-AGR;
;CAPIDLE-index-AGR-AGR;
;FEC-ktoe-ES-AGR;
;FEC-ktoe-ES-AGR-Solids;
;FEC-ktoe-ES-AGR-LPG;
;FEC-ktoe-ES-AGR-Diesel;
;FEC-ktoe-ES-AGR-RFO;
;FEC-ktoe-ES-AGR-NG;
;FEC-ktoe-ES-AGR-Biomass_Waste;
;FEC-ktoe-ES-AGR-Biogas;
;FEC-ktoe-ES-AGR-LiqBio;
;FEC-ktoe-ES-AGR-Solar;
;FEC-ktoe-ES-AGR-Geo;
;FEC-ktoe-ES-AGR-Ambient;
;FEC-ktoe-ES-AGR-Steam_Distr;
;FEC-ktoe-ES-AGR-Elec;
;FEC-ktoe-AGR-AGR-LIGHT-GENERIC-ELEC;
;FEC-ktoe-AGR-AGR-FANS-GENERIC-ELEC;
;FEC-ktoe-AGR-AGR-MOTOR-GENERIC-ELEC;
;FEC-ktoe-AGR-AGR-LOW_ENTH-THERM-DIESEL_LIQBIO;
;FEC-ktoe-AGR-AGR-LOW_ENTH-THERM-NG_BIOGAS;
;FEC-ktoe-AGR-AGR-LOW_ENTH-THERM-SOLAR_GEO;
;FEC-ktoe-AGR-AGR-LOW_ENTH-HP-AMBIENT;
;FEC-ktoe-AGR-AGR-LOW_ENTH-THERM-STEAM_DISTR;
;FEC-ktoe-AGR-AGR-LOW_ENTH-THERM-ELEC;
;FEC-ktoe-AGR-AGR-FARM_DRIVES-MECH-DIESEL_LIQBIO;
;FEC-ktoe-AGR-AGR-HEAT_USE-THERM-SOLIDS;
;FEC-ktoe-AGR-AGR-HEAT_USE-THERM-LPG;
;FEC-ktoe-AGR-AGR-HEAT_USE-THERM-DIESEL_LIQBIO;
;FEC-ktoe-AGR-AGR-HEAT_USE-THERM-RFO;
;FEC-ktoe-AGR-AGR-HEAT_USE-THERM-NG_BIOGAS;
;FEC-ktoe-AGR-AGR-HEAT_USE-THERM-BIOMASS_WASTE;
;FEC-ktoe-AGR-AGR-HEAT_USE-THERM-SOLAR_GEO;
;FEC-ktoe-AGR-AGR-FARM_PUMP-MECH-DIESEL_LIQBIO;
;FEC-ktoe-AGR-AGR-FARM_PUMP_ELEC-MECH-ELEC;
;FEC-ktoe-AGR-AGR-GENERIC-MECH-ELEC;
;UED-ktoe-AGR-AGR-LIGHT-GENERIC-ELEC;
;UED-ktoe-AGR-AGR-FANS-GENERIC-ELEC;
;UED-ktoe-AGR-AGR-MOTOR-GENERIC-ELEC;
;UED-ktoe-AGR-AGR-LOW_ENTH-THERM-DIESEL_LIQBIO;
;UED-ktoe-AGR-AGR-LOW_ENTH-THERM-NG_BIOGAS;
;UED-ktoe-AGR-AGR-LOW_ENTH-THERM-SOLAR_GEO;
;UED-ktoe-AGR-AGR-LOW_ENTH-HP-AMBIENT;
;UED-ktoe-AGR-AGR-LOW_ENTH-THERM-STEAM_DISTR;
;UED-ktoe-AGR-AGR-LOW_ENTH-THERM-ELEC;
;UED-ktoe-AGR-AGR-FARM_DRIVES-MECH-DIESEL_LIQBIO;
;UED-ktoe-AGR-AGR-HEAT_USE-THERM-SOLIDS;
;UED-ktoe-AGR-AGR-HEAT_USE-THERM-LPG;
;UED-ktoe-AGR-AGR-HEAT_USE-THERM-DIESEL_LIQBIO;
;UED-ktoe-AGR-AGR-HEAT_USE-THERM-RFO;
;UED-ktoe-AGR-AGR-HEAT_USE-THERM-NG_BIOGAS;
;UED-ktoe-AGR-AGR-HEAT_USE-THERM-BIOMASS_WASTE;
;UED-ktoe-AGR-AGR-HEAT_USE-THERM-SOLAR_GEO;
;UED-ktoe-AGR-AGR-FARM_PUMP-MECH-DIESEL_LIQBIO;
;UED-ktoe-AGR-AGR-FARM_PUMP_ELEC-MECH-ELEC;
;UED-ktoe-AGR-AGR-GENERIC-MECH-ELEC;
;FUEL_EMI-ktCO2-AGR-AGR-LIGHT-GENERIC-ELEC;
;FUEL_EMI-ktCO2-AGR-AGR-FANS-GENERIC-ELEC;
;FUEL_EMI-ktCO2-AGR-AGR-MOTOR-GENERIC-ELEC;
;FUEL_EMI-ktCO2-AGR-AGR-LOW_ENTH-THERM-DIESEL_LIQBIO;
;FUEL_EMI-ktCO2-AGR-AGR-LOW_ENTH-THERM-NG_BIOGAS;
;FUEL_EMI-ktCO2-AGR-AGR-LOW_ENTH-THERM-SOLAR_GEO;
;FUEL_EMI-ktCO2-AGR-AGR-LOW_ENTH-HP-AMBIENT;
;FUEL_EMI-ktCO2-AGR-AGR-LOW_ENTH-THERM-STEAM_DISTR;
;FUEL_EMI-ktCO2-AGR-AGR-LOW_ENTH-THERM-ELEC;
;FUEL_EMI-ktCO2-AGR-AGR-FARM_DRIVES-MECH-DIESEL_LIQBIO;
;FUEL_EMI-ktCO2-AGR-AGR-HEAT_USE-THERM-SOLIDS;
;FUEL_EMI-ktCO2-AGR-AGR-HEAT_USE-THERM-LPG;
;FUEL_EMI-ktCO2-AGR-AGR-HEAT_USE-THERM-DIESEL_LIQBIO;
;FUEL_EMI-ktCO2-AGR-AGR-HEAT_USE-THERM-RFO;
;FUEL_EMI-ktCO2-AGR-AGR-HEAT_USE-THERM-NG_BIOGAS;
;FUEL_EMI-ktCO2-AGR-AGR-HEAT_USE-THERM-BIOMASS_WASTE;
;FUEL_EMI-ktCO2-AGR-AGR-HEAT_USE-THERM-SOLAR_GEO;
;FUEL_EMI-ktCO2-AGR-AGR-FARM_PUMP-MECH-DIESEL_LIQBIO;
;FUEL_EMI-ktCO2-AGR-AGR-FARM_PUMP_ELEC-MECH-ELEC;
;FUEL_EMI-ktCO2-AGR-AGR-GENERIC-MECH-ELEC;
